# Blender 5.0.1
# www.blender.org
mtllib trench_rock01_LOD1.mtl
o ydzlfb1_LOD0_TIER2_000
v 0.045292 0.041228 -0.053406
v 0.047046 0.030839 0.068875
v -0.222986 0.009464 -0.008464
v 0.057865 0.070504 -0.041284
v -0.009538 0.045432 0.000207
v 0.117309 0.040771 -0.050584
v 0.093207 0.123275 -0.010346
v 0.021143 0.058771 -0.020568
v 0.216262 0.080972 -0.009461
v 0.180447 0.020856 -0.062126
v 0.229216 0.020551 0.034449
v 0.066179 0.061339 -0.056587
v 0.006940 0.004558 -0.127485
v 0.127869 0.071102 0.072643
v -0.054709 0.032599 -0.100961
v 0.122343 0.030419 -0.062396
v -0.006313 0.047644 -0.015300
v 0.062323 0.083747 0.059200
v 0.015045 0.046277 -0.008114
v 0.133924 -0.000629 0.118469
v 0.175770 0.091122 0.038442
v 0.000881 0.034061 -0.104895
v -0.185802 0.018765 -0.016454
v 0.202756 0.099935 -0.009329
v -0.055509 0.027369 -0.122264
v -0.013596 0.006295 0.022851
v -0.186091 0.016210 -0.028292
v 0.103836 0.065343 -0.037265
v 0.037482 0.059171 -0.027188
v 0.198746 0.071750 -0.021136
v -0.124696 -0.000674 0.064012
v -0.008218 0.040810 -0.091635
v 0.168029 0.076729 0.080345
v 0.017841 0.022371 -0.009816
v 0.142533 -0.000629 -0.084556
v 0.165744 0.085852 -0.008359
v 0.190167 0.056522 -0.039908
v -0.005939 0.051717 -0.079526
v -0.159493 -0.000618 -0.075088
v 0.020383 0.060320 0.015244
v 0.075214 0.039040 0.085617
v 0.147375 0.104991 -0.020604
v 0.107707 0.039605 -0.066382
v -0.005352 0.013585 0.020799
v -0.091131 0.006594 -0.079392
v -0.015006 0.038813 0.018725
v 0.206898 -0.000625 -0.051395
v 0.178781 0.069816 -0.021959
v 0.193856 0.025422 -0.058056
v 0.172249 0.092942 0.017891
v 0.147597 0.114352 0.019884
v 0.221628 -0.000629 -0.040664
v -0.161537 -0.000403 0.063356
v 0.079093 0.112040 0.013960
v -0.174151 0.010647 -0.042385
v 0.044822 0.024909 -0.068345
v 0.064121 0.008082 -0.109850
v 0.119852 0.114554 -0.001044
v 0.108383 0.058399 -0.040254
v 0.058253 0.078239 -0.043538
v -0.218337 -0.000631 -0.026978
v 0.232990 0.033260 -0.008965
v -0.069250 0.010550 -0.102253
v 0.141063 0.091308 -0.025043
v -0.012765 0.051868 -0.067503
v 0.218783 0.065088 -0.002021
v 0.207976 0.085646 -0.021186
v 0.134910 0.027435 0.084901
v -0.015668 0.020245 0.018462
v 0.094204 0.041540 -0.054808
v 0.209020 0.073364 -0.007573
v -0.140432 0.030465 0.025996
v 0.147610 0.056944 -0.020999
v 0.115755 0.050247 0.072900
v 0.056957 0.095452 0.017257
v -0.176467 0.014736 -0.057948
v 0.083226 0.132370 -0.019531
v 0.215915 0.036411 0.049729
v 0.035218 0.077073 -0.025856
v -0.162745 0.046788 0.002376
v 0.159663 0.023009 0.087330
v 0.100592 -0.000629 0.126954
v -0.223869 0.023738 0.019642
v -0.102849 0.028931 0.021238
v 0.115701 0.048343 0.087327
v 0.061561 0.047558 0.084200
v -0.100961 -0.000701 -0.100818
v 0.189874 0.078938 0.050634
v 0.004620 0.037442 -0.005272
v 0.221677 0.060957 0.006940
v 0.156915 0.007406 0.095951
v 0.069846 0.008499 -0.107329
v -0.049422 0.026987 0.030700
v 0.073804 0.053697 -0.052546
v -0.153911 0.030024 0.001911
v 0.199709 0.076749 0.049520
v 0.229624 0.015428 -0.012580
v -0.093890 0.006680 0.046995
v -0.044831 0.044690 0.012746
v 0.162068 0.049285 0.096360
v 0.095173 0.004349 -0.114240
v -0.029271 0.045846 -0.091894
v -0.071173 0.024081 0.008164
v 0.183845 0.094337 0.050313
v -0.162694 0.016425 -0.040215
v 0.143052 0.016032 -0.062464
v -0.054073 0.045157 -0.082792
v 0.058620 0.054937 0.061762
v -0.209251 0.021519 -0.015579
v 0.216490 0.014038 -0.045219
v 0.214082 0.024689 0.054847
v -0.028700 0.012683 0.063005
v -0.133001 0.006094 0.053699
v -0.050904 0.056285 -0.009092
v 0.035157 0.076293 -0.011348
v 0.026711 0.014311 0.078517
v 0.103821 0.104906 -0.028486
v -0.156927 0.016011 0.027563
v -0.089445 0.001814 0.051141
v -0.233897 0.004142 0.009993
v 0.131299 0.106620 0.026490
v -0.108067 0.004285 -0.082454
v 0.103274 0.006504 -0.094369
v -0.137030 0.003573 -0.063695
v -0.061094 0.028511 0.007385
v -0.053624 0.005452 0.031238
v 0.051862 -0.001068 -0.124598
v 0.120932 0.071012 -0.038253
v -0.047622 0.034440 0.016997
v -0.118281 0.050212 0.003786
v -0.175283 0.010671 0.047567
v -0.091169 0.048832 0.015626
v -0.087621 -0.000342 -0.107734
v 0.143470 0.023677 -0.061332
v 0.132843 0.015276 -0.064454
v 0.138450 0.016492 0.079226
v 0.018781 0.018862 0.053800
v 0.165100 0.082541 0.067970
v -0.113643 0.005670 0.049337
v 0.097243 0.098759 0.018333
v 0.061669 0.105704 -0.033479
v -0.073445 0.025981 0.003900
v -0.201517 -0.000470 0.043272
v 0.159879 0.098228 -0.006582
v 0.046141 0.059975 0.037693
v 0.057643 0.110034 -0.007650
v 0.145331 0.058983 0.090554
v 0.191630 0.083028 -0.024742
v 0.096687 0.056165 -0.049944
v 0.065374 0.110040 -0.003857
v 0.088093 0.070399 -0.040676
v 0.153544 0.015326 0.089666
v 0.181601 0.042767 0.077613
v 0.084360 0.117566 -0.000566
v 0.201784 0.072913 0.012792
v -0.025847 0.043276 -0.102995
v -0.026630 0.012794 0.033906
v 0.229983 -0.000656 -0.009828
v -0.142523 -0.000348 -0.078539
v 0.011430 0.037974 -0.073086
v -0.206438 -0.000495 -0.042069
v 0.000215 0.009353 0.027985
v 0.224426 0.046106 -0.014553
v 0.000893 0.012844 0.036937
v 0.179601 0.086937 -0.016280
v 0.229979 0.032524 -0.018996
v -0.074512 0.038722 -0.053099
v 0.094065 0.088034 0.050338
v -0.041096 0.031273 0.037342
v 0.046580 0.072048 0.056271
v 0.144226 0.097795 0.040676
v 0.123907 0.049478 0.094338
v 0.068602 0.002415 -0.098719
v 0.200021 0.019369 0.080624
v 0.043270 0.010575 -0.096731
v 0.179970 -0.000629 0.090232
v -0.143584 0.009271 0.031837
v 0.002415 0.006332 0.058323
v -0.084548 0.053612 0.005056
v 0.214314 0.039923 -0.043208
v 0.103163 -0.000629 -0.111164
v -0.177544 0.034323 0.033294
v -0.234511 -0.000633 0.009282
v 0.068434 0.082677 -0.021182
v -0.065230 0.010553 0.040671
v 0.020946 0.023027 0.026021
v 0.037178 0.014237 -0.105783
v 0.014177 0.058513 0.001225
v 0.007839 0.022593 -0.122588
v 0.054412 0.067271 0.059774
v 0.206823 0.067761 0.024805
v 0.101883 0.020884 0.110490
v -0.082437 0.010376 -0.086393
v 0.027267 0.075258 -0.021571
v 0.024349 0.006543 0.078584
v -0.046415 0.041500 -0.055596
v 0.132711 0.066074 0.061208
v -0.054665 0.010916 0.064042
v 0.033353 0.005998 -0.112091
v 0.081934 0.125281 -0.024133
v 0.081312 0.005495 -0.120658
v 0.075436 0.130933 -0.018366
v 0.026820 0.014246 -0.106133
v -0.086317 0.031339 -0.077826
v 0.057003 0.002402 -0.118996
v 0.052625 0.084406 0.006738
v -0.003792 -0.000581 -0.143587
v 0.205304 -0.000596 0.064217
v 0.119328 0.106058 0.035639
v 0.201026 0.078402 0.024386
v 0.177643 0.054492 -0.036358
v 0.091521 0.076750 -0.031044
v -0.211567 0.020393 0.006615
v -0.070621 0.010672 0.042497
v 0.220544 -0.000654 0.042225
v -0.120632 0.049729 -0.005567
v -0.021322 0.007553 0.026146
v 0.050153 0.067822 0.034030
v -0.122175 0.026110 0.027079
v 0.053151 0.072178 -0.046771
v 0.037542 0.006298 0.103399
v -0.025637 0.036769 -0.115056
v 0.168221 0.088380 0.037872
v -0.222231 0.005485 0.021982
v -0.154051 0.021707 0.022882
v 0.028445 0.006076 0.092145
v -0.163543 0.030072 0.030735
v 0.086276 0.114001 -0.029477
v -0.099049 0.024476 -0.059904
v 0.001426 0.042195 -0.066516
v 0.135433 0.051792 0.096214
v 0.169711 0.079840 0.053772
v 0.081774 0.066023 -0.045247
v 0.141380 0.031715 0.096135
v -0.132884 0.041685 0.003649
v 0.185584 0.081606 0.057832
v 0.084257 0.096005 0.014719
v 0.205783 0.018478 0.072417
v 0.047542 0.013901 0.084487
v 0.069971 0.111174 0.000172
v -0.128762 0.033818 0.022985
v -0.134376 0.005504 0.026451
v 0.173647 0.077559 0.082174
v -0.051551 0.036033 -0.114743
v 0.175320 0.026601 0.085941
v -0.197899 -0.000629 0.045217
v 0.170592 0.045430 -0.051409
v 0.035318 0.013505 -0.086134
v 0.214157 0.084979 -0.011034
v 0.048662 0.043948 -0.064378
v 0.037702 0.029004 -0.065368
v -0.190225 -0.000629 0.053661
v 0.024244 0.024509 0.020239
v -0.103559 0.042638 0.004773
v 0.115160 0.007460 -0.084903
v 0.118754 0.044514 0.093948
v -0.109466 -0.000395 -0.092164
v 0.206206 0.069508 0.004535
v 0.124871 0.045210 -0.045216
v 0.235313 0.023652 0.018555
v 0.034093 0.064238 0.013043
v -0.038681 -0.000765 -0.138082
v 0.171290 0.080369 0.068284
v 0.151669 0.087117 0.046761
v -0.101221 0.021906 -0.061429
v 0.006743 0.022376 0.009475
v 0.176392 0.095881 -0.005722
v 0.088138 0.018431 0.110649
v -0.062528 0.002637 0.040067
v 0.132543 0.011819 0.106333
v -0.172629 0.016080 -0.064725
v 0.161419 0.030018 0.100471
v 0.176375 0.035427 0.085545
v -0.221880 0.010548 0.014570
v -0.176341 0.006009 0.046742
v 0.199196 0.012374 0.084476
v 0.233649 0.021426 -0.001400
v 0.218330 0.032291 0.029041
v -0.021193 0.050493 -0.023182
v 0.215297 0.088429 0.012738
v 0.057931 0.096182 0.020664
v 0.052074 0.071493 0.062689
v 0.125769 0.098694 0.046119
v -0.163382 0.012217 -0.044718
v 0.214857 0.077773 -0.005886
v -0.203184 0.013989 -0.032153
v 0.083032 0.116655 -0.018756
v -0.014592 0.002464 -0.139047
v -0.101932 0.006037 -0.065479
v 0.045386 0.068872 0.002459
v 0.115522 0.115100 -0.006115
v -0.015913 0.054987 -0.081805
v 0.136270 0.053178 -0.041905
v -0.136457 0.049885 -0.002152
v 0.183258 0.053632 -0.043054
v 0.205080 0.088097 0.011045
v 0.055911 0.012326 0.092994
v -0.162990 0.001224 0.041644
v 0.228174 0.052025 0.005299
v 0.224988 0.061709 -0.001488
v 0.000710 -0.000629 0.091030
v -0.004234 0.025007 -0.112316
v -0.045562 0.024614 0.030800
v -0.098442 0.052081 0.002252
v 0.158783 0.025495 -0.064770
v 0.200287 0.064705 -0.023705
v -0.175864 0.006278 -0.064297
v 0.050646 0.036024 -0.068373
v -0.179944 0.008140 -0.058325
v -0.032069 0.053568 0.008408
v -0.226501 -0.000629 0.019941
v -0.227630 0.021823 0.017907
v 0.046299 0.022089 -0.072033
v 0.042686 0.069765 0.016092
v 0.119974 0.091555 0.051033
v -0.174581 0.010931 -0.025295
v 0.210766 0.064079 -0.012055
v 0.018052 0.009305 0.062168
v -0.005808 -0.000694 0.087800
v -0.065415 -0.000666 -0.124154
v 0.059695 0.067356 -0.031311
v 0.040934 0.048204 -0.037346
v -0.033957 0.042023 -0.117863
v 0.210691 0.043455 0.033666
v 0.217474 0.039898 -0.030639
v -0.003244 0.003448 0.078570
v -0.139144 0.008967 0.023005
v 0.096024 0.105084 -0.001434
v 0.036153 0.028516 0.030156
v 0.060392 0.058871 0.057943
v 0.104771 0.030664 -0.065724
v -0.165951 0.013321 -0.015440
v 0.038826 0.038612 -0.056019
v 0.119766 0.037001 -0.058123
v 0.157826 0.048985 -0.041498
v -0.176740 -0.000320 0.059543
v -0.042951 0.044586 -0.050917
v 0.177924 0.043844 -0.057560
v -0.026003 -0.000781 0.083818
v -0.216452 -0.000674 0.032189
v 0.217496 0.036394 0.016554
v 0.054443 0.060583 0.042717
v 0.115396 0.096067 -0.026060
v 0.014429 0.006803 0.077860
v 0.029703 0.031339 -0.012105
v -0.090234 0.006385 -0.069530
v 0.084016 0.050385 0.072197
v 0.123820 0.020708 0.095901
v 0.112450 0.027501 0.085716
v -0.174333 0.029527 0.034529
v -0.067920 0.058710 -0.011832
v 0.206037 0.026386 0.075133
v 0.093439 0.124622 -0.016239
v 0.166363 0.006645 0.094376
v 0.109936 0.023785 -0.068863
v -0.197152 0.027351 0.014563
v 0.043417 0.054031 -0.058130
v 0.214867 0.052957 0.015927
v -0.031671 0.020078 0.022282
v -0.088892 0.015219 -0.074542
v -0.011868 0.030259 -0.116097
v -0.013937 0.003933 0.082898
v 0.014817 0.041993 -0.008368
v 0.202478 0.095139 0.032792
v 0.088616 0.101373 0.007034
v 0.207611 0.001977 0.048842
v 0.192226 0.090366 0.054377
v -0.023054 0.010500 -0.136574
v 0.050198 0.079678 -0.009635
v -0.131713 0.026427 -0.054379
v 0.053470 0.073127 -0.025281
v 0.222392 -0.000614 -0.031322
v 0.093525 0.049052 -0.055237
v 0.099609 0.113975 -0.003440
v -0.218669 0.028279 0.015784
v 0.153874 0.031410 0.102577
v 0.025187 0.049497 0.033262
v -0.010015 0.046819 -0.058527
v 0.127430 0.003313 -0.086661
v -0.064849 0.040191 -0.044262
v -0.074816 0.001568 -0.095402
v -0.024361 0.041123 -0.055142
v -0.096874 0.001417 0.058492
v 0.017348 0.063599 -0.007148
v -0.223899 0.004861 0.015278
v 0.179371 0.097439 0.039560
v 0.078878 0.001093 -0.105104
v 0.140732 0.042692 -0.049101
v -0.050646 0.043027 -0.108384
v 0.105065 0.060637 0.079998
v 0.107138 0.107424 0.002649
v 0.074319 0.021713 -0.072126
v -0.177947 0.036777 0.015385
v 0.039926 0.045991 0.068418
v 0.204707 0.090889 -0.021453
v 0.201528 0.043268 -0.043707
v 0.056687 0.083678 0.015681
v -0.068916 -0.000577 -0.117460
v 0.087493 0.058637 0.068311
v -0.079217 0.033617 -0.087513
v 0.034337 0.020401 0.005231
v 0.091208 0.018825 0.094215
v 0.193266 0.049500 -0.041374
v 0.124776 0.102494 -0.030691
v 0.068889 0.106899 -0.029142
v -0.189540 0.021049 0.028598
v -0.080133 -0.000621 -0.110767
v -0.212406 -0.000558 0.041683
v -0.051944 -0.000271 0.078140
v 0.030920 0.012059 0.091926
v -0.208736 0.013457 -0.024800
v 0.095779 -0.000667 0.128600
v -0.116239 0.040580 -0.033186
v 0.123269 0.022660 -0.075513
v 0.147802 0.056602 -0.041383
v 0.129812 0.110287 -0.005430
v -0.171843 0.037932 0.008278
v 0.062357 0.113899 0.016898
v 0.044347 -0.000629 -0.124341
v 0.146926 0.052623 -0.027812
v 0.121518 0.001852 -0.090696
v 0.077127 0.099469 0.019057
v 0.073395 0.005323 0.129449
v 0.207947 -0.000670 0.050509
v 0.055063 0.007886 -0.097278
v 0.062174 0.008123 -0.120060
v 0.082908 0.121859 -0.017098
v 0.142907 -0.000537 0.114017
v 0.162410 -0.000635 0.097740
v 0.019426 0.035083 -0.065395
v 0.030210 0.026312 -0.065176
v -0.119678 0.001091 0.056519
v -0.064540 0.006327 0.050478
v 0.115327 0.111111 0.007467
v 0.111720 0.085956 0.056832
v -0.069722 0.031284 -0.060747
v 0.169853 0.023809 0.089302
v 0.096683 -0.000606 -0.116501
v 0.057148 0.015620 0.076819
v -0.078589 0.010809 0.028089
v 0.134492 0.069339 -0.029734
v 0.214641 0.085876 0.014275
v 0.194634 0.047851 0.068110
v 0.085201 0.086065 0.048472
v 0.142227 0.103896 0.004686
v -0.110551 0.007965 0.024106
v -0.044421 0.005643 -0.137529
v 0.077273 0.017572 0.088434
v 0.083950 0.006455 -0.106470
v 0.016125 0.023791 -0.088085
v 0.098185 0.054893 0.064670
v 0.131601 0.054736 0.084604
v 0.017298 0.005412 0.064313
v 0.087851 0.089997 -0.041619
v 0.009475 0.023331 -0.111772
v 0.075492 0.089036 0.040107
v 0.196613 0.038734 0.076732
v 0.012804 0.016007 -0.116691
v 0.101974 0.119835 -0.008210
v 0.140158 0.010633 -0.065800
v 0.060303 0.111020 0.015558
v -0.030861 0.014852 -0.130353
v 0.027078 0.037920 0.013713
v 0.077111 0.104723 0.014463
v -0.054037 0.037601 -0.108182
v 0.105724 0.122653 -0.018950
v -0.209493 0.013546 0.049432
v 0.087823 0.082718 0.060745
v -0.048306 0.040999 0.011433
v -0.022659 0.030747 0.028693
v 0.202216 -0.000630 0.078502
v 0.207620 0.045710 0.043025
v -0.062741 0.057737 -0.016577
v -0.100924 0.045124 -0.026022
v 0.074786 0.108175 0.007527
v 0.098500 0.077594 -0.030742
v 0.116655 0.031249 0.085331
v 0.138367 0.055885 -0.038748
v -0.006731 0.009890 -0.134251
v 0.140778 0.008695 0.101008
v 0.077025 0.063149 -0.053292
v -0.203939 0.017784 -0.027422
v -0.085580 0.023011 0.004642
v 0.207504 0.089005 -0.009610
v -0.066268 0.019927 -0.113975
v -0.131641 0.050020 0.003010
v 0.087836 0.055459 -0.051558
v 0.085028 -0.000629 -0.122258
v 0.194486 0.033324 -0.056139
v 0.141888 0.070793 0.060279
v 0.051408 0.074148 -0.043482
v -0.049354 0.052739 -0.082468
v 0.112546 0.047570 -0.044475
v 0.103756 0.019005 0.114249
v 0.169727 0.011774 -0.068498
v 0.098628 0.014079 0.085162
v 0.000604 0.032007 0.000772
v -0.145494 0.032032 -0.010582
v -0.145522 0.014154 -0.063681
v -0.021788 0.002190 0.047541
v 0.061615 0.100795 0.022640
v -0.152966 0.021190 -0.014627
v 0.161148 0.072302 0.069863
v 0.012072 0.007714 0.054730
v -0.026429 0.049706 -0.023477
v -0.181406 0.009978 0.047931
v 0.045979 0.071923 0.033730
v 0.025126 0.035256 -0.060717
v 0.051928 0.073890 0.000067
v 0.028405 0.022051 -0.010687
v 0.200299 0.084401 0.035856
v 0.231718 0.030054 0.009141
v -0.063953 0.021726 0.030079
v -0.061266 0.038484 -0.052117
v -0.083308 0.036559 -0.061295
v 0.003030 -0.000579 -0.139100
v -0.167049 0.038715 0.008110
v 0.214775 0.062300 0.024448
v 0.130704 0.055733 0.074592
v 0.156066 0.083962 0.050147
v 0.219568 0.033760 0.014382
v 0.040432 0.074625 0.052317
v 0.017341 0.049058 -0.033067
v 0.101078 0.024183 -0.077727
v 0.230075 0.031324 0.010462
v -0.057651 -0.000629 -0.127886
v 0.131760 0.110335 -0.025288
v -0.110345 0.038745 0.018538
v 0.134272 0.079234 0.059187
v -0.004594 0.007831 0.051340
v 0.092535 0.049569 0.066408
v 0.188736 0.065965 0.063698
v 0.141908 0.012540 0.087702
v 0.051466 0.019367 0.061449
v -0.158222 0.027851 -0.031103
v -0.040726 0.023765 0.026243
v 0.152520 0.007141 -0.074918
v -0.232294 -0.000633 0.015088
v -0.021061 0.056318 -0.090160
v -0.144434 0.027979 -0.005698
v 0.112207 0.118309 -0.013385
v -0.117521 0.032217 -0.050215
v -0.045315 0.043277 -0.034171
v 0.168738 0.097263 0.003017
v 0.146855 0.105100 0.029426
v -0.080035 0.005399 0.063436
v -0.088291 0.021400 -0.063656
v -0.073505 -0.000629 0.072548
v 0.213427 0.052836 0.027061
v 0.044811 0.090313 -0.008375
v 0.181570 0.075768 -0.014678
v -0.198557 -0.000662 -0.051536
v 0.173294 0.088331 0.026853
v -0.055957 0.045194 -0.055050
v 0.028060 0.027296 -0.013702
v -0.202373 0.004204 0.031458
v 0.135695 -0.000622 -0.090036
v 0.155192 0.046420 0.103326
v 0.197527 0.069273 0.032850
v -0.066895 -0.000705 -0.119276
v 0.020044 0.009265 -0.114756
v -0.088125 0.029180 -0.067849
v -0.051533 0.047806 -0.101911
v -0.034938 0.043687 -0.051277
v -0.163991 0.022420 -0.038987
v 0.014221 -0.000629 -0.138623
v 0.079437 0.100040 -0.022419
v 0.031750 0.051352 -0.048028
v 0.122280 0.020120 0.084436
v 0.187263 0.093948 0.012535
v 0.001285 0.046053 -0.048972
v -0.006137 0.042254 -0.031804
v 0.145756 0.034975 -0.056508
v 0.121004 0.039573 0.096009
v 0.053544 0.062911 0.037465
v 0.123718 0.055008 -0.033441
v 0.085658 -0.000634 0.136716
v 0.041869 0.024930 0.041056
v 0.017812 -0.000382 -0.133862
v 0.062418 0.006984 0.124929
v 0.117153 0.047748 0.075596
v 0.064963 0.075191 0.067806
v 0.164519 0.063643 0.079382
v -0.047860 -0.000634 -0.136765
v -0.091487 0.051367 0.007231
v 0.068557 0.103650 0.011920
v 0.104240 0.013389 -0.083573
v 0.101439 0.099143 0.005859
v -0.089901 0.004790 -0.091868
v 0.171403 0.061226 -0.025436
v 0.108755 0.004442 0.118313
v 0.064673 -0.000629 0.126016
v -0.103076 0.052770 -0.020538
v -0.049153 0.031957 0.009728
v 0.059992 0.027102 -0.070493
v 0.185260 -0.000606 -0.065309
v -0.087898 -0.000342 0.069147
v -0.090638 0.024183 0.005421
v 0.004768 0.038990 -0.016340
v -0.171550 -0.000618 -0.071506
v 0.042025 0.048617 0.071387
v -0.092656 0.037820 -0.062566
v 0.039182 0.020561 -0.069172
v 0.219025 0.018925 -0.031566
v -0.162038 0.008278 -0.070168
v -0.123755 -0.000610 -0.082051
v 0.125283 -0.000600 0.121763
v 0.100264 0.008434 0.118149
v -0.046696 0.053973 -0.085089
v -0.014891 0.048344 -0.034548
v -0.002760 0.020000 -0.127469
v 0.012467 0.032090 -0.077814
v 0.101541 0.048639 -0.059459
v -0.197892 0.008345 0.025107
v -0.212520 0.026108 0.014582
v 0.029074 0.046970 -0.053395
v 0.238798 0.007436 0.008724
v -0.014328 0.033095 0.024426
v 0.064705 0.098256 0.028404
v 0.078732 0.124096 -0.007433
v 0.070308 0.108263 -0.036446
v 0.059702 0.089264 -0.016393
v -0.016330 0.034133 -0.106346
v 0.169307 0.097633 0.007619
v 0.037998 0.013074 0.097888
v -0.103585 0.042332 -0.052478
v -0.056596 0.009212 0.068128
v 0.065352 0.047502 -0.061797
v -0.023706 0.024338 -0.127855
v -0.144835 0.033318 -0.001036
v -0.172812 0.011331 -0.072816
v 0.157435 -0.000597 -0.080070
v 0.171464 0.053939 -0.030527
v -0.095504 0.016807 0.014567
v -0.003217 0.039941 -0.082201
v 0.012253 0.011556 0.038319
v -0.023834 0.007245 0.034670
v 0.155136 0.095259 0.038035
v 0.076577 0.010979 -0.107234
v 0.058672 0.057148 -0.060496
v 0.099961 0.093150 0.029808
v 0.181664 0.077834 0.068451
v -0.087422 0.011202 -0.068447
v 0.151407 0.110495 0.026018
v 0.196322 0.086968 0.047910
v 0.016931 0.016701 0.038452
v -0.000202 0.041528 -0.022282
v 0.079341 0.105977 -0.032168
v 0.194593 0.093282 0.007407
v 0.118443 0.035167 0.085868
v 0.084118 0.130296 -0.025641
v -0.072283 0.003975 0.052599
v 0.065189 0.099578 -0.036051
v 0.140610 0.096440 0.033591
v 0.198188 0.091894 -0.024784
v 0.045608 0.104675 -0.001835
v 0.012175 0.045195 -0.012545
v 0.059555 0.056204 0.057995
v 0.177540 0.092509 0.016751
v 0.213350 -0.000693 -0.045464
v -0.015071 0.012059 0.019493
v -0.151846 -0.000761 0.062801
v -0.079077 0.043228 -0.044198
v 0.019334 0.028641 -0.069864
v 0.014351 0.017869 -0.088798
v 0.055219 0.019337 0.070880
v 0.012600 0.015261 -0.091610
v 0.236430 0.013914 0.016284
v -0.188640 0.005138 0.045730
v -0.219236 0.017680 -0.000271
v 0.012019 0.051561 -0.050074
v -0.038472 0.034737 -0.121641
v -0.091904 0.006733 0.022815
v -0.022881 0.050761 -0.010698
v 0.016628 0.064794 -0.015448
v -0.141576 0.042864 -0.008453
v -0.016069 0.029913 0.026094
v -0.171521 -0.000613 0.060390
v -0.133821 0.016380 -0.069377
v -0.089405 0.055247 -0.022002
v 0.053854 0.032870 0.080427
v 0.109858 0.052668 0.074775
v 0.138965 0.110213 0.015566
v 0.170531 0.035114 -0.051751
v 0.097951 0.059107 0.067390
v 0.170504 0.052236 0.087485
v 0.082232 0.001717 -0.102320
v -0.194990 0.011730 0.051915
v -0.054923 0.030229 -0.080570
v -0.140908 -0.000629 0.064268
v -0.054420 0.050305 -0.042345
v 0.059394 0.112209 0.020078
v 0.109310 -0.000460 -0.107927
v -0.109897 0.043192 -0.040983
v 0.188267 0.073330 -0.018660
v -0.034645 0.008907 0.037477
v 0.076143 0.070879 -0.048018
v -0.000228 0.007663 0.046883
v -0.189151 0.033258 0.018950
v -0.019030 0.048645 -0.090681
v 0.049078 0.015113 0.069637
v 0.033376 -0.000727 0.104558
v 0.053930 0.048597 -0.061174
v -0.053139 0.051540 -0.027115
v -0.084907 0.049884 0.014555
v 0.110411 0.062643 0.079880
v 0.020962 -0.000598 -0.131642
v 0.235861 -0.000480 0.008559
v 0.131727 0.110928 0.003420
v 0.032523 0.017531 -0.077785
v -0.153740 0.013895 0.038109
v -0.184057 -0.000629 -0.064495
v 0.132404 0.095121 0.047077
v 0.116917 0.004356 0.120741
v 0.020521 0.017945 0.035419
v 0.008269 0.016534 0.017329
v 0.097857 0.035527 0.087089
v 0.151308 0.057548 0.088431
v 0.181572 0.091141 0.056157
v 0.115833 0.009337 0.114985
v -0.162389 0.002171 0.051860
v 0.212555 0.090000 0.012134
v 0.190680 0.097112 -0.019204
v -0.038069 0.051082 -0.090462
v 0.094165 0.032896 -0.066118
v -0.133596 -0.000466 0.064691
v 0.047555 0.076800 -0.011020
v 0.025078 0.050672 0.039606
v 0.048417 0.081902 -0.007054
v 0.126879 0.020117 -0.066209
v 0.177229 0.025577 -0.061889
v 0.043498 0.019763 0.052226
v 0.067055 0.018305 0.091499
v 0.199481 0.101810 -0.008352
v -0.095662 -0.000747 0.064940
v 0.109697 0.101663 -0.023856
v 0.150337 -0.000629 -0.081073
v 0.161410 0.013581 0.091642
v 0.107771 0.106982 0.016546
v -0.111679 -0.000629 0.063512
v 0.000893 0.039133 -0.016162
v 0.214814 0.014863 0.046646
v 0.132875 0.089384 0.052847
v -0.085986 0.031924 0.011064
v -0.145188 0.037508 0.004263
v 0.045784 0.040729 -0.062242
v -0.142118 0.038111 -0.013120
v -0.206997 0.020961 0.050657
v 0.052062 0.087961 0.027980
v 0.127239 0.111346 -0.012226
v 0.120197 0.018053 -0.081638
v -0.176863 0.012196 -0.025142
v -0.104224 0.007605 -0.087194
v -0.078177 0.034324 -0.059645
v 0.032912 0.066496 0.001053
v 0.122323 -0.000281 -0.102381
v 0.085749 0.007158 0.136654
v -0.161135 0.015938 -0.058353
v 0.020899 0.003889 0.086371
v 0.111847 0.089386 0.043884
v 0.078399 0.100825 -0.028001
v -0.031274 0.050761 -0.087390
v 0.030150 0.073297 -0.026070
v 0.208171 0.073787 -0.013521
v 0.051085 0.002052 0.112221
v -0.205831 0.024536 0.013725
v 0.083761 0.041488 -0.062193
v 0.213306 0.055983 -0.027427
v 0.090761 0.123611 -0.022929
v 0.013893 0.017300 0.008459
v 0.137793 0.042862 0.099787
v -0.006602 0.011863 0.068951
v -0.218861 0.006676 -0.025994
v -0.106851 0.014136 0.022227
v 0.222736 -0.000631 -0.025202
v 0.044319 0.073661 0.044595
v 0.123358 0.110578 -0.017993
v 0.232003 0.042735 -0.001170
v -0.142544 0.004778 -0.063110
v -0.058218 0.004205 0.055871
v -0.091216 0.048949 -0.031548
v 0.081193 -0.000608 -0.123521
v -0.153126 0.003916 0.045615
v -0.050448 0.001094 0.035408
v -0.176447 0.022978 -0.007302
v -0.067139 0.037995 -0.097786
v -0.009015 0.043240 0.008746
v 0.232478 0.016061 0.009735
v -0.147936 0.033885 -0.016682
v 0.131229 0.035838 0.098236
v -0.151872 0.003392 -0.070855
v -0.027419 -0.001074 -0.145250
v -0.162201 0.037884 0.017940
v -0.185240 0.026501 0.027846
v -0.152047 0.009656 -0.065978
v 0.125220 0.106434 -0.028483
v 0.171999 0.061476 0.078356
v -0.081845 0.019921 0.021985
v 0.066576 -0.000428 -0.123167
v -0.067529 0.005752 0.044180
v -0.133207 0.022948 0.030565
v 0.074718 0.072688 0.069597
v 0.049183 0.005621 -0.105426
v -0.043544 0.036395 0.031140
v -0.195067 0.024645 -0.004637
v -0.157166 0.018464 -0.052113
v -0.058398 -0.000533 0.077977
v 0.133553 0.096774 0.039419
v -0.113504 0.017761 0.020448
v -0.114019 0.041886 0.002357
v -0.116211 -0.000629 0.064364
v -0.118758 0.041855 -0.019517
v 0.151834 0.101076 0.033376
v 0.102602 0.043983 0.074295
v 0.149087 0.042652 -0.053683
v -0.050702 0.036644 -0.100581
v 0.028801 0.016940 -0.097524
v 0.061961 0.100863 -0.013379
v 0.129403 -0.000629 -0.097177
v -0.059808 0.007659 0.033830
v -0.124884 0.007897 -0.066496
v -0.005273 0.005448 0.045430
v 0.089840 0.019615 0.082333
v 0.030077 0.027902 -0.060789
v -0.078242 0.012083 0.039224
v 0.074703 0.111135 0.012196
v 0.067420 0.097349 0.009005
v 0.019976 0.018102 0.010467
v 0.073967 0.095318 -0.037540
v 0.107665 0.049054 0.072883
v 0.066205 0.087101 0.053732
v 0.076194 0.092003 -0.044133
v 0.066265 0.073394 -0.051719
v 0.227797 0.049060 0.008359
v 0.001888 0.023509 -0.107192
v 0.039092 0.033709 -0.061543
v 0.143156 0.057948 0.096312
v -0.031290 0.010575 0.068923
v 0.020465 0.049422 -0.029535
v -0.111232 0.008898 -0.064926
v -0.071041 0.022169 -0.100767
v -0.173707 0.034671 0.025970
v 0.103121 0.096922 -0.035065
v -0.026240 0.005906 0.074484
v 0.220495 0.019586 0.041712
v 0.188110 0.029969 -0.066891
v 0.016201 0.050902 -0.006676
v -0.020105 0.054676 0.010814
v 0.017464 0.056016 -0.017159
v 0.022351 0.019815 -0.091350
v 0.029936 0.021821 0.013924
v 0.002973 0.004849 -0.133748
v 0.148646 0.021938 0.080437
v -0.194127 0.012183 0.048272
v 0.053242 0.080693 0.011073
v 0.194983 0.058625 0.065530
v 0.015160 -0.000660 0.097767
v 0.197502 0.094698 0.043577
v -0.226573 0.024020 0.010201
v 0.211001 -0.000629 0.047394
v -0.184538 0.001795 0.047857
v 0.148251 0.083195 -0.020807
v 0.197870 0.044167 0.060213
v 0.213274 0.044834 -0.034879
v 0.053469 0.089269 -0.036228
v 0.029432 0.016736 0.005185
v -0.124465 0.006750 0.026320
v -0.027185 0.049264 -0.073934
v 0.095309 0.092665 -0.037883
v 0.186317 0.007331 -0.061272
v -0.138524 0.026368 0.024091
v 0.077390 0.044907 0.086388
v -0.060604 0.034576 -0.113919
v 0.165103 0.068283 -0.023869
v -0.029789 0.051949 -0.018349
v 0.020523 0.054066 -0.041225
v -0.068453 0.056355 -0.018658
v -0.225717 0.005576 -0.001809
v -0.072531 0.050756 -0.035237
v 0.074226 0.062499 0.064493
v 0.017371 0.012779 -0.108273
v 0.132691 0.047699 0.099894
v 0.167439 0.092552 -0.006531
v 0.057286 0.013510 0.100919
v 0.055588 0.021677 -0.078657
v -0.145669 0.024099 -0.037917
v -0.025871 0.049402 -0.066010
v -0.058563 0.026939 -0.065977
v -0.040593 0.049900 0.003994
v 0.150997 0.078276 0.054984
v -0.082634 0.038614 0.013013
v -0.087660 0.008573 -0.082177
v -0.041212 0.043786 -0.058055
v 0.038137 0.062645 0.029190
v -0.069944 0.007365 -0.113824
v -0.033181 0.027573 -0.126442
v 0.026683 0.041767 0.006271
v 0.032154 0.007151 -0.120933
v 0.081487 0.030007 -0.069008
v 0.115193 0.022040 0.083886
v -0.208776 0.009358 0.037858
v 0.156749 0.053575 -0.033350
v 0.053509 0.027440 0.079861
v 0.009330 0.003782 0.089517
v 0.010240 0.009954 0.030512
v -0.065778 0.028253 -0.061815
v 0.096272 0.106746 -0.032972
v 0.069750 0.004818 -0.118341
v -0.222433 0.013692 0.000347
v 0.086137 0.067533 0.065486
v 0.021384 0.066987 -0.021825
v 0.079888 0.117888 -0.001940
v -0.002121 0.042526 -0.044984
v -0.055119 0.024163 0.011420
v -0.170004 0.013181 0.029541
v 0.135083 0.087814 -0.027309
v 0.158140 0.082860 0.056681
v 0.063391 0.023234 0.085974
v 0.100927 0.049998 0.066647
v 0.000142 0.018809 0.013725
v 0.200486 0.099443 -0.002271
v 0.194659 0.040804 -0.052284
v -0.085762 0.032806 -0.068062
v 0.207241 0.037995 0.061762
v 0.093290 0.073034 0.068687
v -0.007433 0.050651 -0.052650
v -0.199148 0.002661 0.041686
v -0.030658 0.051401 -0.080853
v 0.237133 -0.000605 0.026059
v -0.068492 0.009177 -0.120102
v -0.197303 0.003263 -0.040772
v 0.183246 0.093877 0.024504
v -0.150539 0.010010 0.037613
v -0.147075 0.039835 0.000509
v 0.013180 0.029483 -0.085338
v -0.009509 0.002248 0.040675
v -0.044344 0.022624 -0.132975
v 0.027132 0.048937 -0.035803
v 0.182278 0.045773 -0.056261
v 0.059677 0.005489 -0.105255
v 0.079294 0.013462 -0.087208
v -0.035939 0.039110 -0.042998
v 0.135572 0.109554 -0.004133
v -0.117031 0.038445 0.005552
v 0.005364 0.044164 -0.037285
v 0.165185 0.104528 0.020126
v 0.043230 0.101617 -0.006284
v 0.051965 0.077697 0.053775
v -0.087249 0.022620 -0.075460
v -0.104935 0.006757 0.050907
v -0.220729 0.007972 0.026626
v 0.195378 0.062701 0.052326
v 0.050858 -0.000782 0.114046
v 0.112484 -0.000391 0.125463
v 0.075127 0.078931 0.067279
v 0.083051 0.050001 -0.056448
v 0.168118 0.034719 0.095945
v 0.006724 0.008838 -0.124025
v 0.011886 -0.000629 -0.139450
v -0.033018 0.002898 0.045994
v -0.003802 0.008144 0.062810
v 0.060186 0.016480 0.085835
v -0.168336 0.034181 0.005302
v -0.145142 0.016884 0.033975
v -0.101982 0.017146 0.015075
v 0.212814 0.059601 -0.016690
v 0.022435 0.026390 -0.081461
v 0.203218 0.050269 0.035329
v 0.088128 0.078820 -0.042298
v 0.052378 0.044856 0.086114
v -0.173466 0.019243 0.024503
v 0.071884 0.113268 -0.012142
v -0.167100 0.018463 -0.021456
v 0.139168 0.020685 0.077404
v -0.110875 0.001802 0.027692
v -0.086456 0.054041 -0.012315
v 0.079295 0.092169 -0.023566
v 0.151747 0.065798 0.073967
v 0.141174 0.078281 -0.021995
v 0.184848 0.033986 0.082316
v 0.078713 0.088549 0.046102
v -0.112236 0.045362 -0.023273
v -0.038432 0.034121 0.037271
v 0.150292 -0.000592 0.108455
v -0.040349 0.054789 -0.017720
v 0.197197 0.066719 0.041243
v 0.015544 0.016710 0.058370
v 0.199668 -0.000707 0.081910
v -0.038350 0.036314 -0.034403
v 0.001155 0.026192 -0.104164
v -0.059027 0.042372 0.015112
v -0.051308 0.038332 -0.087897
v -0.036674 0.048923 -0.004893
v 0.036727 0.078636 -0.022489
v 0.207830 0.012534 0.068086
v 0.027818 0.060916 0.031239
v 0.112131 0.040360 0.074874
v -0.014031 0.050087 -0.023558
v 0.138590 0.049255 0.103903
v 0.207514 0.038617 -0.050518
v 0.168039 0.068620 0.078223
v -0.016693 0.045047 -0.055506
v -0.212558 0.006065 0.041841
v -0.155884 0.033851 0.027923
v 0.170965 0.029910 -0.057649
v -0.214213 -0.000629 -0.030707
v 0.055032 0.068313 0.050937
v 0.082607 0.014048 0.115793
v 0.110068 0.093742 0.036303
v 0.017437 0.015904 -0.099185
v 0.109912 0.086218 -0.033781
v 0.157896 0.105126 0.001170
v 0.082576 0.119378 -0.030437
v -0.153769 0.019081 -0.008662
v -0.044899 0.041940 0.025274
v -0.020390 0.005922 0.050095
v -0.117109 0.031555 0.023327
v 0.205333 0.061809 0.031609
v -0.171174 0.011364 -0.029056
v -0.065183 0.053880 -0.028324
v -0.194769 0.016897 0.022333
v 0.051474 0.055492 0.054185
v 0.026676 -0.000629 0.101543
v -0.015625 -0.000587 -0.143332
v -0.226190 0.006202 0.006211
v 0.102878 0.018284 0.097991
v 0.028925 0.018680 0.046474
v 0.132739 0.055986 -0.032493
v -0.113293 0.002378 -0.073951
v -0.089805 0.014337 0.026729
v 0.056100 0.060768 -0.037704
v 0.089567 0.026971 -0.072266
v -0.065165 0.056360 -0.002355
v -0.053464 0.028329 0.018357
v 0.172677 0.098184 0.009403
v 0.058832 0.092556 0.014835
v -0.090764 0.015789 -0.063823
v 0.001011 0.023918 0.006556
v 0.215315 0.013960 0.058276
v 0.205298 0.066668 0.013291
v 0.097347 0.065031 -0.045071
v 0.046589 0.074895 0.033445
v -0.144202 0.045747 -0.000033
v 0.096074 0.003608 -0.106916
v 0.047402 0.056646 -0.048626
v 0.112579 0.017587 0.088882
v -0.205881 0.018189 0.044225
v -0.092746 0.043438 -0.054826
v 0.100825 0.036604 -0.064464
v -0.027446 0.054958 -0.001510
v -0.174259 0.024414 0.032185
v 0.045269 0.086274 -0.004021
v 0.202842 0.068799 -0.020292
v 0.175374 0.081168 0.052695
v 0.195253 -0.000590 -0.062393
v 0.172663 0.080806 -0.014425
v 0.083396 0.008612 0.126603
v 0.234759 0.013357 0.002240
v 0.037396 -0.000552 -0.125261
v 0.035591 0.054482 0.058667
v -0.176131 -0.000641 -0.070065
v 0.062738 0.032005 0.084427
v 0.116453 0.043919 0.079734
v 0.008000 -0.000624 0.095786
v -0.193730 0.003826 -0.051609
v 0.129141 0.078473 -0.032407
v -0.084050 0.034738 -0.075935
v 0.125176 0.077404 0.066301
v 0.191598 0.065679 -0.023054
v 0.002663 0.050704 -0.050632
v -0.129151 0.049299 -0.002106
v 0.201557 0.088958 0.006258
v 0.095853 0.070226 0.069889
v -0.047619 0.017510 0.031088
v -0.137174 0.023998 0.027955
v -0.048662 0.035156 -0.058326
v -0.010966 0.023309 0.017736
v -0.177152 0.003613 -0.040168
v 0.086405 0.005856 -0.101118
v 0.077138 0.087645 -0.029151
v 0.116938 0.064796 -0.037532
v 0.222232 0.010664 -0.039176
v 0.156295 0.069892 0.063084
v 0.203787 0.008766 0.079938
v 0.155283 0.091905 -0.015774
v 0.201485 0.028784 0.080764
v 0.217758 0.024592 0.044970
v -0.045025 -0.000622 0.078829
v -0.006212 0.049202 -0.049500
v 0.046115 0.091994 0.004664
v -0.067623 0.031491 0.005926
v 0.025642 0.055933 0.043197
v 0.047584 0.009103 0.116172
v 0.035909 0.038725 0.048440
v -0.139358 0.006844 0.033184
v 0.075456 0.115055 -0.029498
v 0.216604 0.046943 -0.026135
v 0.085774 0.054850 0.068388
v -0.099909 0.033932 -0.061769
v 0.207754 0.068585 -0.009620
v -0.003885 0.038481 -0.000115
v 0.158117 0.074017 0.059184
v 0.096185 0.100969 0.002359
v -0.175759 0.014520 -0.013988
v 0.185563 0.013272 0.091785
v -0.054422 0.050263 0.010955
v 0.129017 0.103156 0.033494
v -0.193259 -0.000629 0.050961
v -0.197391 0.005554 -0.033912
v 0.031552 0.031196 -0.008937
v 0.082024 0.018007 0.085319
v 0.204046 0.058074 -0.030338
v 0.063507 0.108071 -0.013331
v 0.053129 0.079165 0.046931
v -0.116159 0.005902 -0.069504
v 0.069683 0.077594 -0.027466
v 0.014056 0.043991 -0.022795
v 0.088244 0.045762 0.088552
v 0.151109 0.018456 0.080345
v 0.232876 0.025160 0.011938
v -0.024836 0.044306 -0.028614
v -0.142333 0.002284 0.044539
v -0.226762 -0.000629 -0.004780
v 0.160965 0.065461 -0.017654
v -0.029221 0.015649 0.024792
v -0.152522 -0.000629 -0.075689
v -0.165442 0.028910 -0.019439
v 0.181926 0.094281 0.002616
v 0.064463 0.076648 -0.021236
v 0.222870 0.025441 0.031477
v 0.069193 0.012230 -0.083733
v -0.168726 0.013984 -0.069947
v -0.063910 0.021503 0.038222
v -0.000424 0.045054 -0.076206
v 0.041269 0.051401 -0.044449
v 0.137872 0.112707 -0.011102
v 0.142380 0.053935 0.085371
v 0.114884 0.111069 -0.021243
v -0.145270 0.046839 -0.003174
v 0.100018 0.023802 -0.069552
v 0.199601 0.049735 0.048749
v -0.021225 0.022642 0.025077
v 0.128510 0.033268 0.094792
v 0.089734 -0.000429 -0.119545
v -0.103698 0.010498 -0.062899
v 0.157207 0.014760 -0.071470
v 0.181128 0.082313 0.061432
v -0.185549 0.014958 0.024541
v 0.164174 0.095441 0.029698
v -0.129507 0.005757 0.040771
v -0.072772 0.050073 0.007875
v 0.160407 0.033276 -0.056446
v -0.036381 0.046438 -0.110470
v 0.056492 0.088676 0.011355
v 0.057050 0.089064 0.039994
v -0.019720 0.043140 -0.101185
v 0.195051 0.064117 0.046609
v -0.202697 0.020367 0.018755
v -0.023563 0.015179 0.027973
v 0.081625 0.122841 -0.027474
v 0.049411 0.019940 -0.085042
v 0.039819 0.065728 0.023153
v 0.212332 0.066101 0.007089
v -0.012716 0.013599 0.057170
v 0.113352 0.087846 -0.031565
v 0.058078 0.063760 0.046647
v 0.054352 0.012718 0.116121
v -0.039445 0.051114 -0.070527
v -0.161088 0.006424 0.038833
v 0.148788 0.106068 -0.006037
v 0.107379 0.036300 0.084367
v 0.083830 0.016963 -0.082439
v 0.135219 0.000874 -0.082782
v -0.158246 0.031436 -0.020841
v 0.077962 0.117427 -0.008702
v 0.047940 0.079019 0.039608
v 0.171292 0.085146 0.045593
v -0.009035 0.027652 0.012267
v -0.134206 0.032287 -0.028650
v 0.212306 0.023629 -0.046390
v 0.123131 0.079063 -0.036312
v 0.044471 0.024258 0.052356
v -0.162090 0.024138 0.023979
v 0.103949 0.104615 0.029167
v 0.088178 0.086385 0.039791
v 0.043833 0.050282 -0.034344
v -0.073621 0.056166 -0.023911
v 0.009020 0.019739 -0.090706
v 0.136603 0.016742 0.091478
v -0.226507 0.026399 0.015875
v 0.208114 0.026229 0.060699
v -0.059006 0.054352 -0.033863
v -0.169834 0.016774 -0.027948
v 0.236524 0.015496 0.024982
v 0.008363 0.042840 -0.061244
v 0.007420 0.024929 -0.002394
v -0.139033 0.012510 0.023683
v 0.104367 0.091730 0.038011
v -0.008697 0.014294 0.060385
v -0.029354 0.038119 -0.040210
v 0.025781 0.008979 -0.107975
v -0.001211 0.003219 0.067232
v 0.198799 0.057700 0.054572
v -0.072740 0.005715 -0.095148
v -0.105216 -0.000629 0.063293
v -0.054912 0.019404 0.039223
v -0.072456 0.031334 -0.101508
v 0.011654 0.016906 -0.101737
v 0.181097 0.100397 -0.002198
v 0.043093 0.049828 -0.048334
v 0.142365 0.100502 0.029632
v -0.107958 0.007157 -0.073807
v -0.064440 0.037012 -0.052158
v -0.044106 0.012503 0.029939
v 0.001449 0.013919 -0.128015
v -0.008021 0.047808 -0.082904
v -0.064869 0.027728 0.019523
v -0.074789 0.016737 0.026699
v -0.216918 0.007356 0.029139
v 0.064169 0.096571 0.004912
v -0.211064 0.002772 0.041270
v 0.083225 0.083586 0.055460
v 0.216826 0.063854 0.013205
v 0.120218 0.091100 -0.026107
v 0.039227 0.003049 -0.118742
v 0.013301 0.017054 0.018624
v -0.104777 -0.000327 -0.098546
v -0.162864 0.014997 0.037099
v 0.108109 0.119074 -0.007974
v 0.074033 0.090527 -0.033007
v -0.186003 0.011853 0.046586
v 0.152314 0.047397 -0.044222
v -0.007743 0.009700 0.075269
v -0.131853 -0.000699 -0.078830
v 0.092497 0.111066 -0.034443
v 0.093668 0.071308 -0.034863
v 0.205996 0.074441 0.001054
v -0.058046 0.036510 -0.108780
v 0.033349 0.027726 0.019899
v -0.047416 0.031735 -0.126623
v -0.067311 0.003284 -0.104107
v -0.043589 0.000594 0.045276
v -0.070379 0.035025 -0.082068
v -0.016353 0.050053 -0.042957
v -0.162741 0.022097 -0.028729
v 0.129956 0.061068 -0.031480
v 0.179031 0.058172 0.072860
v 0.161850 0.019421 0.087293
v -0.091717 0.008844 -0.064824
v -0.182320 0.006486 -0.055136
v 0.011600 0.026911 -0.005320
v 0.168955 -0.000760 -0.074619
v 0.206083 0.036044 0.068999
v 0.071622 0.012129 0.119942
v 0.146415 -0.000471 -0.082291
v 0.126697 0.060187 0.071755
v 0.063910 0.062972 0.063487
v 0.033659 0.025204 0.028789
v 0.019662 0.006994 0.073430
v -0.054951 0.051531 0.002259
v 0.193076 0.093713 0.020053
v 0.014185 0.016481 -0.001340
v 0.039675 0.007394 -0.110112
v -0.024594 0.052904 0.014151
v 0.010038 0.029683 -0.093202
v -0.197333 0.008748 -0.031225
v 0.127778 0.034734 -0.057238
v -0.079940 0.004331 0.050873
v 0.128696 0.076287 0.062810
v -0.204778 0.005297 -0.029358
v 0.132514 0.062901 0.067944
v 0.192328 0.069344 0.052881
v 0.205557 0.093281 -0.012554
v 0.092378 0.022584 -0.077463
v -0.092926 0.002761 0.030137
v 0.165798 0.025043 0.090436
v -0.035982 0.047344 0.019523
v 0.181323 0.048331 -0.049610
v -0.120343 0.034958 -0.045178
v 0.087364 0.091329 0.030911
v -0.144617 0.009719 -0.065047
v 0.159308 0.074037 -0.014787
v 0.107911 0.037140 0.079851
v -0.100053 -0.000629 0.063688
v 0.144878 0.092930 0.047478
v 0.072433 0.016657 0.099215
v -0.159347 0.043644 0.000372
v 0.009261 0.006483 0.046590
v -0.177136 0.030234 0.004954
v 0.205217 0.007372 -0.055315
v -0.029438 -0.000629 -0.144387
v -0.021064 0.047762 -0.039931
v 0.120032 0.106728 -0.023477
v 0.017006 0.007725 -0.120594
v 0.150382 0.026332 0.092356
v 0.096070 0.045252 0.084963
v -0.053354 0.033667 -0.054836
v 0.077933 0.016100 0.094661
v -0.212217 0.008129 0.037493
v 0.075715 0.085683 -0.045549
v 0.039958 0.021065 0.040491
v 0.218465 0.034163 0.039837
v 0.005196 0.033967 -0.085795
v -0.053489 0.033222 -0.071858
v -0.062958 0.031450 -0.056019
v 0.049015 0.055998 -0.042662
v -0.171729 0.002325 0.046507
v -0.130776 0.029451 -0.040666
v 0.149471 0.109058 0.012832
v -0.087398 0.006301 0.035794
vn 0.2447 0.9671 -0.0700
vn -0.6611 0.2423 0.7101
vn 0.2586 0.8068 0.5312
vn 0.4982 0.2521 -0.8296
vn 0.6329 -0.0633 -0.7717
vn 0.3716 0.1610 -0.9143
vn -0.4264 0.8579 -0.2867
vn -0.4819 0.8101 -0.3339
vn -0.4089 0.7987 -0.4414
vn 0.1575 0.9783 0.1345
vn 0.1628 0.9840 -0.0730
vn 0.1630 0.9432 0.2895
vn 0.2067 0.7916 -0.5750
vn 0.2993 0.8457 -0.4418
vn 0.2965 0.9274 -0.2281
vn 0.3479 0.8244 0.4465
vn 0.2947 0.8024 0.5190
vn 0.3809 0.7391 0.5555
vn -0.4219 -0.9045 -0.0624
vn -0.9186 -0.3465 0.1902
vn -0.5874 -0.8081 0.0439
vn -0.1844 0.8979 0.3998
vn -0.2197 0.9486 0.2277
vn -0.3910 0.6805 0.6197
vn 0.5342 0.7365 -0.4148
vn 0.5081 0.8029 -0.3117
vn 0.5636 0.7751 -0.2856
vn -0.9988 -0.0279 -0.0403
vn -0.7114 0.1627 -0.6837
vn -0.9132 0.2892 -0.2871
vn -0.2182 0.0761 -0.9729
vn 0.0310 0.4389 -0.8980
vn -0.1517 0.3307 -0.9314
vn -0.3229 0.6496 -0.6883
vn -0.1226 0.4121 -0.9029
vn -0.7916 0.0671 -0.6073
vn 0.2383 0.8378 0.4913
vn 0.2879 0.6369 0.7152
vn 0.0681 0.9823 0.1746
vn -0.9108 -0.2953 -0.2884
vn -0.8061 0.5441 -0.2327
vn 0.3027 0.6829 0.6648
vn -0.8453 -0.1390 0.5159
vn -0.9714 -0.2367 0.0169
vn -0.8344 -0.4495 0.3191
vn 0.1071 0.9670 0.2312
vn 0.2502 0.7332 0.6323
vn 0.0367 0.9407 0.3373
vn -0.1682 0.0429 -0.9848
vn -0.1287 0.1197 -0.9844
vn -0.0780 0.1424 -0.9867
vn 0.2970 0.2886 0.9102
vn 0.5110 0.5012 0.6983
vn 0.4855 -0.0088 0.8742
vn -0.1409 0.9339 0.3287
vn -0.4079 0.8531 0.3254
vn -0.0183 0.9899 0.1409
vn -0.8924 0.0576 0.4476
vn -0.2547 0.1471 0.9558
vn -0.7616 -0.3633 0.5366
vn 0.4594 0.1018 0.8824
vn 0.4936 0.0868 0.8654
vn 0.4395 0.2793 0.8537
vn -0.7543 0.5950 0.2775
vn -0.6578 0.1059 0.7457
vn -0.9399 0.2880 0.1835
vn 0.8537 0.4079 0.3239
vn 0.8486 0.5018 0.1676
vn 0.9759 0.1550 0.1536
vn 0.1936 0.9105 0.3654
vn 0.3684 0.8390 0.4004
vn -0.0612 0.9565 0.2853
vn 0.1112 0.7421 0.6610
vn 0.1279 0.9434 0.3059
vn -0.0964 0.5738 0.8133
vn -0.0681 -0.3308 0.9413
vn -0.2570 -0.4513 0.8546
vn -0.1515 -0.2472 0.9571
vn -0.1683 0.9286 -0.3308
vn -0.1668 0.8301 -0.5321
vn 0.0005 0.7388 -0.6739
vn 0.8579 -0.3996 0.3229
vn 0.6799 -0.7310 0.0581
vn 0.9338 -0.2204 0.2817
vn 0.8996 0.0831 0.4287
vn 0.6824 0.2470 0.6880
vn 0.9792 0.0688 0.1911
vn -0.3253 0.5339 -0.7805
vn 0.1565 0.5450 -0.8237
vn -0.0652 0.5882 -0.8061
vn -0.7661 0.4428 0.4659
vn -0.2449 0.9531 0.1780
vn -0.2440 0.8080 0.5363
vn -0.1378 0.6796 -0.7206
vn -0.1213 0.9817 -0.1465
vn -0.0593 0.9420 -0.3302
vn -0.6683 0.7392 -0.0836
vn -0.0289 0.9964 0.0799
vn -0.1815 0.9828 0.0352
vn -0.4835 0.8524 -0.1991
vn -0.2370 0.8209 -0.5196
vn -0.0343 0.9620 -0.2710
vn -0.8831 -0.1097 -0.4562
vn -0.8335 0.2293 -0.5027
vn -0.9098 0.1730 -0.3773
vn 0.3430 0.3494 0.8719
vn 0.0980 0.5416 0.8349
vn 0.1723 0.1862 0.9673
vn 0.0476 0.9400 -0.3379
vn -0.0037 0.9972 -0.0749
vn 0.1126 0.9107 0.3973
vn -0.5154 0.8436 0.1510
vn -0.1341 0.7476 -0.6505
vn -0.2934 0.8177 -0.4953
vn 0.8820 -0.1511 0.4463
vn 0.0381 0.6595 0.7508
vn 0.0025 0.9172 0.3984
vn 0.0430 0.9459 0.3217
vn -0.2477 0.5867 0.7710
vn -0.2078 -0.0762 0.9752
vn -0.4769 -0.0658 0.8765
vn -0.3247 0.9232 0.2056
vn -0.7377 0.6096 0.2903
vn -0.4225 0.9036 0.0708
vn -0.8728 0.4088 -0.2667
vn -0.4406 0.2166 0.8712
vn -0.5931 0.1361 0.7935
vn -0.7323 -0.0570 0.6786
vn 0.6037 0.6806 0.4151
vn 0.7501 0.4932 0.4406
vn 0.5935 0.6544 0.4686
vn 0.3774 0.7699 -0.5146
vn 0.4529 0.7217 -0.5235
vn 0.1321 0.8322 -0.5385
vn 0.2054 0.7703 -0.6037
vn -0.0911 0.8731 -0.4789
vn 0.0844 0.8187 -0.5680
vn 0.1643 0.9633 0.2121
vn 0.0126 0.9711 0.2382
vn 0.0937 0.9469 0.3075
vn -0.1155 0.5689 -0.8143
vn -0.5873 0.5394 -0.6034
vn 0.0887 0.9949 -0.0473
vn -0.8629 0.1389 -0.4859
vn 0.5192 -0.0101 -0.8546
vn -0.4735 0.4299 -0.7687
vn 0.5341 -0.1304 -0.8353
vn 0.9856 0.0549 -0.1599
vn 0.7478 -0.5518 -0.3692
vn 0.0270 0.2788 0.9600
vn -0.0276 0.3760 0.9262
vn -0.2923 0.4106 0.8637
vn -0.7449 0.1266 0.6551
vn -0.8883 -0.4054 0.2160
vn -0.8811 -0.3159 0.3519
vn 0.8692 -0.0211 0.4939
vn 0.6451 -0.1442 0.7503
vn -0.2520 0.4985 -0.8295
vn -0.1487 0.1890 -0.9707
vn -0.8432 0.5178 -0.1447
vn -0.3498 0.7523 -0.5583
vn -0.0928 0.8454 0.5260
vn -0.0058 0.8217 0.5699
vn 0.0843 0.5607 0.8237
vn 0.4244 0.6817 -0.5960
vn 0.0247 0.1856 -0.9823
vn 0.2377 0.6573 -0.7152
vn -0.5950 0.4483 -0.6670
vn -0.8247 0.2890 -0.4862
vn -0.5733 0.4626 -0.6762
vn 0.4685 0.5184 -0.7154
vn 0.8192 0.4710 -0.3273
vn 0.5478 0.3613 -0.7546
vn -0.1355 0.2155 -0.9670
vn 0.0573 -0.1053 -0.9928
vn -0.3059 0.3234 -0.8954
vn 0.1351 0.9711 -0.1968
vn 0.0931 0.8763 -0.4727
vn -0.6474 0.5794 -0.4951
vn 0.0148 0.9911 0.1320
vn -0.1919 0.8844 -0.4255
vn -0.0989 0.9779 0.1843
vn 0.2188 0.9427 0.2518
vn 0.6901 0.4868 0.5355
vn 0.2757 0.9553 0.1064
vn 0.3196 0.6906 -0.6488
vn 0.4333 0.6742 -0.5981
vn 0.0841 0.7606 -0.6438
vn 0.2397 0.4443 0.8632
vn -0.1398 0.6052 0.7837
vn 0.1258 0.9260 0.3560
vn 0.3078 0.6425 0.7018
vn 0.4024 0.6837 0.6088
vn -0.2881 0.7924 -0.5377
vn -0.4071 0.8123 -0.4176
vn -0.2470 0.9101 -0.3328
vn -0.0004 0.3864 -0.9223
vn 0.0688 0.4718 -0.8790
vn 0.0981 0.2069 -0.9734
vn 0.0489 0.4374 -0.8980
vn 0.4199 0.6946 -0.5841
vn 0.6455 0.4006 -0.6502
vn 0.1533 0.7413 -0.6534
vn -0.3830 0.8895 -0.2492
vn -0.1989 0.9746 -0.1032
vn -0.1654 0.4311 -0.8870
vn -0.0385 0.4772 -0.8780
vn 0.0119 0.5538 -0.8326
vn -0.0902 0.6072 0.7894
vn -0.2991 0.8475 0.4384
vn -0.2182 0.9638 0.1533
vn -0.1082 0.5658 -0.8174
vn -0.0606 0.6345 -0.7705
vn 0.7390 0.5735 0.3535
vn 0.2341 0.9545 0.1849
vn -0.3867 0.7566 0.5273
vn 0.0178 0.9380 0.3462
vn 0.4318 0.0375 -0.9012
vn -0.1163 0.2407 -0.9636
vn -0.0890 -0.0451 -0.9950
vn 0.6861 0.3935 0.6119
vn 0.5272 0.2923 0.7979
vn 0.4540 0.5116 0.7295
vn 0.3862 0.5684 -0.7265
vn 0.3531 0.6508 -0.6721
vn 0.4774 -0.0400 -0.8778
vn 0.5300 0.2084 -0.8220
vn -0.4416 0.8779 -0.1854
vn -0.3719 0.9181 -0.1369
vn 0.0667 0.7943 -0.6038
vn -0.1590 0.5887 -0.7925
vn -0.0754 0.7844 -0.6156
vn 0.1883 0.6315 -0.7522
vn -0.1895 0.7173 -0.6705
vn -0.5847 0.5916 -0.5551
vn -0.7114 0.6024 -0.3620
vn -0.4835 0.6430 -0.5940
vn -0.8864 0.3365 0.3178
vn -0.9888 0.1162 0.0934
vn -0.9101 -0.4090 0.0663
vn 0.3554 0.9310 0.0836
vn -0.0083 0.9924 0.1227
vn -0.4301 0.8902 0.1500
vn -0.1926 0.9537 -0.2311
vn -0.4259 0.9043 -0.0285
vn -0.3931 0.7240 -0.5668
vn 0.1554 0.6627 -0.7326
vn 0.1863 0.8664 -0.4632
vn 0.0177 0.7685 -0.6396
vn -0.0608 0.3512 -0.9343
vn 0.1856 0.4375 -0.8799
vn 0.0529 0.4641 -0.8842
vn 0.3574 0.5047 -0.7858
vn 0.7227 0.4882 -0.4893
vn 0.4165 0.9061 -0.0743
vn 0.1637 0.9655 0.2025
vn 0.3372 0.9233 -0.1838
vn -0.0106 0.5738 0.8189
vn 0.2826 0.0076 0.9592
vn 0.2767 0.2950 0.9146
vn -0.0277 0.4866 0.8732
vn -0.0530 0.1371 0.9891
vn -0.1494 0.2949 0.9438
vn 0.0478 0.6993 -0.7132
vn -0.4209 0.7622 -0.4919
vn -0.4031 0.2626 -0.8767
vn 0.7891 0.3057 0.5328
vn 0.8165 0.3944 0.4216
vn 0.8311 0.3386 0.4410
vn 0.0212 0.0699 0.9973
vn 0.2487 -0.3599 0.8992
vn 0.4151 -0.3894 0.8223
vn -0.2779 0.3950 0.8757
vn -0.4897 0.1491 0.8590
vn -0.6624 -0.6100 0.4349
vn 0.4187 0.8169 -0.3966
vn 0.1697 0.9110 -0.3760
vn -0.9662 0.2452 -0.0792
vn -0.7907 -0.0069 0.6122
vn -0.0984 0.9517 -0.2909
vn -0.0305 0.8792 -0.4755
vn -0.0209 0.8366 -0.5474
vn 0.6998 0.6243 0.3471
vn 0.9360 0.3521 0.0006
vn 0.9207 0.3663 0.1344
vn 0.5044 0.7841 0.3616
vn 0.5715 0.7842 0.2418
vn -0.2920 0.6077 -0.7385
vn 0.0982 0.9202 -0.3788
vn -0.2774 0.7375 -0.6157
vn -0.0245 0.7525 -0.6582
vn -0.0378 0.1415 0.9892
vn -0.4393 0.7079 0.5531
vn 0.0747 0.4180 0.9054
vn -0.7704 0.6351 -0.0557
vn -0.5526 0.5412 0.6339
vn 0.1438 -0.5491 0.8233
vn 0.0706 -0.1816 0.9808
vn 0.2657 -0.4146 0.8704
vn -0.6020 0.7272 0.3299
vn -0.4068 0.8465 0.3435
vn 0.0476 0.9831 0.1768
vn 0.2610 0.9050 -0.3358
vn 0.0401 0.9896 -0.1378
vn -0.1159 0.9137 0.3895
vn -0.1886 0.8794 -0.4370
vn 0.0740 0.9966 -0.0365
vn 0.6941 0.7160 0.0748
vn 0.0682 0.9854 -0.1558
vn -0.1522 0.9880 -0.0261
vn 0.9963 0.0838 -0.0205
vn 0.9678 0.1359 -0.2121
vn 0.8942 0.2703 -0.3567
vn 0.2947 0.8677 0.4004
vn 0.7266 0.5985 0.3373
vn 0.2557 0.7387 0.6237
vn -0.4450 0.7574 0.4778
vn -0.4443 0.8940 0.0580
vn -0.4018 0.7051 0.5843
vn -0.2466 0.9353 0.2538
vn -0.0757 0.9852 0.1535
vn -0.6241 0.7184 0.3074
vn 0.1655 0.8311 -0.5309
vn 0.0724 0.9966 -0.0393
vn 0.3519 0.9118 -0.2118
vn 0.0999 0.9607 -0.2589
vn 0.0380 0.9879 -0.1507
vn -0.7410 0.6651 -0.0925
vn -0.5216 0.8103 0.2670
vn -0.6419 0.7243 0.2518
vn -0.5956 0.0506 -0.8017
vn -0.3748 0.1375 -0.9169
vn -0.6249 0.2326 -0.7452
vn -0.0798 0.9773 0.1961
vn -0.1851 0.9577 -0.2203
vn -0.0166 0.9990 -0.0407
vn -0.3090 0.9297 0.2003
vn -0.5722 0.5213 0.6331
vn -0.2227 0.8898 0.3983
vn -0.3925 0.8656 0.3110
vn -0.1440 0.9459 0.2907
vn -0.6560 0.6459 0.3904
vn -0.6266 0.7776 -0.0524
vn -0.7263 0.6562 0.2046
vn -0.2591 0.7235 0.6398
vn -0.3839 0.9232 -0.0177
vn -0.3298 0.8433 0.4245
vn -0.3373 0.7845 0.5204
vn -0.3026 0.6026 -0.7384
vn -0.1215 0.8805 0.4582
vn 0.0192 0.7213 0.6923
vn -0.0644 0.8876 0.4561
vn -0.1569 0.4440 -0.8822
vn -0.1195 -0.1259 -0.9848
vn 0.1584 0.4155 -0.8957
vn 0.4387 0.6997 -0.5639
vn 0.2459 0.6510 -0.7182
vn 0.4337 0.4514 -0.7798
vn -0.3747 0.9154 0.1471
vn -0.3620 0.8049 0.4702
vn 0.3168 0.9220 0.2223
vn 0.3609 0.8068 0.4678
vn 0.3463 0.9367 0.0505
vn 0.0303 0.6951 -0.7183
vn -0.2132 0.6633 -0.7174
vn -0.7021 0.6731 -0.2322
vn -0.4130 0.3673 -0.8334
vn -0.4154 0.8577 -0.3029
vn -0.4021 0.8934 -0.2005
vn -0.2281 0.9682 -0.1027
vn -0.5358 0.8424 0.0567
vn -0.6851 0.6971 0.2113
vn -0.3930 0.9142 0.0993
vn 0.4290 0.8924 0.1396
vn 0.1412 0.6726 0.7264
vn -0.0858 0.9883 0.1264
vn -0.2590 0.8865 0.3836
vn -0.0385 0.9883 0.1476
vn 0.0628 0.9979 -0.0137
vn -0.2048 0.9732 0.1045
vn -0.5442 0.8295 -0.1255
vn -0.4980 0.8503 -0.1701
vn 0.5453 0.7806 -0.3056
vn 0.3161 0.7927 -0.5212
vn -0.1013 0.8084 -0.5799
vn 0.1791 0.9511 -0.2517
vn -0.3815 0.8313 -0.4042
vn -0.0524 0.9081 -0.4155
vn -0.0396 0.9918 -0.1219
vn 0.5934 0.7877 -0.1652
vn -0.8528 -0.2800 0.4408
vn -0.5678 -0.0768 0.8196
vn -0.4535 -0.1657 0.8757
vn -0.6179 0.6194 -0.4843
vn -0.6569 0.2620 0.7070
vn -0.3454 0.7192 -0.6028
vn -0.9648 0.2631 0.0016
vn -0.6795 0.7299 0.0743
vn -0.4594 0.3590 0.8124
vn -0.0839 0.6573 0.7490
vn -0.1682 0.5227 0.8357
vn 0.3436 0.9330 0.1073
vn 0.1690 0.8284 -0.5340
vn 0.1417 0.7289 -0.6698
vn -0.2759 -0.8667 0.4157
vn -0.3173 -0.7819 0.5366
vn -0.2188 -0.6559 0.7224
vn 0.2147 0.8958 0.3892
vn 0.2618 0.6480 0.7152
vn -0.1628 0.8222 0.5454
vn -0.0890 0.2995 -0.9499
vn -0.1445 -0.2951 -0.9445
vn -0.3141 0.9289 0.1961
vn -0.1607 0.9868 0.0212
vn -0.2296 0.9727 -0.0335
vn 0.6332 0.7373 0.2354
vn 0.4120 0.8964 -0.1637
vn 0.3609 0.9315 0.0462
vn 0.1926 0.8754 -0.4435
vn 0.0605 0.8178 -0.5723
vn 0.2354 0.9593 -0.1561
vn -0.1150 0.9809 0.1569
vn 0.3987 0.0744 -0.9140
vn 0.1890 0.9623 -0.1954
vn -0.3099 0.7675 -0.5612
vn 0.7738 0.5318 -0.3443
vn 0.3479 0.2959 -0.8896
vn 0.7271 0.6443 -0.2371
vn -0.9810 0.0779 0.1776
vn -0.9323 -0.3540 -0.0746
vn -0.7142 -0.3249 0.6200
vn 0.3641 -0.1533 0.9187
vn 0.0722 -0.2470 0.9663
vn 0.4079 -0.1612 0.8987
vn 0.3574 -0.2352 0.9038
vn 0.1163 -0.7284 0.6752
vn -0.4572 0.8875 -0.0577
vn -0.8818 0.4708 0.0287
vn 0.1766 0.8608 -0.4772
vn 0.3791 0.8598 -0.3421
vn 0.2685 0.9145 -0.3025
vn 0.2084 0.5128 -0.8328
vn 0.1472 0.7397 -0.6566
vn -0.2068 0.4395 -0.8741
vn 0.5351 0.2826 -0.7961
vn 0.2324 0.2918 -0.9278
vn -0.0054 0.0393 0.9992
vn -0.0287 -0.1697 0.9851
vn -0.0344 -0.0115 0.9993
vn -0.1206 0.9554 0.2696
vn 0.1044 0.9902 -0.0928
vn -0.1539 0.9734 0.1700
vn 0.6392 0.6637 -0.3884
vn 0.7445 0.3150 -0.5886
vn 0.9505 0.3061 -0.0537
vn -0.1308 0.8675 0.4799
vn -0.1181 0.6654 0.7370
vn 0.2220 -0.1977 0.9548
vn 0.1309 0.4115 0.9020
vn -0.2103 0.2965 -0.9316
vn -0.5883 0.1035 -0.8020
vn -0.5155 0.2866 -0.8075
vn 0.0416 0.8490 -0.5268
vn 0.2012 0.8525 -0.4825
vn 0.1009 0.9936 0.0509
vn -0.3504 0.9237 -0.1547
vn -0.4066 0.9090 0.0920
vn -0.8324 0.5201 0.1912
vn -0.7422 0.5647 -0.3609
vn -0.7895 0.6116 -0.0510
vn -0.6374 0.7652 -0.0901
vn 0.0864 0.9036 -0.4195
vn 0.0150 0.9002 -0.4353
vn -0.3300 0.6363 -0.6973
vn -0.1334 0.6075 -0.7831
vn 0.7519 0.6465 0.1295
vn 0.1845 0.8227 -0.5377
vn 0.0443 0.5179 -0.8543
vn 0.0461 0.5651 -0.8237
vn 0.2423 0.6236 -0.7432
vn -0.0062 0.4986 -0.8668
vn 0.1246 0.4355 -0.8915
vn -0.6218 0.7273 -0.2904
vn 0.0976 0.9538 -0.2842
vn 0.0141 0.9997 0.0200
vn -0.1735 0.2555 -0.9511
vn 0.0860 0.2922 0.9525
vn 0.2547 0.1849 0.9492
vn 0.1621 0.4389 0.8838
vn -0.7765 -0.4493 0.4418
vn -0.6286 0.7184 0.2980
vn -0.0649 0.9339 0.3516
vn -0.9340 0.2931 -0.2043
vn -0.8016 0.3888 0.4542
vn -0.8901 0.1875 -0.4155
vn -0.7323 0.5143 0.4463
vn 0.9624 0.2066 0.1764
vn 0.9107 0.0193 0.4126
vn 0.0305 0.8307 -0.5559
vn 0.0184 0.6807 -0.7324
vn 0.3060 0.2998 -0.9036
vn 0.1791 0.0444 -0.9828
vn 0.1238 0.8020 0.5844
vn 0.0844 0.6904 0.7185
vn 0.6062 0.4345 0.6661
vn 0.7800 0.5085 0.3647
vn 0.5043 0.8414 0.1944
vn 0.6480 0.7237 0.2374
vn -0.0557 0.7225 0.6891
vn -0.0673 0.9695 0.2356
vn -0.9549 -0.2743 0.1133
vn -0.9335 -0.1320 0.3333
vn 0.2295 0.8830 -0.4094
vn 0.1489 0.7788 -0.6093
vn 0.1376 0.7361 -0.6627
vn 0.0881 0.4275 -0.8997
vn 0.1453 0.5957 -0.7900
vn 0.8070 -0.5888 0.0456
vn 0.2113 0.5945 -0.7758
vn 0.2527 0.7809 -0.5713
vn 0.5056 0.3710 0.7789
vn 0.6890 0.3222 0.6493
vn 0.5844 0.2920 0.7571
vn 0.3334 0.7889 -0.5163
vn 0.1600 0.7441 0.6486
vn 0.3135 0.2539 0.9150
vn 0.5468 -0.1483 0.8240
vn 0.5908 -0.3876 0.7076
vn 0.5436 -0.0314 0.8388
vn 0.5035 -0.2737 0.8195
vn 0.4952 -0.3225 0.8067
vn -0.3571 0.1107 -0.9275
vn 0.1362 0.4840 -0.8644
vn 0.0062 0.8742 -0.4855
vn 0.3947 0.9016 -0.1768
vn 0.0788 0.9969 0.0022
vn -0.0398 0.9961 0.0792
vn -0.1940 0.9618 -0.1931
vn 0.2597 0.8398 0.4767
vn 0.2303 0.9330 0.2765
vn -0.2265 0.9035 0.3639
vn 0.1250 0.9098 0.3958
vn 0.6288 0.6427 -0.4377
vn 0.4244 -0.0231 -0.9052
vn -0.2113 0.8840 0.4171
vn -0.3438 0.8150 0.4665
vn 0.2293 0.3019 0.9254
vn 0.3345 0.2045 0.9199
vn -0.7528 0.5573 -0.3503
vn -0.2525 0.8956 -0.3663
vn -0.3124 0.4337 -0.8452
vn 0.5249 0.0763 0.8477
vn 0.8066 0.0770 0.5860
vn 0.2998 0.6712 -0.6779
vn 0.3652 0.7229 -0.5865
vn 0.8658 0.2343 -0.4421
vn 0.7649 0.3094 -0.5649
vn -0.6097 0.7834 0.1207
vn -0.2661 0.7494 -0.6063
vn 0.2620 0.8744 -0.4084
vn 0.2378 0.9531 -0.1871
vn 0.4665 0.8321 -0.3000
vn -0.8215 0.4722 0.3196
vn -0.7915 0.5177 0.3248
vn -0.9139 0.4058 -0.0062
vn 0.7768 0.1619 0.6086
vn -0.0045 0.8161 0.5780
vn -0.5424 0.6966 -0.4695
vn 0.1608 0.6462 -0.7461
vn 0.0048 0.5790 0.8153
vn -0.4149 0.8648 0.2827
vn -0.1589 0.9071 0.3897
vn -0.0568 0.9735 0.2215
vn -0.1098 0.9141 0.3903
vn 0.5379 0.7646 -0.3550
vn -0.4384 0.7429 -0.5060
vn 0.1516 0.9689 -0.1958
vn -0.0575 0.8038 -0.5921
vn 0.2753 0.3299 -0.9030
vn 0.1138 -0.1200 -0.9862
vn 0.4284 0.1069 -0.8973
vn 0.5221 0.7786 0.3480
vn -0.4003 0.9164 0.0075
vn -0.8311 0.4823 -0.2768
vn -0.3992 0.8883 -0.2270
vn -0.9506 0.0286 -0.3090
vn -0.6056 0.7955 -0.0227
vn 0.1989 0.9255 -0.3222
vn 0.5457 0.3143 -0.7768
vn -0.4648 0.8280 0.3137
vn -0.4489 0.5313 0.7185
vn 0.5362 0.4657 -0.7040
vn 0.4046 0.8346 -0.3739
vn 0.7391 0.2000 0.6433
vn -0.0916 0.5796 -0.8097
vn 0.0379 0.6682 -0.7431
vn -0.3638 0.6639 -0.6533
vn -0.1317 0.9489 -0.2867
vn -0.3774 0.8797 -0.2894
vn -0.4211 0.8078 -0.4125
vn 0.6809 0.0676 0.7293
vn 0.6849 0.3647 0.6308
vn 0.5409 0.7594 0.3616
vn -0.7145 0.2557 -0.6512
vn -0.3766 0.8301 0.4112
vn -0.4041 0.8872 0.2226
vn -0.5594 0.8286 0.0215
vn -0.1184 0.9930 0.0027
vn -0.0481 0.9818 0.1838
vn -0.1480 0.3244 0.9343
vn 0.5204 0.8257 0.2176
vn -0.2704 0.7368 0.6197
vn 0.1634 0.6338 0.7560
vn 0.1644 0.8203 0.5478
vn 0.0784 0.3114 -0.9470
vn -0.1022 0.9938 -0.0443
vn -0.2914 0.8873 0.3575
vn -0.3629 0.8977 0.2500
vn -0.7038 0.6609 0.2604
vn -0.7745 0.2361 0.5868
vn -0.6518 0.7129 -0.2586
vn -0.8109 0.5851 -0.0062
vn 0.0381 0.8380 0.5444
vn 0.1912 0.9814 -0.0150
vn -0.2601 0.8785 0.4008
vn -0.2035 0.8711 0.4469
vn -0.0295 0.7399 0.6721
vn 0.3355 0.9411 -0.0418
vn -0.1469 0.7549 0.6391
vn 0.8834 0.3479 0.3141
vn 0.7454 0.5905 0.3093
vn 0.6558 0.4867 0.5771
vn -0.6979 0.7111 0.0851
vn -0.8965 0.4322 -0.0978
vn -0.8905 0.3769 -0.2547
vn 0.6178 0.7760 -0.1270
vn 0.6224 0.4230 -0.6585
vn 0.1725 -0.0004 0.9850
vn -0.0901 0.0033 0.9959
vn 0.2098 -0.2994 0.9308
vn -0.4442 0.0577 0.8941
vn -0.4570 0.4479 0.7685
vn -0.7853 0.5232 0.3310
vn -0.7569 0.6179 -0.2129
vn 0.1999 0.9794 -0.0296
vn -0.4508 0.8312 0.3254
vn -0.6982 0.4000 0.5937
vn -0.0947 0.4906 0.8662
vn -0.3361 0.6371 0.6937
vn 0.3513 0.7576 0.5501
vn 0.1982 0.5503 -0.8111
vn 0.1211 0.9176 -0.3785
vn 0.0987 0.9644 -0.2452
vn 0.6063 0.7716 -0.1924
vn 0.5841 0.7413 -0.3307
vn -0.0298 0.8851 0.4645
vn -0.1444 0.7790 0.6102
vn -0.1808 0.7667 0.6161
vn 0.2754 0.4673 -0.8401
vn -0.0636 0.7345 0.6756
vn -0.1407 0.8289 0.5414
vn 0.0623 0.8389 0.5407
vn -0.5099 -0.4011 0.7610
vn 0.1012 -0.1802 0.9784
vn 0.1393 -0.6268 0.7666
vn -0.4224 0.7347 0.5309
vn -0.0904 0.9696 0.2274
vn -0.6089 0.6323 0.4790
vn -0.5828 0.1757 0.7934
vn 0.3254 0.3752 -0.8679
vn 0.2218 0.5345 -0.8156
vn 0.3623 0.3078 -0.8798
vn -0.1095 0.6185 -0.7781
vn 0.3932 0.6172 0.6815
vn 0.4570 0.8873 -0.0618
vn 0.3362 0.9003 0.2765
vn 0.2318 0.9724 -0.0249
vn -0.2422 0.0608 -0.9683
vn -0.1847 0.9805 0.0667
vn -0.2031 0.5243 0.8270
vn -0.3041 0.7023 0.6437
vn 0.0389 0.3962 0.9173
vn 0.2724 -0.1091 0.9560
vn 0.3517 0.1282 0.9273
vn -0.0659 0.3088 0.9488
vn 0.0400 0.5927 0.8044
vn -0.0597 0.9166 -0.3953
vn -0.2255 0.9645 -0.1372
vn -0.1961 0.9109 -0.3631
vn -0.0349 0.4485 -0.8931
vn 0.4282 0.4703 -0.7717
vn -0.0610 0.6010 0.7969
vn -0.2355 0.7220 0.6506
vn 0.3134 0.9408 0.1290
vn 0.6470 0.3460 0.6795
vn 0.8431 0.0980 0.5287
vn 0.9520 0.0409 0.3035
vn 0.9390 -0.2843 0.1933
vn 0.9396 -0.2487 0.2351
vn 0.8170 -0.2584 0.5155
vn 0.0367 0.9794 0.1985
vn 0.4089 0.4197 0.8103
vn -0.9877 -0.1479 -0.0513
vn -0.8671 0.0184 0.4978
vn -0.8605 0.3877 -0.3306
vn -0.3764 0.6960 -0.6114
vn -0.4032 0.6803 -0.6121
vn -0.5709 0.3737 -0.7310
vn -0.1527 0.4448 -0.8825
vn 0.0304 0.8880 0.4589
vn -0.2313 0.6854 0.6905
vn 0.0232 0.9353 0.3532
vn -0.0577 0.5712 0.8188
vn -0.2216 0.9726 0.0703
vn -0.3037 0.9465 -0.1093
vn -0.1176 0.9886 0.0939
vn 0.0589 0.9978 -0.0316
vn 0.2968 0.7990 0.5230
vn 0.7134 0.5864 0.3836
vn -0.3369 -0.4197 0.8428
vn -0.1125 -0.2621 0.9584
vn -0.5755 -0.0287 0.8173
vn -0.5125 0.8558 0.0707
vn -0.6582 0.3225 0.6802
vn 0.2917 0.9182 -0.2679
vn 0.4601 0.6451 -0.6101
vn 0.6065 0.4519 -0.6542
vn -0.5966 0.4100 0.6900
vn -0.7876 0.5209 0.3291
vn -0.3371 -0.2332 0.9121
vn 0.1617 0.9365 0.3113
vn -0.2326 0.9199 0.3158
vn 0.3594 0.5489 0.7547
vn 0.1922 -0.0769 0.9783
vn -0.1286 0.9822 0.1369
vn -0.1621 0.4401 -0.8832
vn -0.1649 0.1284 0.9779
vn -0.3948 0.4491 -0.8015
vn -0.5344 0.8070 0.2513
vn 0.2742 0.8840 0.3785
vn 0.1966 0.9527 0.2319
vn 0.0827 0.8903 0.4478
vn -0.1624 0.9340 0.3183
vn 0.5117 0.2536 0.8209
vn -0.6069 -0.3177 0.7286
vn 0.1430 0.8493 -0.5081
vn 0.3950 0.4149 0.8196
vn -0.4057 0.8247 0.3941
vn -0.2301 0.9618 0.1485
vn -0.8014 -0.3838 0.4587
vn 0.2215 0.7415 -0.6333
vn 0.5203 0.4659 -0.7157
vn 0.0561 0.7545 -0.6539
vn 0.1893 0.8228 -0.5358
vn 0.0582 0.8833 -0.4652
vn -0.1199 -0.1753 0.9772
vn -0.9907 0.1053 0.0862
vn -0.5906 0.8055 -0.0490
vn -0.3259 0.7515 0.5736
vn -0.3991 0.9069 -0.1352
vn -0.8684 0.4932 0.0519
vn -0.2534 0.6329 0.7316
vn 0.6199 -0.1350 -0.7730
vn 0.4875 0.5183 -0.7026
vn -0.9260 -0.0364 -0.3757
vn -0.9464 0.1914 -0.2602
vn -0.7610 -0.0181 -0.6485
vn 0.2222 0.9577 -0.1831
vn 0.4104 0.8070 -0.4248
vn -0.1398 0.9676 -0.2105
vn -0.3646 0.9307 0.0282
vn -0.4414 0.8669 0.2316
vn -0.1530 0.9605 0.2325
vn 0.6391 0.1144 0.7605
vn -0.8523 -0.3828 0.3564
vn 0.9893 -0.0610 0.1327
vn -0.7501 0.6610 0.0196
vn -0.2229 0.9317 0.2869
vn 0.5900 0.7065 -0.3908
vn 0.2086 0.6485 0.7321
vn -0.1082 0.1631 0.9807
vn -0.3237 0.9356 0.1409
vn -0.1322 0.2830 0.9500
vn -0.1694 -0.2289 0.9586
vn 0.2907 0.5090 -0.8102
vn 0.3404 0.6133 -0.7127
vn -0.3515 0.7638 -0.5414
vn 0.0569 0.8803 0.4710
vn 0.1400 0.7933 0.5925
vn 0.7158 0.6964 -0.0518
vn 0.6297 0.6077 -0.4840
vn 0.9403 -0.0277 0.3392
vn 0.9221 0.1665 0.3493
vn 0.9731 0.2274 0.0381
vn 0.6223 0.0920 0.7774
vn -0.3272 0.4587 -0.8262
vn -0.2046 0.2761 -0.9391
vn -0.0669 0.6440 0.7621
vn 0.0328 0.8361 0.5476
vn 0.1268 0.8144 0.5663
vn 0.2046 0.8752 -0.4384
vn 0.2226 0.8675 -0.4448
vn 0.4119 0.8618 -0.2960
vn -0.3436 0.2248 0.9118
vn -0.6809 -0.2068 0.7026
vn -0.1900 0.9528 0.2369
vn -0.1591 0.9375 0.3095
vn -0.1455 0.8690 0.4730
vn -0.4916 0.6446 0.5855
vn -0.1558 0.7505 -0.6422
vn -0.9010 0.3589 -0.2435
vn -0.5334 0.7819 0.3226
vn -0.5653 0.8066 0.1730
vn -0.9806 -0.1922 -0.0393
vn 0.9024 -0.0040 -0.4309
vn 0.9623 0.0743 -0.2617
vn 0.9418 -0.2175 -0.2565
vn -0.7594 0.3568 0.5440
vn 0.1648 0.9588 0.2316
vn 0.5227 -0.2722 -0.8079
vn 0.4896 0.0408 -0.8710
vn -0.1684 0.3695 0.9139
vn -0.2561 -0.3324 0.9077
vn 0.3767 0.2563 0.8902
vn 0.3744 0.1813 -0.9094
vn 0.5394 0.0477 -0.8407
vn 0.9369 0.0446 0.3468
vn 0.8995 0.1025 0.4247
vn -0.6560 0.6481 0.3867
vn -0.2725 0.2562 0.9274
vn -0.2713 0.9331 0.2361
vn -0.9784 0.0384 0.2033
vn 0.0623 0.7677 -0.6378
vn -0.5480 0.5510 0.6293
vn -0.4802 0.1526 -0.8638
vn -0.8047 0.1198 -0.5815
vn -0.7165 -0.0347 -0.6967
vn 0.9227 0.3775 -0.0783
vn 0.9788 0.0734 -0.1914
vn 0.2745 0.5281 0.8036
vn 0.1075 0.7202 0.6854
vn -0.2485 0.7925 -0.5569
vn 0.0453 0.8994 -0.4348
vn -0.0737 0.9838 -0.1632
vn 0.0802 0.9808 0.1776
vn -0.1346 0.9608 0.2425
vn 0.1267 0.9450 0.3014
vn -0.9138 -0.4047 0.0334
vn 0.3131 0.9493 -0.0279
vn 0.0200 0.8789 0.4766
vn 0.0352 0.9530 0.3010
vn -0.0705 0.7872 0.6126
vn -0.8974 0.1747 0.4051
vn -0.0343 0.9592 0.2805
vn -0.1400 0.9283 0.3444
vn 0.6505 0.0092 0.7595
vn 0.2684 0.4025 0.8752
vn 0.3084 0.3600 0.8805
vn 0.9953 -0.0107 -0.0964
vn -0.6838 0.4826 -0.5473
vn -0.2236 -0.8015 0.5546
vn 0.4799 0.2341 -0.8455
vn 0.1681 0.7882 -0.5920
vn 0.1361 0.8945 -0.4260
vn 0.8588 0.2167 -0.4642
vn 0.9466 -0.0107 0.3221
vn 0.2881 0.4203 -0.8604
vn 0.1021 0.4531 -0.8856
vn -0.3370 0.2057 -0.9188
vn -0.8943 0.4208 -0.1525
vn -0.8210 0.4983 -0.2786
vn -0.8363 0.3213 -0.4442
vn -0.7111 0.5650 0.4185
vn -0.5547 0.5185 0.6507
vn 0.0874 -0.1028 0.9909
vn -0.9892 0.1444 -0.0249
vn -0.0310 0.8024 0.5960
vn 0.2147 0.9670 0.1374
vn -0.2210 0.9481 0.2285
vn -0.2124 0.8917 0.3998
vn -0.2335 0.8204 0.5219
vn -0.8302 0.3096 -0.4636
vn 0.4722 -0.1356 0.8710
vn 0.2647 0.9348 -0.2368
vn 0.3656 0.9304 -0.0255
vn -0.8765 0.3803 -0.2952
vn 0.2233 0.9454 -0.2375
vn -0.2952 0.5225 -0.7999
vn 0.5413 0.8396 0.0443
vn 0.9049 0.2707 0.3286
vn 0.9559 0.0639 0.2866
vn 0.6344 0.6290 0.4493
vn -0.0451 0.9886 -0.1440
vn 0.4599 0.2071 -0.8635
vn 0.1985 0.8154 -0.5437
vn -0.4828 0.6042 -0.6339
vn -0.1593 0.7316 -0.6628
vn 0.7817 0.1166 0.6126
vn 0.6979 0.4106 0.5868
vn 0.4786 0.7281 -0.4907
vn 0.5791 0.7036 -0.4119
vn -0.0026 0.0511 0.9987
vn -0.1652 -0.3831 0.9088
vn -0.2697 0.6612 0.7000
vn -0.6150 0.1543 -0.7733
vn -0.0094 0.9289 0.3703
vn 0.1318 0.9565 0.2603
vn 0.0322 0.8187 0.5733
vn 0.1871 -0.1928 0.9632
vn -0.0168 0.6923 0.7214
vn 0.1340 0.8396 -0.5264
vn -0.5074 0.8409 -0.1884
vn 0.2850 0.3230 -0.9025
vn -0.2122 0.5628 -0.7989
vn -0.5119 0.6700 0.5376
vn -0.0641 0.9865 0.1504
vn -0.1872 0.9269 0.3251
vn -0.2464 0.9616 0.1211
vn 0.2169 0.7895 -0.5741
vn 0.1992 0.8986 -0.3910
vn 0.0749 0.7846 -0.6154
vn -0.0689 0.7684 -0.6362
vn -0.0971 0.7319 -0.6745
vn -0.9531 -0.0005 -0.3025
vn -0.6122 0.3936 -0.6857
vn -0.4341 -0.2114 0.8757
vn -0.7437 0.6671 -0.0425
vn 0.0423 0.4470 0.8936
vn 0.4523 0.8531 -0.2602
vn -0.0915 0.9234 -0.3727
vn -0.0516 0.5428 -0.8383
vn -0.7313 0.6697 -0.1297
vn 0.9915 -0.0120 0.1293
vn 0.3250 0.6425 0.6940
vn 0.0588 0.6520 -0.7559
vn -0.3077 0.2006 -0.9301
vn -0.3822 0.8487 -0.3656
vn 0.3487 0.8851 -0.3082
vn 0.3695 0.6669 0.6470
vn 0.7659 0.4063 0.4983
vn -0.8677 0.4925 0.0679
vn -0.0735 0.7575 -0.6486
vn 0.9224 -0.1174 0.3679
vn 0.8220 0.1492 0.5495
vn -0.4457 0.5568 -0.7009
vn -0.7526 0.6507 0.1008
vn 0.5963 0.7893 -0.1466
vn 0.3302 0.2369 -0.9137
vn -0.2806 0.7405 -0.6107
vn -0.1410 0.5548 -0.8200
vn -0.1334 0.9905 0.0336
vn -0.1406 0.9178 -0.3712
vn -0.2923 0.8944 -0.3384
vn 0.7128 0.0473 -0.6998
vn -0.2030 0.9744 0.0965
vn 0.0442 0.9903 0.1319
vn -0.0990 0.9809 0.1677
vn -0.1605 0.9206 -0.3561
vn -0.0201 0.9819 -0.1881
vn -0.7509 0.1434 -0.6447
vn 0.1039 0.9902 0.0938
vn 0.4321 0.7544 -0.4941
vn 0.4212 0.8011 -0.4253
vn 0.0366 0.5022 -0.8640
vn 0.6499 0.1723 0.7402
vn -0.4392 0.8941 -0.0875
vn -0.5774 0.6207 0.5304
vn 0.1796 0.5355 -0.8252
vn -0.9521 0.0924 0.2913
vn 0.2657 0.4752 -0.8388
vn 0.2361 0.4486 0.8620
vn -0.0369 0.9986 -0.0387
vn -0.1936 0.8928 0.4068
vn -0.1116 0.1640 0.9801
vn -0.0841 0.6264 0.7750
vn 0.0755 0.9502 0.3025
vn -0.5788 0.3865 -0.7181
vn -0.0357 0.9993 -0.0052
vn 0.3153 0.0278 -0.9486
vn -0.4181 0.8087 0.4137
vn -0.4579 0.7007 0.5471
vn 0.0616 0.9197 0.3878
vn 0.7773 0.1701 0.6057
vn -0.9523 -0.2887 -0.0988
vn -0.0154 0.5986 0.8009
vn 0.5094 0.6854 0.5203
vn 0.1353 -0.0516 0.9895
vn -0.0772 0.9784 -0.1918
vn 0.4795 -0.2107 0.8519
vn -0.1401 0.9821 0.1256
vn -0.2362 0.9684 0.0805
vn -0.3444 0.5888 -0.7313
vn -0.3153 0.0867 -0.9450
vn 0.0704 0.3456 -0.9357
vn -0.7993 -0.1540 -0.5809
vn -0.2124 0.9589 0.1882
vn -0.0013 0.6914 -0.7225
vn -0.0576 0.8715 0.4871
vn -0.1094 -0.5578 0.8228
vn 0.4699 0.3492 0.8107
vn -0.0492 0.9889 -0.1404
vn 0.0395 0.9991 0.0152
vn 0.3251 -0.5562 0.7648
vn -0.0902 0.7839 -0.6143
vn 0.0195 0.9797 -0.1997
vn 0.0231 0.9629 -0.2690
vn 0.5104 0.7534 -0.4145
vn -0.3979 0.7315 -0.5537
vn -0.3823 0.4341 -0.8157
vn -0.8950 0.4440 -0.0424
vn -0.5765 0.6597 -0.4821
vn -0.6567 0.6052 -0.4501
vn -0.0845 0.9954 0.0442
vn -0.3147 0.7994 -0.5118
vn 0.1654 0.8444 0.5096
vn -0.1743 0.6937 -0.6988
vn -0.5362 -0.2309 0.8119
vn 0.9963 0.0862 -0.0049
vn 0.7900 0.5431 0.2843
vn 0.4506 0.3688 -0.8130
vn 0.5710 0.6856 -0.4516
vn -0.4699 0.1228 0.8741
vn 0.2963 0.7823 -0.5479
vn 0.2219 0.6304 -0.7438
vn 0.0035 0.7011 -0.7131
vn 0.9784 0.1968 -0.0628
vn -0.0418 0.9770 0.2091
vn 0.6648 0.2310 -0.7105
vn 0.8262 0.0263 -0.5627
vn -0.1610 0.9246 0.3453
vn -0.4321 0.6597 0.6149
vn 0.0799 0.8309 0.5507
vn -0.1023 0.5309 -0.8412
vn 0.0287 0.9620 0.2716
vn 0.0693 0.9058 0.4180
vn 0.4164 0.8287 0.3740
vn 0.3710 0.7505 0.5469
vn 0.6055 0.1310 -0.7850
vn -0.0473 0.7803 -0.6236
vn 0.2360 0.6649 -0.7086
vn 0.5377 0.6688 -0.5134
vn 0.5357 0.8404 -0.0827
vn -0.0908 0.7595 0.6441
vn -0.3717 0.4650 0.8035
vn 0.3258 0.6540 0.6827
vn -0.4143 0.7742 -0.4784
vn -0.1745 0.9509 0.2558
vn -0.3421 0.4272 -0.8369
vn 0.3118 0.5173 0.7970
vn -0.0543 0.9857 0.1598
vn 0.0661 0.9976 -0.0216
vn 0.1338 0.9305 -0.3411
vn -0.0763 0.9929 0.0911
vn 0.2039 0.9788 -0.0215
vn 0.2448 0.6626 -0.7079
vn -0.9717 0.1819 -0.1504
vn -0.1634 0.6185 0.7686
vn -0.4510 0.2275 0.8630
vn -0.0951 0.6626 0.7429
vn -0.0193 0.5755 0.8176
vn 0.0128 0.4083 0.9127
vn -0.4877 0.7851 -0.3818
vn -0.4122 0.8982 0.1529
vn 0.8682 0.2525 -0.4273
vn 0.9220 0.3083 0.2344
vn -0.1430 0.9868 -0.0756
vn 0.3440 0.8422 -0.4151
vn -0.3022 0.9076 0.2915
vn 0.0253 0.8983 0.4387
vn 0.0153 0.7332 -0.6798
vn -0.0388 0.6641 -0.7466
vn -0.0767 0.9349 -0.3465
vn 0.0955 0.9028 -0.4193
vn -0.1175 0.9787 0.1681
vn -0.2879 0.8989 0.3303
vn -0.9670 -0.2458 0.0670
vn -0.2459 0.2907 -0.9246
vn -0.1734 0.9601 0.2194
vn -0.2304 0.4577 -0.8588
vn -0.2297 0.8075 0.5434
vn -0.1661 0.8111 0.5609
vn -0.1882 0.4803 -0.8567
vn 0.1708 0.9848 0.0323
vn -0.8990 0.0815 -0.4303
vn 0.2227 0.8366 0.5004
vn 0.8280 -0.0192 -0.5604
vn -0.7767 0.1341 -0.6154
vn -0.1684 0.3566 0.9189
vn 0.4996 0.7698 0.3972
vn -0.2167 0.9236 -0.3161
vn -0.4196 0.7599 -0.4964
vn 0.5280 0.8422 0.1088
vn -0.0893 0.9840 0.1541
vn 0.7760 0.6228 0.0996
vn 0.1198 0.9195 -0.3743
vn -0.0414 0.5178 -0.8545
vn 0.0098 0.8289 -0.5593
vn 0.1297 0.9061 -0.4026
vn 0.0760 0.8924 -0.4448
vn -0.9998 -0.0107 0.0163
vn -0.8749 0.4838 0.0223
vn -0.9568 0.1590 -0.2433
vn 0.6746 0.7252 0.1378
vn 0.5468 0.8163 0.1858
vn 0.2188 0.8080 0.5471
vn -0.9392 -0.1414 0.3128
vn -0.8759 -0.3687 0.3113
vn -0.9372 -0.2081 0.2800
vn 0.2416 0.8619 -0.4459
vn 0.2318 0.3538 0.9061
vn 0.6817 -0.1503 0.7160
vn 0.9472 0.0350 0.3188
vn -0.5693 0.4116 0.7117
vn -0.4515 0.8900 -0.0642
vn -0.5320 0.8040 0.2657
vn 0.3106 0.2745 -0.9101
vn 0.4296 0.2956 -0.8532
vn -0.2867 0.8726 0.3954
vn 0.2080 0.6662 0.7162
vn -0.6001 0.0338 -0.7992
vn -0.9969 -0.0574 -0.0537
vn 0.6240 0.3357 -0.7056
vn 0.4449 0.8955 -0.0112
vn 0.3832 0.5181 -0.7647
vn -0.0466 0.1724 0.9839
vn 0.1989 0.9014 -0.3847
vn 0.6846 0.5957 0.4201
vn -0.0056 -0.0932 0.9956
vn -0.1379 0.9891 -0.0512
vn 0.4909 0.8685 0.0679
vn -0.2169 0.8843 -0.4134
vn -0.7927 0.4306 0.4315
vn 0.5437 0.3372 0.7686
vn -0.2298 0.9730 0.0215
vn 0.9531 0.0988 -0.2860
vn 0.1295 0.8972 -0.4222
vn -0.2898 -0.5399 0.7903
vn 0.0655 -0.4500 0.8906
vn 0.5434 0.2009 -0.8151
vn 0.2719 0.7306 -0.6263
vn -0.6845 0.5455 0.4837
vn 0.5277 0.2840 0.8006
vn 0.6361 0.5934 -0.4933
vn 0.3713 0.7346 -0.5678
vn 0.3240 0.7499 0.5768
vn 0.2777 0.1670 0.9461
vn -0.3200 0.8793 0.3528
vn -0.7170 0.6525 0.2453
vn -0.4318 0.8899 -0.1469
vn -0.9719 0.1733 -0.1591
vn -0.4673 0.2508 0.8478
vn -0.0620 0.9140 0.4010
vn -0.5463 0.7884 0.2829
vn -0.1140 0.9308 0.3472
vn -0.0282 0.9909 0.1317
vn 0.0895 0.8976 0.4316
vn 0.0473 0.7724 0.6334
vn -0.8772 -0.1131 0.4667
vn -0.4813 0.7325 0.4815
vn -0.2173 0.8235 0.5240
vn -0.3770 0.2686 -0.8864
vn 0.6691 -0.2360 -0.7047
vn 0.5005 0.0376 -0.8649
vn -0.2819 -0.1410 -0.9490
vn -0.3712 0.8561 -0.3596
vn 0.9219 -0.1644 0.3509
vn 0.9150 -0.1038 0.3899
vn -0.5722 0.2516 -0.7805
vn -0.0873 0.4484 0.8896
vn 0.7864 0.1124 -0.6074
vn 0.6138 0.6187 0.4903
vn -0.0875 -0.9526 0.2914
vn 0.1475 0.8234 0.5480
vn -0.0168 0.5436 0.8392
vn 0.8680 0.3524 0.3499
vn -0.6197 0.6909 0.3724
vn -0.6457 0.4448 0.6206
vn 0.1567 0.4694 -0.8690
vn -0.1292 0.8243 -0.5512
vn 0.2316 0.8674 -0.4405
vn -0.1401 0.9854 -0.0970
vn -0.4484 0.8534 -0.2660
vn 0.0728 0.8787 0.4717
vn 0.0462 0.9685 0.2447
vn 0.3138 0.9431 -0.1099
vn 0.1623 0.7552 -0.6351
vn 0.1573 0.3382 0.9278
vn -0.0630 0.8447 0.5314
vn 0.1905 0.9485 0.2533
vn 0.2960 0.4820 0.8247
vn -0.3515 0.9101 -0.2196
vn 0.0745 0.9699 0.2319
vn 0.0036 0.9151 0.4031
vn -0.5156 0.7630 -0.3897
vn 0.1300 0.5594 -0.8186
vn 0.2401 0.6517 -0.7195
vn -0.0696 0.8982 0.4341
vn 0.8165 0.4188 -0.3973
vn 0.4229 0.8980 0.1219
vn -0.0126 0.7052 -0.7089
vn 0.0442 -0.3699 0.9280
vn -0.3456 0.6403 -0.6860
vn 0.6263 0.7348 0.2604
vn 0.6245 -0.1259 -0.7708
vn -0.2216 0.9741 0.0457
vn -0.8673 0.4575 0.1961
vn -0.2888 0.8416 -0.4564
vn 0.0996 0.9949 -0.0146
vn 0.6004 0.4888 0.6330
vn 0.7364 0.3337 0.5886
vn 0.0197 0.7034 -0.7105
vn -0.0551 0.8524 -0.5200
vn 0.3947 0.4432 -0.8049
vn 0.1737 0.7992 -0.5754
vn -0.2185 0.8928 -0.3938
vn -0.0361 0.9409 0.3369
vn 0.2739 0.6867 0.6733
vn 0.0158 0.8251 -0.5648
vn -0.3025 0.4988 -0.8122
vn -0.8043 -0.2902 0.5185
vn 0.5685 0.7655 -0.3013
vn -0.2845 0.5096 -0.8120
vn 0.8587 0.4105 0.3067
vn 0.9527 0.3020 -0.0335
vn -0.4593 0.8806 -0.1164
vn -0.1512 0.9442 0.2927
vn 0.7679 0.0248 -0.6400
vn -0.4984 0.8428 -0.2031
vn 0.5169 0.3894 0.7623
vn 0.3769 0.6158 -0.6920
vn 0.3334 0.7999 -0.4990
vn 0.4142 0.8727 0.2585
vn 0.4847 0.7190 0.4981
vn -0.7654 0.6315 0.1242
vn -0.1313 0.9408 -0.3124
vn -0.2978 0.8533 -0.4280
vn 0.7523 0.4540 -0.4774
vn 0.4687 0.8834 -0.0040
vn 0.7676 0.4681 0.4378
vn 0.2094 0.8495 0.4842
vn -0.1448 -0.5258 0.8382
vn -0.8822 -0.0947 0.4612
vn 0.1299 0.0320 0.9910
vn -0.3787 0.4892 -0.7856
vn -0.7191 0.5972 -0.3552
vn -0.3541 0.8584 0.3711
vn -0.1930 0.9530 -0.2334
vn -0.3178 0.7729 -0.5492
vn -0.0494 0.8967 0.4400
vn 0.3121 0.6571 0.6861
vn 0.6126 0.3550 0.7062
vn 0.2245 0.7453 0.6278
vn -0.0741 -0.1005 0.9922
vn 0.6533 0.7465 0.1264
vn 0.2766 -0.1370 0.9512
vn 0.4170 0.3754 0.8278
vn 0.1994 0.9300 0.3087
vn -0.6311 0.7637 -0.1359
vn -0.5370 0.8386 0.0913
vn 0.5337 0.2324 0.8131
vn 0.5120 -0.0142 0.8589
vn -0.7628 -0.1337 0.6326
vn -0.4195 0.7127 0.5623
vn -0.3986 0.3359 0.8534
vn 0.3379 0.7855 -0.5185
vn -0.0623 0.9980 -0.0048
vn -0.2021 0.9620 0.1835
vn -0.3085 0.7286 0.6115
vn -0.1562 0.9482 0.2767
vn 0.7315 0.6387 -0.2386
vn -0.0912 0.8856 -0.4553
vn -0.6678 0.7342 -0.1224
vn -0.5027 0.7393 -0.4480
vn -0.3779 0.8533 -0.3594
vn 0.2604 0.9295 -0.2610
vn -0.3810 0.5957 0.7071
vn 0.1215 0.9901 0.0710
vn 0.2407 0.9660 -0.0945
vn -0.1408 0.0702 0.9875
vn -0.6345 0.3417 0.6933
vn -0.4961 0.5950 0.6324
vn -0.1529 0.8526 -0.4997
vn -0.0126 -0.2560 0.9666
vn 0.0847 -0.0774 0.9934
vn 0.0056 0.9782 0.2078
vn -0.0044 0.9997 -0.0233
vn -0.0502 0.9726 0.2272
vn -0.3258 0.8528 0.4081
vn 0.1276 0.4246 -0.8963
vn -0.6245 0.7809 -0.0153
vn -0.5183 0.1734 -0.8375
vn 0.2787 0.9153 -0.2908
vn 0.1492 0.9337 0.3255
vn -0.8420 0.1946 0.5031
vn 0.4180 0.8699 0.2617
vn 0.4570 0.4916 -0.7412
vn -0.4820 -0.3230 -0.8145
vn 0.3548 0.8759 0.3270
vn -0.1015 0.9410 -0.3229
vn 0.0750 0.8582 0.5078
vn -0.1756 0.6582 0.7321
vn -0.1974 0.8158 0.5436
vn -0.1052 0.7593 0.6421
vn 0.0017 0.9745 0.2243
vn -0.0079 0.9615 0.2746
vn 0.4121 0.6690 0.6186
vn 0.1210 0.9250 -0.3603
vn -0.0406 0.9933 0.1080
vn -0.7896 0.6008 -0.1246
vn 0.0379 0.0083 0.9992
vt 0.601263 0.234318
vt 0.629796 0.234061
vt 0.617774 0.263738
vt 0.562568 0.133332
vt 0.532632 0.130816
vt 0.527792 0.115627
vt 0.165538 0.277808
vt 0.165530 0.305393
vt 0.134298 0.285526
vt 0.596044 0.342488
vt 0.587252 0.329380
vt 0.615861 0.327800
vt 0.312811 0.175628
vt 0.313799 0.194951
vt 0.299625 0.191563
vt 0.547153 0.833773
vt 0.563101 0.848826
vt 0.524845 0.858307
vt 0.854175 0.771229
vt 0.870357 0.792835
vt 0.829139 0.783438
vt 0.847969 0.819062
vt 0.874007 0.853264
vt 0.819562 0.852206
vt 0.157391 0.629274
vt 0.148423 0.582586
vt 0.160050 0.609895
vt 0.032944 0.456711
vt 0.015442 0.472954
vt 0.008915 0.457797
vt 0.019970 0.527211
vt 0.045079 0.552936
vt 0.008493 0.543294
vt 0.493772 0.039151
vt 0.439263 0.037595
vt 0.467554 0.024854
vt 0.637511 0.472450
vt 0.675533 0.453572
vt 0.668036 0.495854
vt 0.622496 0.213927
vt 0.608431 0.215471
vt 0.537568 0.872806
vt 0.791599 0.864413
vt 0.853791 0.873067
vt 0.824130 0.890298
vt 0.589112 0.836488
vt 0.577443 0.797552
vt 0.609000 0.813848
vt 0.522621 0.164848
vt 0.480553 0.181157
vt 0.505855 0.145710
vt 0.896834 0.052522
vt 0.864100 0.084525
vt 0.863903 0.054430
vt 0.759405 0.925708
vt 0.797576 0.925814
vt 0.814799 0.952237
vt 0.753385 0.910445
vt 0.717496 0.890579
vt 0.746330 0.887600
vt 0.458955 0.740509
vt 0.468810 0.725711
vt 0.513639 0.738245
vt 0.130227 0.903700
vt 0.152587 0.889871
vt 0.148022 0.932537
vt 0.641752 0.608491
vt 0.645811 0.579292
vt 0.652533 0.590788
vt 0.210441 0.493564
vt 0.229645 0.489271
vt 0.215949 0.519176
vt 0.704638 0.816216
vt 0.731939 0.792190
vt 0.722664 0.829173
vt 0.774262 0.750615
vt 0.790825 0.778168
vt 0.768686 0.772935
vt 0.211846 0.112425
vt 0.243557 0.145829
vt 0.213128 0.151275
vt 0.537109 0.571053
vt 0.511722 0.566174
vt 0.554115 0.538943
vt 0.633520 0.578838
vt 0.598448 0.594527
vt 0.619265 0.576856
vt 0.543736 0.083092
vt 0.569639 0.124361
vt 0.531304 0.090408
vt 0.810936 0.458064
vt 0.790017 0.490831
vt 0.778405 0.473313
vt 0.727051 0.139305
vt 0.743820 0.192000
vt 0.720564 0.223110
vt 0.108267 0.425313
vt 0.124342 0.434188
vt 0.100797 0.454444
vt 0.307938 0.067604
vt 0.339620 0.073167
vt 0.308115 0.080916
vt 0.069030 0.443357
vt 0.085669 0.450001
vt 0.055466 0.467969
vt 0.637202 0.287298
vt 0.684053 0.256112
vt 0.653796 0.291608
vt 0.314212 0.716726
vt 0.324687 0.726384
vt 0.315403 0.747411
vt 0.123208 0.762166
vt 0.106080 0.772694
vt 0.096396 0.752982
vt 0.600482 0.546892
vt 0.913692 0.380092
vt 0.911782 0.289686
vt 0.942689 0.337788
vt 0.537105 0.978608
vt 0.533942 0.970415
vt 0.559169 0.974097
vt 0.317325 0.564200
vt 0.323785 0.574781
vt 0.309034 0.587367
vt 0.036893 0.956289
vt 0.043860 0.939475
vt 0.047609 0.965717
vt 0.648252 0.967855
vt 0.678510 0.972164
vt 0.672990 0.987846
vt 0.596964 0.456792
vt 0.604724 0.430358
vt 0.624393 0.451196
vt 0.053139 0.642617
vt 0.073862 0.659460
vt 0.046868 0.675466
vt 0.442519 0.242795
vt 0.450242 0.264236
vt 0.431124 0.262888
vt 0.378585 0.910117
vt 0.349507 0.951035
vt 0.349477 0.909401
vt 0.198542 0.450871
vt 0.190574 0.440187
vt 0.222563 0.446316
vt 0.147067 0.812912
vt 0.109098 0.802840
vt 0.114254 0.789115
vt 0.508310 0.380376
vt 0.502668 0.407821
vt 0.483419 0.390668
vt 0.325129 0.876442
vt 0.355288 0.895587
vt 0.321230 0.891216
vt 0.965444 0.774505
vt 0.970649 0.792590
vt 0.950588 0.783307
vt 0.444365 0.738066
vt 0.438750 0.765226
vt 0.197738 0.819825
vt 0.198354 0.842121
vt 0.188229 0.833925
vt 0.082426 0.486419
vt 0.759584 0.204137
vt 0.766592 0.170591
vt 0.784594 0.190232
vt 0.166268 0.160107
vt 0.139887 0.122582
vt 0.161694 0.139953
vt 0.125446 0.075018
vt 0.138547 0.078434
vt 0.151853 0.096120
vt 0.082127 0.625082
vt 0.087176 0.639937
vt 0.061906 0.621908
vt 0.103576 0.363657
vt 0.089116 0.341415
vt 0.099459 0.281679
vt 0.141990 0.525944
vt 0.108406 0.529477
vt 0.117822 0.504005
vt 0.170502 0.553358
vt 0.156964 0.550089
vt 0.163762 0.528672
vt 0.842695 0.043692
vt 0.853174 0.062926
vt 0.824111 0.049983
vt 0.459275 0.363926
vt 0.435975 0.364724
vt 0.428013 0.332366
vt 0.722804 0.440671
vt 0.699271 0.468430
vt 0.665776 0.423811
vt 0.678899 0.434594
vt 0.650517 0.438584
vt 0.223037 0.334834
vt 0.224962 0.309477
vt 0.242177 0.327968
vt 0.591353 0.104974
vt 0.582359 0.112939
vt 0.566353 0.095693
vt 0.614311 0.110935
vt 0.604623 0.123242
vt 0.124471 0.601091
vt 0.126702 0.562769
vt 0.816090 0.037903
vt 0.825518 0.017676
vt 0.357692 0.219734
vt 0.340018 0.247142
vt 0.326557 0.234850
vt 0.352648 0.880980
vt 0.307516 0.864120
vt 0.335810 0.859811
vt 0.034053 0.575374
vt 0.006702 0.571798
vt 0.612397 0.525483
vt 0.758442 0.318474
vt 0.801691 0.307325
vt 0.768895 0.336135
vt 0.529146 0.218052
vt 0.547786 0.181411
vt 0.555579 0.200218
vt 0.741846 0.564942
vt 0.717575 0.549437
vt 0.765692 0.557718
vt 0.412513 0.336941
vt 0.380716 0.353925
vt 0.357505 0.327424
vt 0.372418 0.329921
vt 0.196883 0.308907
vt 0.186507 0.327430
vt 0.423064 0.315456
vt 0.403223 0.285856
vt 0.405586 0.239579
vt 0.148286 0.558173
vt 0.150616 0.533385
vt 0.087222 0.131812
vt 0.091525 0.179434
vt 0.068239 0.168451
vt 0.907669 0.871788
vt 0.935994 0.883367
vt 0.908072 0.914257
vt 0.686326 0.092469
vt 0.663383 0.060092
vt 0.690769 0.055583
vt 0.261110 0.282325
vt 0.205730 0.230071
vt 0.224018 0.236348
vt 0.337361 0.128193
vt 0.311465 0.122044
vt 0.351220 0.086503
vt 0.371205 0.222429
vt 0.388335 0.178662
vt 0.392023 0.231195
vt 0.405781 0.146717
vt 0.393114 0.141774
vt 0.163151 0.434438
vt 0.092945 0.483745
vt 0.162463 0.423109
vt 0.796705 0.103930
vt 0.809934 0.128470
vt 0.795335 0.123999
vt 0.933975 0.279076
vt 0.936528 0.312589
vt 0.917421 0.280998
vt 0.545445 0.298569
vt 0.549120 0.319841
vt 0.517910 0.330755
vt 0.837793 0.112251
vt 0.868011 0.126890
vt 0.850358 0.140246
vt 0.827821 0.189528
vt 0.811356 0.198721
vt 0.806142 0.181155
vt 0.817830 0.324158
vt 0.829781 0.296894
vt 0.813890 0.774633
vt 0.120830 0.551266
vt 0.139812 0.541178
vt 0.158108 0.777651
vt 0.179818 0.768198
vt 0.157830 0.818381
vt 0.122986 0.652365
vt 0.142890 0.656560
vt 0.113594 0.674954
vt 0.611074 0.634025
vt 0.625916 0.659365
vt 0.605234 0.664219
vt 0.239848 0.913640
vt 0.220549 0.938943
vt 0.222147 0.906518
vt 0.570444 0.190139
vt 0.583177 0.197099
vt 0.563216 0.201515
vt 0.466583 0.343264
vt 0.739143 0.768325
vt 0.798055 0.801375
vt 0.736727 0.778826
vt 0.891815 0.965597
vt 0.894963 0.954847
vt 0.925197 0.964632
vt 0.895981 0.398216
vt 0.895607 0.353894
vt 0.912598 0.397777
vt 0.253137 0.097023
vt 0.262226 0.113540
vt 0.621180 0.401343
vt 0.607309 0.397827
vt 0.621963 0.382674
vt 0.651172 0.383073
vt 0.438039 0.304829
vt 0.918853 0.143546
vt 0.887735 0.121559
vt 0.929740 0.127355
vt 0.264740 0.128691
vt 0.318018 0.421125
vt 0.333449 0.398624
vt 0.355446 0.406892
vt 0.768315 0.145453
vt 0.782568 0.134789
vt 0.778060 0.154808
vt 0.683980 0.344035
vt 0.682468 0.317922
vt 0.702863 0.334176
vt 0.719309 0.962303
vt 0.732380 0.937235
vt 0.746515 0.963586
vt 0.464250 0.218078
vt 0.464972 0.246654
vt 0.551944 0.526520
vt 0.552251 0.514457
vt 0.579176 0.497990
vt 0.181039 0.463131
vt 0.194475 0.485743
vt 0.149546 0.498141
vt 0.077927 0.845714
vt 0.104064 0.827809
vt 0.120256 0.841080
vt 0.897797 0.187471
vt 0.901908 0.157612
vt 0.915580 0.175471
vt 0.887030 0.169918
vt 0.878031 0.201770
vt 0.865199 0.180544
vt 0.821967 0.929509
vt 0.837649 0.963469
vt 0.711611 0.038712
vt 0.754455 0.045879
vt 0.714311 0.063198
vt 0.239471 0.844072
vt 0.264991 0.827460
vt 0.266218 0.862237
vt 0.252879 0.872477
vt 0.182560 0.452665
vt 0.295903 0.046249
vt 0.305319 0.062560
vt 0.295459 0.071024
vt 0.059546 0.227652
vt 0.060299 0.200980
vt 0.077870 0.220897
vt 0.442041 0.171746
vt 0.452678 0.134039
vt 0.467059 0.164638
vt 0.662449 0.333189
vt 0.645014 0.311262
vt 0.258505 0.566451
vt 0.242342 0.561013
vt 0.267774 0.532009
vt 0.094254 0.536930
vt 0.080052 0.530918
vt 0.103874 0.503249
vt 0.133273 0.105290
vt 0.094259 0.144082
vt 0.099912 0.108867
vt 0.113037 0.128487
vt 0.128736 0.166090
vt 0.128283 0.183299
vt 0.097118 0.170458
vt 0.578161 0.442674
vt 0.559578 0.460888
vt 0.545903 0.449611
vt 0.070603 0.966491
vt 0.088634 0.952516
vt 0.090265 0.973664
vt 0.066719 0.367930
vt 0.082823 0.365022
vt 0.066282 0.381496
vt 0.172700 0.678337
vt 0.198338 0.664380
vt 0.192697 0.687455
vt 0.154724 0.692830
vt 0.189225 0.704889
vt 0.168753 0.719561
vt 0.237915 0.429702
vt 0.242359 0.465713
vt 0.944839 0.902928
vt 0.947684 0.913576
vt 0.931108 0.946405
vt 0.242977 0.234186
vt 0.219993 0.221803
vt 0.086397 0.502396
vt 0.111662 0.486509
vt 0.097134 0.490875
vt 0.924481 0.456040
vt 0.950043 0.432376
vt 0.952784 0.454572
vt 0.913123 0.472686
vt 0.941191 0.469461
vt 0.958914 0.478629
vt 0.273257 0.617764
vt 0.257599 0.644471
vt 0.247188 0.642364
vt 0.613191 0.759117
vt 0.564832 0.780150
vt 0.543604 0.766919
vt 0.557917 0.810117
vt 0.522276 0.809016
vt 0.540608 0.793553
vt 0.078656 0.295763
vt 0.088826 0.259155
vt 0.775892 0.091469
vt 0.755355 0.086970
vt 0.770049 0.069311
vt 0.553247 0.608984
vt 0.519214 0.606934
vt 0.541423 0.595205
vt 0.328602 0.018967
vt 0.348457 0.053214
vt 0.316920 0.047266
vt 0.310306 0.024182
vt 0.542324 0.147429
vt 0.550589 0.371293
vt 0.529969 0.354036
vt 0.560417 0.331877
vt 0.530046 0.385938
vt 0.516642 0.364188
vt 0.545837 0.379003
vt 0.652488 0.748245
vt 0.661445 0.760903
vt 0.639395 0.777324
vt 0.826861 0.160760
vt 0.802953 0.167487
vt 0.811621 0.147926
vt 0.550148 0.736282
vt 0.532099 0.753311
vt 0.967883 0.814968
vt 0.947230 0.806896
vt 0.105498 0.704874
vt 0.118583 0.695160
vt 0.119185 0.725309
vt 0.451574 0.114497
vt 0.433158 0.140205
vt 0.489265 0.066845
vt 0.487083 0.089536
vt 0.466717 0.089229
vt 0.668056 0.853224
vt 0.709771 0.840406
vt 0.728789 0.871793
vt 0.633072 0.902885
vt 0.652310 0.878079
vt 0.673894 0.907421
vt 0.462515 0.401472
vt 0.470593 0.373537
vt 0.472534 0.400607
vt 0.372717 0.806484
vt 0.386338 0.833273
vt 0.336621 0.811002
vt 0.398114 0.852495
vt 0.087803 0.919543
vt 0.054655 0.931790
vt 0.065715 0.902234
vt 0.071107 0.722664
vt 0.083409 0.708770
vt 0.107295 0.217585
vt 0.092618 0.201030
vt 0.099245 0.191744
vt 0.180188 0.802910
vt 0.186262 0.776040
vt 0.195930 0.783701
vt 0.933626 0.785743
vt 0.916985 0.814614
vt 0.132603 0.642170
vt 0.102564 0.874540
vt 0.121691 0.883814
vt 0.070418 0.891241
vt 0.507532 0.589068
vt 0.507549 0.576923
vt 0.538556 0.578458
vt 0.186125 0.430042
vt 0.383690 0.260646
vt 0.364636 0.254505
vt 0.415900 0.096277
vt 0.390563 0.087916
vt 0.432112 0.062406
vt 0.220190 0.537818
vt 0.234168 0.560304
vt 0.216056 0.555629
vt 0.410305 0.024831
vt 0.505297 0.795888
vt 0.482805 0.761125
vt 0.522083 0.752692
vt 0.773945 0.888709
vt 0.776787 0.272414
vt 0.741730 0.266503
vt 0.769221 0.248533
vt 0.915589 0.709588
vt 0.921852 0.744374
vt 0.915660 0.742911
vt 0.603130 0.575008
vt 0.627306 0.555925
vt 0.406808 0.308692
vt 0.394273 0.308404
vt 0.365745 0.312256
vt 0.348451 0.302070
vt 0.570669 0.932045
vt 0.574994 0.904850
vt 0.576361 0.939617
vt 0.876984 0.101124
vt 0.909732 0.086331
vt 0.917295 0.105116
vt 0.728145 0.531367
vt 0.762659 0.525419
vt 0.874837 0.880474
vt 0.847879 0.924939
vt 0.374095 0.149414
vt 0.360597 0.128011
vt 0.363049 0.109021
vt 0.421239 0.120775
vt 0.396133 0.117289
vt 0.513707 0.545836
vt 0.086924 0.242104
vt 0.085258 0.208079
vt 0.721074 0.594597
vt 0.672757 0.583162
vt 0.704607 0.564431
vt 0.269898 0.062617
vt 0.293157 0.057543
vt 0.419797 0.880889
vt 0.432062 0.914117
vt 0.408676 0.909417
vt 0.239275 0.870523
vt 0.218474 0.858793
vt 0.227148 0.846100
vt 0.829356 0.144465
vt 0.433755 0.122833
vt 0.438986 0.100750
vt 0.895154 0.503822
vt 0.864747 0.482914
vt 0.904744 0.483848
vt 0.608007 0.886739
vt 0.621098 0.835956
vt 0.689815 0.410594
vt 0.674382 0.405493
vt 0.675141 0.371013
vt 0.658594 0.411772
vt 0.562611 0.241545
vt 0.536431 0.230533
vt 0.881022 0.244179
vt 0.895637 0.238601
vt 0.905377 0.265360
vt 0.735244 0.618935
vt 0.726066 0.661211
vt 0.714937 0.645670
vt 0.224662 0.211379
vt 0.213164 0.191676
vt 0.237849 0.192643
vt 0.641023 0.546549
vt 0.623257 0.538125
vt 0.472381 0.136651
vt 0.480894 0.153925
vt 0.395651 0.396040
vt 0.390962 0.431254
vt 0.132940 0.925311
vt 0.102006 0.255724
vt 0.279403 0.093719
vt 0.290975 0.100145
vt 0.277895 0.115054
vt 0.850729 0.861932
vt 0.851655 0.196021
vt 0.858111 0.217754
vt 0.644217 0.564108
vt 0.647023 0.250922
vt 0.686057 0.243709
vt 0.379161 0.104760
vt 0.254782 0.904074
vt 0.278425 0.903281
vt 0.300678 0.967166
vt 0.304966 0.936103
vt 0.323804 0.952729
vt 0.516657 0.375257
vt 0.262065 0.501828
vt 0.243970 0.482987
vt 0.276614 0.495941
vt 0.460957 0.195653
vt 0.493490 0.188048
vt 0.475239 0.211486
vt 0.592123 0.523604
vt 0.621707 0.495522
vt 0.149936 0.212247
vt 0.124773 0.226067
vt 0.141999 0.204936
vt 0.130871 0.202131
vt 0.603207 0.155963
vt 0.562567 0.152549
vt 0.988244 0.764767
vt 0.939920 0.763259
vt 0.356477 0.200149
vt 0.354125 0.168815
vt 0.670924 0.564918
vt 0.238659 0.669594
vt 0.068847 0.605241
vt 0.200024 0.058375
vt 0.224561 0.072753
vt 0.179606 0.092986
vt 0.225850 0.291348
vt 0.633669 0.691798
vt 0.609889 0.700186
vt 0.607571 0.682612
vt 0.990164 0.776609
vt 0.849237 0.933974
vt 0.854349 0.950564
vt 0.799919 0.055494
vt 0.383807 0.942287
vt 0.386117 0.968404
vt 0.557910 0.784327
vt 0.571328 0.820052
vt 0.714269 0.393892
vt 0.705464 0.425507
vt 0.692648 0.395495
vt 0.449004 0.081652
vt 0.074294 0.853313
vt 0.068534 0.884319
vt 0.055638 0.873003
vt 0.967480 0.838322
vt 0.939859 0.819173
vt 0.660216 0.037957
vt 0.666475 0.021646
vt 0.179308 0.185965
vt 0.164073 0.184926
vt 0.157354 0.176128
vt 0.875271 0.159032
vt 0.303089 0.556629
vt 0.874373 0.354322
vt 0.871612 0.394459
vt 0.851791 0.393461
vt 0.310583 0.533368
vt 0.279282 0.551111
vt 0.795929 0.162907
vt 0.645364 0.650605
vt 0.670431 0.616750
vt 0.672140 0.638971
vt 0.186167 0.025562
vt 0.191358 0.047569
vt 0.166920 0.053998
vt 0.176859 0.569396
vt 0.166952 0.574421
vt 0.295663 0.790770
vt 0.290927 0.818855
vt 0.271736 0.791044
vt 0.715025 0.530668
vt 0.704093 0.524358
vt 0.712936 0.506907
vt 0.250366 0.522467
vt 0.283683 0.508229
vt 0.288811 0.523297
vt 0.686030 0.481876
vt 0.703411 0.485953
vt 0.757725 0.461723
vt 0.733929 0.500989
vt 0.743065 0.454548
vt 0.323797 0.150713
vt 0.306703 0.161843
vt 0.284068 0.158149
vt 0.181499 0.586529
vt 0.176264 0.624257
vt 0.636951 0.106631
vt 0.652289 0.124574
vt 0.644441 0.150769
vt 0.079694 0.263289
vt 0.656610 0.191976
vt 0.669675 0.151405
vt 0.686261 0.162331
vt 0.921814 0.438804
vt 0.898639 0.418125
vt 0.912250 0.415343
vt 0.924326 0.413272
vt 0.931469 0.408660
vt 0.928199 0.429061
vt 0.255537 0.809235
vt 0.265024 0.781420
vt 0.272386 0.810457
vt 0.507031 0.190014
vt 0.537436 0.188874
vt 0.509128 0.204629
vt 0.375021 0.070487
vt 0.760066 0.438011
vt 0.609690 0.356146
vt 0.591093 0.354664
vt 0.598258 0.377635
vt 0.505372 0.352245
vt 0.281465 0.845021
vt 0.948801 0.301136
vt 0.960147 0.327402
vt 0.952397 0.338262
vt 0.443878 0.928622
vt 0.485225 0.956919
vt 0.454012 0.944367
vt 0.883954 0.353377
vt 0.890562 0.327388
vt 0.040513 0.386860
vt 0.006320 0.450501
vt 0.003452 0.420210
vt 0.138060 0.642431
vt 0.148140 0.639914
vt 0.243323 0.580813
vt 0.250605 0.575551
vt 0.879801 0.150916
vt 0.835139 0.142026
vt 0.663776 0.670122
vt 0.640663 0.677482
vt 0.656436 0.696019
vt 0.705014 0.712520
vt 0.674255 0.720534
vt 0.398122 0.917342
vt 0.405931 0.912953
vt 0.211450 0.023631
vt 0.235991 0.029316
vt 0.229394 0.040651
vt 0.487173 0.274103
vt 0.480015 0.287330
vt 0.063675 0.498418
vt 0.051592 0.525195
vt 0.643743 0.942063
vt 0.625305 0.960622
vt 0.614892 0.941238
vt 0.601914 0.952819
vt 0.612332 0.469758
vt 0.596524 0.484649
vt 0.588941 0.466465
vt 0.571631 0.482123
vt 0.555023 0.488705
vt 0.581167 0.588013
vt 0.720772 0.756374
vt 0.715907 0.764087
vt 0.896624 0.520791
vt 0.901659 0.512354
vt 0.937259 0.521781
vt 0.030308 0.659502
vt 0.042179 0.633126
vt 0.063832 0.638756
vt 0.669666 0.993342
vt 0.145395 0.836993
vt 0.153709 0.839025
vt 0.681058 0.882280
vt 0.697014 0.901332
vt 0.348103 0.862406
vt 0.371698 0.876139
vt 0.805892 0.974456
vt 0.427646 0.025336
vt 0.907503 0.443639
vt 0.253054 0.165666
vt 0.662151 0.306601
vt 0.694043 0.291028
vt 0.570988 0.075388
vt 0.682686 0.516469
vt 0.690114 0.506452
vt 0.630563 0.922194
vt 0.696624 0.268021
vt 0.718161 0.230887
vt 0.690380 0.760767
vt 0.064544 0.709881
vt 0.433771 0.934169
vt 0.799126 0.515062
vt 0.773630 0.505824
vt 0.859723 0.800860
vt 0.569799 0.213735
vt 0.138869 0.734860
vt 0.125450 0.747369
vt 0.489069 0.120672
vt 0.346835 0.211847
vt 0.308906 0.217890
vt 0.306778 0.208718
vt 0.702715 0.735518
vt 0.870240 0.935216
vt 0.991500 0.737018
vt 0.982655 0.724270
vt 0.996590 0.715078
vt 0.949295 0.734175
vt 0.955994 0.739953
vt 0.506605 0.117510
vt 0.478448 0.105730
vt 0.048878 0.439862
vt 0.033259 0.436675
vt 0.045281 0.421923
vt 0.574962 0.433847
vt 0.576073 0.401901
vt 0.247114 0.358434
vt 0.751989 0.062801
vt 0.731590 0.071292
vt 0.734191 0.092894
vt 0.775768 0.591629
vt 0.795287 0.591787
vt 0.924415 0.944103
vt 0.580185 0.562596
vt 0.140079 0.461793
vt 0.109789 0.478106
vt 0.095106 0.556251
vt 0.791280 0.148382
vt 0.309599 0.829085
vt 0.302494 0.833880
vt 0.755631 0.741383
vt 0.749523 0.754434
vt 0.216332 0.647610
vt 0.209433 0.662055
vt 0.108444 0.928003
vt 0.805009 0.067467
vt 0.818192 0.087289
vt 0.457535 0.438555
vt 0.447628 0.398482
vt 0.608727 0.744148
vt 0.590215 0.716187
vt 0.551861 0.533105
vt 0.750135 0.603705
vt 0.509574 0.307923
vt 0.497580 0.323740
vt 0.800800 0.337587
vt 0.789436 0.375063
vt 0.774662 0.351870
vt 0.735537 0.670943
vt 0.729528 0.685019
vt 0.911176 0.077271
vt 0.886988 0.077403
vt 0.908431 0.059571
vt 0.179079 0.409547
vt 0.156253 0.396745
vt 0.159075 0.409833
vt 0.756011 0.853262
vt 0.748660 0.876740
vt 0.715101 0.349535
vt 0.748041 0.349804
vt 0.716421 0.371639
vt 0.703543 0.359647
vt 0.201313 0.425693
vt 0.875759 0.781915
vt 0.813558 0.283728
vt 0.800006 0.256148
vt 0.828269 0.266736
vt 0.333568 0.463029
vt 0.369584 0.483398
vt 0.346846 0.504522
vt 0.831485 0.280854
vt 0.404916 0.926005
vt 0.522498 0.247929
vt 0.511870 0.235534
vt 0.802237 0.531784
vt 0.817144 0.538899
vt 0.786286 0.557319
vt 0.504485 0.273987
vt 0.494563 0.217772
vt 0.706914 0.669107
vt 0.705103 0.653264
vt 0.296809 0.886967
vt 0.290643 0.873199
vt 0.740928 0.165941
vt 0.879254 0.519579
vt 0.874285 0.507292
vt 0.789362 0.854322
vt 0.142748 0.360982
vt 0.132017 0.387377
vt 0.118450 0.375458
vt 0.381439 0.495506
vt 0.362461 0.501284
vt 0.574588 0.884968
vt 0.562453 0.895462
vt 0.129351 0.123794
vt 0.163344 0.167712
vt 0.624495 0.865246
vt 0.755200 0.332351
vt 0.737278 0.327164
vt 0.753271 0.306993
vt 0.891941 0.915662
vt 0.575446 0.348769
vt 0.434362 0.956583
vt 0.412652 0.952284
vt 0.454648 0.954706
vt 0.697100 0.049493
vt 0.902568 0.227577
vt 0.913531 0.245091
vt 0.222033 0.889975
vt 0.208492 0.885523
vt 0.862743 0.019620
vt 0.861252 0.036132
vt 0.381742 0.469908
vt 0.080018 0.202670
vt 0.595608 0.777919
vt 0.320144 0.313762
vt 0.102859 0.675315
vt 0.096678 0.692890
vt 0.387925 0.370812
vt 0.414520 0.395182
vt 0.305064 0.267945
vt 0.332340 0.275067
vt 0.359935 0.291952
vt 0.179817 0.008390
vt 0.169782 0.036510
vt 0.151349 0.032523
vt 0.956226 0.539806
vt 0.967415 0.561689
vt 0.954090 0.564541
vt 0.918280 0.412255
vt 0.167305 0.004944
vt 0.751814 0.838412
vt 0.703236 0.086727
vt 0.260206 0.964407
vt 0.294468 0.982862
vt 0.275072 0.982888
vt 0.142689 0.826042
vt 0.242005 0.895894
vt 0.782985 0.034698
vt 0.137243 0.710422
vt 0.132057 0.675260
vt 0.967836 0.879246
vt 0.101147 0.602942
vt 0.403684 0.133100
vt 0.556692 0.584004
vt 0.577246 0.605420
vt 0.570424 0.629714
vt 0.675730 0.536421
vt 0.146584 0.506307
vt 0.517545 0.089332
vt 0.267159 0.083221
vt 0.139726 0.394011
vt 0.148265 0.381705
vt 0.588868 0.621444
vt 0.615919 0.614564
vt 0.205604 0.632637
vt 0.190262 0.641393
vt 0.524994 0.943731
vt 0.511262 0.962769
vt 0.528138 0.979255
vt 0.051594 0.915804
vt 0.193599 0.527100
vt 0.292465 0.755985
vt 0.289260 0.772582
vt 0.254555 0.739992
vt 0.559925 0.959605
vt 0.558436 0.967421
vt 0.269514 0.937184
vt 0.271299 0.038783
vt 0.273973 0.024197
vt 0.793397 0.026986
vt 0.425896 0.250060
vt 0.442396 0.223109
vt 0.631958 0.029366
vt 0.644603 0.047972
vt 0.637783 0.072697
vt 0.913339 0.835688
vt 0.191046 0.157954
vt 0.186618 0.138298
vt 0.400188 0.193682
vt 0.435418 0.198429
vt 0.415095 0.226693
vt 0.102535 0.391239
vt 0.062009 0.401059
vt 0.735751 0.737768
vt 0.128140 0.855758
vt 0.726503 0.462763
vt 0.078142 0.690471
vt 0.088224 0.664494
vt 0.387970 0.039663
vt 0.606634 0.224882
vt 0.189686 0.758817
vt 0.558932 0.571935
vt 0.592294 0.910863
vt 0.955177 0.916173
vt 0.966831 0.895441
vt 0.115863 0.345154
vt 0.149321 0.112442
vt 0.119538 0.085783
vt 0.101984 0.656517
vt 0.705800 0.625128
vt 0.686109 0.603839
vt 0.926663 0.773685
vt 0.023038 0.596641
vt 0.676648 0.689114
vt 0.677799 0.662269
vt 0.870664 0.767840
vt 0.898184 0.756978
vt 0.453359 0.049441
vt 0.240552 0.036071
vt 0.246058 0.052380
vt 0.462468 0.065431
vt 0.449055 0.292254
vt 0.463608 0.297284
vt 0.749163 0.116884
vt 0.738219 0.140579
vt 0.738197 0.106278
vt 0.357853 0.371415
vt 0.450392 0.970858
vt 0.445986 0.994736
vt 0.424454 0.993717
vt 0.263424 0.228719
vt 0.262158 0.248157
vt 0.875388 0.307489
vt 0.931719 0.750492
vt 0.925327 0.515078
vt 0.111467 0.574341
vt 0.091273 0.585507
vt 0.065329 0.566089
vt 0.821168 0.119793
vt 0.628449 0.486296
vt 0.637862 0.014203
vt 0.343438 0.160493
vt 0.969561 0.510213
vt 0.944161 0.532688
vt 0.527794 0.174070
vt 0.855371 0.457927
vt 0.861978 0.465136
vt 0.858825 0.484837
vt 0.881149 0.422559
vt 0.886614 0.386191
vt 0.352522 0.786630
vt 0.327250 0.771037
vt 0.063135 0.188108
vt 0.708801 0.230792
vt 0.479573 0.362405
vt 0.657094 0.501717
vt 0.648971 0.487613
vt 0.721037 0.314558
vt 0.652858 0.536094
vt 0.967392 0.803172
vt 0.734280 0.251187
vt 0.708307 0.278076
vt 0.745429 0.243764
vt 0.579732 0.791125
vt 0.250122 0.597620
vt 0.369094 0.843759
vt 0.692530 0.936025
vt 0.708755 0.928567
vt 0.148145 0.314878
vt 0.127541 0.352188
vt 0.524979 0.291980
vt 0.068648 0.797127
vt 0.069488 0.821617
vt 0.275437 0.577377
vt 0.056230 0.240627
vt 0.883660 0.287101
vt 0.784465 0.306157
vt 0.304899 0.817391
vt 0.698236 0.530813
vt 0.276180 0.393566
vt 0.265294 0.397913
vt 0.268642 0.363813
vt 0.721798 0.032798
vt 0.336644 0.824849
vt 0.222942 0.402325
vt 0.251322 0.391045
vt 0.245766 0.412621
vt 0.167765 0.647136
vt 0.961280 0.306560
vt 0.968779 0.325463
vt 0.116037 0.853628
vt 0.166050 0.993672
vt 0.165369 0.972143
vt 0.176590 0.964670
vt 0.156165 0.990224
vt 0.149727 0.967242
vt 0.671422 0.892241
vt 0.877827 0.952475
vt 0.861986 0.953708
vt 0.353970 0.762078
vt 0.815885 0.761555
vt 0.661458 0.526396
vt 0.068427 0.516332
vt 0.629198 0.753200
vt 0.399381 0.493682
vt 0.398515 0.508922
vt 0.559980 0.169110
vt 0.166395 0.590336
vt 0.638191 0.977686
vt 0.422346 0.176778
vt 0.042225 0.606298
vt 0.016497 0.620077
vt 0.388359 0.526966
vt 0.379859 0.510620
vt 0.357691 0.537652
vt 0.860973 0.413323
vt 0.338396 0.382607
vt 0.309669 0.401536
vt 0.633986 0.512794
vt 0.645619 0.517436
vt 0.678429 0.468790
vt 0.373187 0.280950
vt 0.646422 0.847882
vt 0.676461 0.868246
vt 0.829349 0.070316
vt 0.839876 0.081633
vt 0.541299 0.263529
vt 0.570171 0.314391
vt 0.012167 0.597156
vt 0.023966 0.636570
vt 0.559558 0.279918
vt 0.580175 0.284828
vt 0.568978 0.307353
vt 0.690939 0.778359
vt 0.707814 0.767548
vt 0.717591 0.777081
vt 0.038290 0.416974
vt 0.202124 0.899824
vt 0.635813 0.332149
vt 0.762446 0.619809
vt 0.386518 0.280288
vt 0.963227 0.530589
vt 0.486882 0.947430
vt 0.124500 0.947020
vt 0.115770 0.969961
vt 0.300754 0.500168
vt 0.288683 0.485883
vt 0.210048 0.958400
vt 0.250510 0.936301
vt 0.231823 0.929269
vt 0.475275 0.250237
vt 0.089447 0.369973
vt 0.524481 0.786708
vt 0.535262 0.771945
vt 0.643163 0.426439
vt 0.640059 0.411950
vt 0.650557 0.408904
vt 0.831172 0.762419
vt 0.497512 0.411363
vt 0.480782 0.405561
vt 0.265437 0.156715
vt 0.274750 0.186950
vt 0.397976 0.448195
vt 0.404992 0.478277
vt 0.248528 0.535066
vt 0.254330 0.439679
vt 0.938860 0.842983
vt 0.612288 0.314077
vt 0.476499 0.314426
vt 0.075557 0.272424
vt 0.040135 0.285143
vt 0.068549 0.243266
vt 0.178386 0.528808
vt 0.277435 0.822334
vt 0.178712 0.865786
vt 0.487986 0.337756
vt 0.171960 0.508830
vt 0.202705 0.699444
vt 0.212030 0.680469
vt 0.622491 0.077177
vt 0.616721 0.063440
vt 0.194398 0.470625
vt 0.208530 0.476001
vt 0.080314 0.187649
vt 0.625790 0.413772
vt 0.363022 0.450934
vt 0.032637 0.469137
vt 0.960988 0.572034
vt 0.380448 0.007968
vt 0.393219 0.007659
vt 0.965439 0.502032
vt 0.415768 0.923345
vt 0.220095 0.361613
vt 0.166550 0.346475
vt 0.117177 0.640857
vt 0.953009 0.409836
vt 0.672531 0.048026
vt 0.509359 0.510585
vt 0.504077 0.500201
vt 0.510952 0.485239
vt 0.722858 0.104503
vt 0.086089 0.766309
vt 0.074067 0.737538
vt 0.198119 0.394344
vt 0.168843 0.371075
vt 0.142931 0.486061
vt 0.157073 0.465374
vt 0.088310 0.382502
vt 0.695919 0.102629
vt 0.685517 0.113334
vt 0.614336 0.295794
vt 0.821726 0.921908
vt 0.799914 0.915862
vt 0.830836 0.796608
vt 0.369897 0.025966
vt 0.358451 0.011364
vt 0.326031 0.839441
vt 0.334192 0.839922
vt 0.979842 0.793192
vt 0.577208 0.656996
vt 0.205405 0.198666
vt 0.190008 0.174655
vt 0.718541 0.909978
vt 0.301957 0.329516
vt 0.302940 0.307573
vt 0.782990 0.524561
vt 0.602856 0.889961
vt 0.235973 0.210543
vt 0.132431 0.479746
vt 0.274521 0.407913
vt 0.116621 0.612455
vt 0.108598 0.617213
vt 0.579839 0.176538
vt 0.676769 0.753644
vt 0.280003 0.129103
vt 0.687706 0.639374
vt 0.831457 0.186107
vt 0.697609 0.156807
vt 0.897360 0.526522
vt 0.902076 0.531482
vt 0.581396 0.262105
vt 0.591759 0.233349
vt 0.572485 0.377523
vt 0.708303 0.124045
vt 0.838236 0.195238
vt 0.633744 0.528709
vt 0.073182 0.839608
vt 0.319859 0.904371
vt 0.323378 0.432938
vt 0.283598 0.460105
vt 0.245680 0.067489
vt 0.831235 0.558129
vt 0.808095 0.578081
vt 0.503505 0.134975
vt 0.494580 0.135869
vt 0.944214 0.552248
vt 0.739346 0.435067
vt 0.428650 0.382524
vt 0.404781 0.377139
vt 0.515554 0.842549
vt 0.870656 0.329298
vt 0.874908 0.830522
vt 0.892236 0.822792
vt 0.568107 0.429195
vt 0.130640 0.404807
vt 0.118955 0.401118
vt 0.252844 0.027475
vt 0.179631 0.821324
vt 0.790662 0.810530
vt 0.835799 0.807100
vt 0.813267 0.819170
vt 0.401675 0.993627
vt 0.384697 0.994483
vt 0.556083 0.914174
vt 0.918775 0.536554
vt 0.973031 0.712657
vt 0.692584 0.216386
vt 0.944353 0.720786
vt 0.304566 0.363036
vt 0.321126 0.353136
vt 0.266904 0.193219
vt 0.194048 0.264256
vt 0.736263 0.707079
vt 0.700607 0.686063
vt 0.931021 0.208901
vt 0.922644 0.205648
vt 0.356844 0.730915
vt 0.923759 0.704874
vt 0.923561 0.711290
vt 0.775089 0.455933
vt 0.135450 0.634595
vt 0.525856 0.484807
vt 0.516648 0.478400
vt 0.566991 0.757100
vt 0.668800 0.787319
vt 0.670379 0.771529
vt 0.678647 0.725031
vt 0.739572 0.913637
vt 0.847764 0.804780
vt 0.067292 0.545121
vt 0.070314 0.317421
vt 0.083394 0.327751
vt 0.063795 0.337128
vt 0.042422 0.353472
vt 0.295243 0.030071
vt 0.354668 0.974609
vt 0.362254 0.993452
vt 0.205463 0.589568
vt 0.215649 0.603598
vt 0.796208 0.421891
vt 0.737701 0.389383
vt 0.847703 0.759097
vt 0.934733 0.151864
vt 0.932465 0.181390
vt 0.746804 0.427112
vt 0.303534 0.909072
vt 0.937485 0.381096
vt 0.958772 0.378641
vt 0.773917 0.520102
vt 0.308895 0.226552
vt 0.308033 0.241397
vt 0.291306 0.947130
vt 0.510248 0.402968
vt 0.626138 0.113719
vt 0.615616 0.135590
vt 0.171848 0.752498
vt 0.187434 0.749599
vt 0.175185 0.435400
vt 0.688474 0.751014
vt 0.135556 0.951673
vt 0.630886 0.627086
vt 0.306950 0.380759
vt 0.160157 0.447189
vt 0.957953 0.708940
vt 0.449032 0.227950
vt 0.865416 0.511755
vt 0.572367 0.665971
vt 0.542702 0.646393
vt 0.224492 0.677546
vt 0.552619 0.065486
vt 0.028347 0.654188
vt 0.951912 0.274162
vt 0.957282 0.292733
vt 0.260654 0.072791
vt 0.375315 0.126304
vt 0.162155 0.248111
vt 0.304541 0.983850
vt 0.666391 0.388298
vt 0.082300 0.346533
vt 0.089258 0.361094
vt 0.850582 0.445978
vt 0.799779 0.794730
vt 0.189346 0.614779
vt 0.211945 0.964607
vt 0.511531 0.052281
vt 0.442952 0.457680
vt 0.422630 0.454781
vt 0.430117 0.474088
vt 0.239391 0.499632
vt 0.672023 0.960021
vt 0.175329 0.994905
vt 0.144186 0.620654
vt 0.055207 0.895215
vt 0.411126 0.486315
vt 0.557542 0.681084
vt 0.387223 0.331165
vt 0.398609 0.349850
vt 0.287850 0.730083
vt 0.694800 0.803763
vt 0.664606 0.796722
vt 0.183670 0.205170
vt 0.187933 0.216890
vt 0.168651 0.220775
vt 0.098847 0.778936
vt 0.420654 0.422303
vt 0.601300 0.279209
vt 0.601266 0.299813
vt 0.538841 0.620902
vt 0.472437 0.962197
vt 0.358184 0.775311
vt 0.699536 0.212291
vt 0.611147 0.749107
vt 0.589184 0.750843
vt 0.165968 0.896010
vt 0.163727 0.945856
vt 0.677122 0.816026
vt 0.879060 0.232777
vt 0.391990 0.300916
vt 0.165957 0.205118
vt 0.258230 0.712826
vt 0.712851 0.487839
vt 0.031592 0.301923
vt 0.057036 0.323094
vt 0.936952 0.228819
vt 0.568117 0.734623
vt 0.784440 0.121526
vt 0.313618 0.554712
vt 0.547411 0.887362
vt 0.674779 0.284942
vt 0.661311 0.296697
vt 0.638080 0.790987
vt 0.658334 0.219558
vt 0.666743 0.226776
vt 0.649193 0.211499
vt 0.100227 0.627979
vt 0.874447 0.964922
vt 0.471883 0.792921
vt 0.499416 0.816199
vt 0.662440 0.099326
vt 0.068742 0.956737
vt 0.722387 0.971279
vt 0.524288 0.620736
vt 0.980717 0.853683
vt 0.951358 0.873823
vt 0.574204 0.701432
vt 0.402122 0.868240
vt 0.669467 0.727990
vt 0.647358 0.731894
vt 0.830582 0.495602
vt 0.816365 0.500082
vt 0.823596 0.478908
vt 0.812091 0.521750
vt 0.405214 0.175226
vt 0.110256 0.938056
vt 0.514189 0.983055
vt 0.500356 0.969939
vt 0.506828 0.985940
vt 0.812221 0.437789
vt 0.363660 0.185169
vt 0.157907 0.108682
vt 0.508713 0.538591
vt 0.505675 0.527245
vt 0.043771 0.338127
vt 0.013863 0.357812
vt 0.017898 0.338635
vt 0.038485 0.922667
vt 0.805455 0.416155
vt 0.041005 0.669127
vt 0.809479 0.451618
vt 0.963904 0.390851
vt 0.753242 0.210437
vt 0.867521 0.340677
vt 0.647439 0.240775
vt 0.478353 0.988943
vt 0.521314 0.395729
vt 0.701728 0.117325
vt 0.678061 0.237034
vt 0.874738 0.017608
vt 0.708022 0.981519
vt 0.703726 0.991256
vt 0.012877 0.367984
vt 0.640591 0.806043
vt 0.627096 0.815025
vt 0.331967 0.989231
vt 0.344660 0.992034
vt 0.261843 0.307177
vt 0.595705 0.208564
vt 0.604903 0.175501
vt 0.467651 0.991028
vt 0.631200 0.092967
vt 0.604644 0.261739
vt 0.670124 0.754528
vt 0.258055 0.063395
vt 0.561816 0.694137
vt 0.802428 0.274466
vt 0.005072 0.522166
vt 0.289946 0.174524
vt 0.834482 0.532163
vt 0.836057 0.510002
vt 0.194631 0.553835
vt 0.949797 0.702707
vt 0.145646 0.979537
vt 0.776825 0.916254
vt 0.542984 0.505153
vt 0.069490 0.787292
vt 0.466303 0.427346
vt 0.289235 0.603406
vt 0.629007 0.211618
vt 0.821912 0.204852
vt 0.271430 0.097971
vt 0.795648 0.199689
vt 0.792356 0.383193
vt 0.976410 0.364578
vt 0.261082 0.758932
vt 0.792323 0.751288
vt 0.432548 0.758152
vt 0.007475 0.492438
vt 0.934249 0.954108
vt 0.202846 0.014066
vt 0.632741 0.006479
vt 0.812126 0.344655
vt 0.671337 0.113421
vt 0.006808 0.400949
vt 0.170678 0.902675
vt 0.163973 0.767486
vt 0.760674 0.038907
vt 0.619924 0.285032
vt 0.243309 0.985565
vt 0.607382 0.041086
vt 0.663293 0.206369
vt 0.954379 0.469737
vt 0.967237 0.488631
vt 0.316126 0.986556
vt 0.904102 0.052006
vt 0.131192 0.773140
vt 0.006864 0.567235
vt 0.049852 0.259852
vt 0.855890 0.373212
vt 0.209763 0.984380
vt 0.211487 0.992235
vt 0.548681 0.928009
vt 0.553169 0.943188
vt 0.180013 0.883705
vt 0.601785 0.027569
vt 0.607596 0.011364
vt 0.212421 0.696226
vt 0.640605 0.224024
vt 0.594609 0.961481
vt 0.772972 0.209115
vt 0.530286 0.046020
vt 0.498024 0.949266
vt 0.974246 0.502478
vt 0.532624 0.644152
vt 0.245594 0.079736
vt 0.265848 0.262823
vt 0.638865 0.748138
vt 0.968669 0.808979
vt 0.941580 0.168745
s 1
usemtl MatID_1
f 77/1/1 620/2/2 7/3/3
f 907/4/4 869/5/5 454/6/6
f 1308/7/7 1279/8/8 370/9/9
f 416/10/10 750/11/11 58/12/12
f 379/13/13 1173/14/14 557/15/15
f 480/16/16 270/17/17 428/18/18
f 776/19/19 507/20/20 1007/21/21
f 145/22/22 996/23/23 1060/24/24
f 935/25/25 32/26/26 1303/27/27
f 895/28/28 320/29/29 560/30/30
f 447/31/31 462/32/32 262/33/33
f 220/34/34 703/35/35 357/36/36
f 223/37/37 264/38/38 232/39/39
f 427/40/40 620/2/2 200/41/41
f 270/17/17 20/42/42 428/18/18
f 394/43/43 728/44/44 1094/45/45
f 348/46/46 136/47/47 569/48/48
f 1011/49/49 1081/50/50 476/51/51
f 363/52/52 497/53/53 1251/54/54
f 701/55/55 732/56/56 1027/57/57
f 666/58/58 918/59/59 903/60/60
f 276/61/61 174/62/62 245/63/63
f 1031/64/64 4/65/65 1045/66/66
f 1141/67/67 952/68/68 1203/69/69
f 564/70/70 942/71/71 382/72/72
f 1118/73/73 347/74/74 872/75/75
f 802/76/76 1257/77/77 880/78/78
f 805/79/79 1289/80/80 785/81/81
f 1237/82/82 71/83/83 442/84/84
f 1157/85/85 1018/86/86 986/87/87
f 829/88/88 1235/89/89 832/90/90
f 581/91/91 452/92/92 519/93/93
f 1016/94/94 1242/95/95 780/96/96
f 400/97/97 1243/98/98 786/99/99
f 687/100/100 941/101/101 1079/102/102
f 841/103/103 1207/104/104 485/105/105
f 374/106/106 54/107/107 328/108/108
f 473/109/109 351/110/110 1033/111/111
f 57/112/112 426/113/113 205/114/114
f 511/115/115 1237/82/82 442/84/84
f 1004/116/116 944/117/117 745/118/118
f 143/119/119 927/120/120 408/121/121
f 599/122/122 657/123/123 1117/124/124
f 657/125/123 849/126/125 1117/127/124
f 580/128/126 1093/129/127 765/130/128
f 50/131/129 946/132/130 1149/133/131
f 13/134/132 1294/135/133 707/136/134
f 415/137/135 902/138/136 335/139/137
f 867/140/138 139/141/139 975/142/140
f 554/143/141 514/144/142 691/145/143
f 567/146/144 818/147/145 1113/148/146
f 67/149/147 9/150/148 764/151/149
f 1030/152/150 446/153/151 673/154/152
f 1090/155/153 1052/156/154 206/157/155
f 1084/158/156 276/61/61 988/159/157
f 621/160/158 653/161/159 141/162/160
f 1207/104/104 786/99/99 873/163/161
f 784/164/162 696/165/163 1214/166/164
f 752/167/165 1266/168/166 27/169/167
f 61/170/168 773/171/169 411/172/170
f 189/173/171 458/174/172 1215/175/173
f 1037/176/174 1145/177/175 679/178/176
f 724/179/177 1153/180/178 563/181/179
f 292/182/180 539/183/181 928/184/182
f 1262/185/183 1196/186/184 770/187/185
f 306/188/186 1112/189/187 37/190/188
f 264/38/38 529/191/189 890/192/190
f 171/193/191 1285/194/192 638/195/193
f 474/196/194 982/197/195 593/198/196
f 1013/199/197 228/200/198 648/201/199
f 651/202/200 769/203/201 1013/199/197
f 32/26/26 22/204/202 1156/205/203
f 828/206/204 866/207/205 770/187/185
f 106/208/206 1146/209/207 537/210/208
f 774/211/209 798/212/210 634/213/211
f 262/33/33 368/214/212 792/215/213
f 858/216/214 511/115/115 442/84/84
f 981/217/215 18/218/216 1222/219/217
f 916/220/218 343/221/219 404/222/220
f 686/223/221 797/224/222 100/225/223
f 37/190/188 1112/189/187 403/226/224
f 1000/227/225 49/228/226 489/229/227
f 1279/8/8 413/230/228 694/231/229
f 295/232/230 247/233/231 815/234/232
f 539/183/181 700/235/233 762/236/234
f 552/237/235 309/238/236 712/239/237
f 40/240/238 188/241/239 897/242/240
f 1202/243/241 344/244/242 453/245/243
f 216/246/244 789/247/245 747/248/246
f 587/249/247 123/250/248 1172/251/249
f 134/252/250 16/253/251 573/254/252
f 43/255/253 16/253/251 331/256/254
f 906/257/255 1238/258/256 436/259/257
f 44/260/258 69/261/259 661/262/260
f 130/263/261 235/264/262 810/265/263
f 883/266/264 267/267/265 165/268/266
f 1178/269/267 787/270/268 46/271/269
f 169/272/270 303/273/271 536/274/272
f 582/275/273 18/218/216 282/276/274
f 802/76/76 190/277/275 1257/77/77
f 156/278/276 724/179/177 102/279/277
f 287/280/278 200/281/41 761/282/279
f 1010/283/280 850/284/281 203/285/282
f 324/286/283 1302/287/284 278/288/285
f 724/179/177 156/278/276 1153/180/178
f 800/289/286 780/290/96 269/291/287
f 1293/292/288 777/293/289 796/294/290
f 37/190/188 1069/295/291 306/188/186
f 399/296/292 658/297/293 1098/298/294
f 866/299/205 401/300/295 510/301/296
f 1183/302/297 72/303/298 227/304/299
f 356/305/300 699/306/301 805/79/79
f 51/307/302 1309/308/303 683/309/304
f 121/310/305 51/307/302 683/309/304
f 335/139/137 211/311/306 815/234/232
f 674/312/307 5/313/308 279/314/309
f 699/306/301 393/315/310 805/79/79
f 372/316/311 1082/317/312 604/318/313
f 637/319/314 217/320/315 157/321/316
f 1184/322/317 140/323/318 641/324/319
f 625/325/320 239/326/321 116/327/322
f 415/137/135 1028/328/323 420/329/324
f 722/330/325 296/331/326 1261/332/327
f 1076/333/328 893/334/329 492/335/330
f 369/336/331 622/337/332 184/338/333
f 889/339/334 1050/340/335 993/341/336
f 310/342/337 99/343/338 1277/344/339
f 1027/57/57 1301/345/340 715/346/341
f 987/347/342 646/348/343 504/349/344
f 93/350/345 1034/351/346 513/352/347
f 1133/353/348 93/350/345 513/352/347
f 554/143/141 1297/354/349 514/144/142
f 92/355/350 387/356/351 449/357/352
f 39/358/353 600/359/354 605/360/355
f 493/361/356 149/362/357 59/363/358
f 140/323/318 739/364/359 391/365/360
f 913/366/361 1089/367/362 610/368/363
f 323/369/364 672/370/365 389/371/366
f 1270/372/367 61/170/168 411/172/170
f 1065/373/368 161/374/369 931/375/370
f 1078/376/371 55/377/372 1250/378/373
f 1035/379/374 1128/380/375 1209/381/376
f 523/382/377 938/383/378 876/384/379
f 45/385/380 346/386/381 892/387/382
f 710/388/383 431/389/384 603/390/385
f 248/391/386 313/392/387 1161/393/388
f 691/145/143 1192/394/389 543/395/390
f 847/396/391 19/397/392 345/398/393
f 676/399/394 747/248/246 498/400/395
f 244/401/396 389/371/366 672/370/365
f 816/402/397 389/371/366 465/403/398
f 1021/404/399 699/405/301 356/406/300
f 614/407/400 1158/408/401 615/409/402
f 876/410/379 568/411/403 616/412/404
f 1143/413/405 853/414/406 81/415/407
f 533/416/408 91/417/409 152/418/410
f 679/178/176 821/419/411 1281/420/412
f 162/421/413 164/422/414 905/423/415
f 1223/424/416 66/425/417 1163/426/418
f 425/427/419 1131/428/420 173/429/421
f 173/429/421 92/355/350 940/430/422
f 843/431/423 1011/49/49 476/51/51
f 734/432/424 723/433/425 1209/434/376
f 1273/435/426 655/436/427 24/437/428
f 85/438/429 1063/439/430 650/440/431
f 470/441/432 359/442/433 1142/443/434
f 272/444/435 1276/445/436 245/63/63
f 206/157/155 727/446/437 509/447/438
f 1263/448/439 187/449/440 803/450/441
f 487/451/442 149/362/357 613/452/443
f 833/453/444 697/454/445 481/455/446
f 823/456/447 41/457/448 1062/458/449
f 268/459/450 402/460/451 1286/461/452
f 317/462/453 1053/463/454 1100/464/455
f 132/465/456 528/466/457 891/467/458
f 1017/468/459 891/467/458 528/466/457
f 29/469/460 8/470/461 763/471/462
f 419/472/463 1225/473/464 205/114/114
f 758/474/465 271/475/466 76/476/467
f 1096/477/468 1160/478/469 1013/479/197
f 855/480/470 314/481/471 507/20/20
f 667/482/472 850/284/281 1010/283/280
f 371/483/473 321/484/474 79/485/475
f 272/444/435 81/415/407 1276/445/436
f 317/486/453 1100/487/455 258/488/476
f 1163/426/418 66/425/417 317/486/453
f 1213/489/477 906/257/255 436/259/257
f 134/252/250 1152/490/478 305/491/479
f 767/492/480 899/493/481 628/494/482
f 1002/495/483 926/496/484 378/497/485
f 628/494/482 899/493/481 308/498/486
f 354/499/487 1105/500/488 437/501/489
f 394/43/43 1094/45/45 2/502/490
f 1155/503/491 619/504/492 749/505/493
f 692/506/494 75/507/495 281/508/496
f 559/509/497 511/115/115 96/510/498
f 1278/511/499 403/226/224 939/512/500
f 846/513/501 49/228/226 10/514/502
f 82/515/503 591/516/504 412/517/505
f 497/53/53 1101/518/506 1178/269/267
f 5/313/308 741/519/507 17/520/508
f 100/225/223 583/521/509 718/522/510
f 728/44/44 377/523/511 329/524/512
f 355/525/513 524/526/514 1274/527/515
f 767/492/480 70/528/516 725/529/517
f 71/83/83 285/530/518 442/84/84
f 795/531/519 605/360/355 1132/532/520
f 153/533/521 856/534/522 1247/535/523
f 786/99/99 1238/258/256 873/163/161
f 201/536/524 92/355/350 639/537/525
f 801/538/526 964/539/527 1197/540/528
f 1206/541/529 93/350/345 1133/353/348
f 1206/541/529 1074/542/530 303/543/271
f 1142/443/434 217/320/315 69/261/259
f 1142/443/434 69/261/259 677/544/531
f 373/545/532 43/255/253 70/528/516
f 767/492/480 956/546/533 70/528/516
f 846/513/501 939/512/500 489/229/227
f 901/547/534 854/548/535 556/549/536
f 192/550/537 348/46/46 1046/551/538
f 713/552/539 808/553/540 209/554/541
f 171/193/191 654/555/542 808/553/540
f 42/556/543 64/557/544 404/222/220
f 132/558/456 585/559/545 254/560/546
f 980/561/547 174/562/62 1086/563/548
f 540/564/549 1014/565/550 95/566/551
f 88/567/552 96/510/498 645/568/553
f 1041/569/554 28/570/555 59/363/358
f 325/571/556 166/572/557 604/318/313
f 1306/573/558 1031/64/64 1045/66/66
f 758/474/465 499/574/559 795/531/519
f 795/531/519 1132/532/520 758/474/465
f 101/575/560 1044/576/561 181/577/562
f 639/537/525 92/355/350 449/357/352
f 996/23/23 1092/578/563 1060/24/24
f 1015/579/564 99/343/338 129/580/565
f 96/510/498 986/87/87 559/509/497
f 1272/581/566 96/510/498 88/567/552
f 54/107/107 154/582/567 826/583/568
f 899/493/481 767/492/480 1032/584/569
f 214/585/570 1133/353/348 825/586/571
f 383/587/572 98/588/573 950/589/574
f 1273/435/426 395/590/575 655/436/427
f 1121/591/576 989/592/577 505/593/578
f 576/594/579 128/595/580 1246/596/581
f 493/361/356 59/363/358 576/594/579
f 364/597/582 1261/332/327 386/598/583
f 565/599/584 806/600/585 105/601/586
f 284/602/587 758/474/465 55/377/372
f 466/603/588 117/604/589 1235/89/89
f 656/605/590 1090/155/153 1154/606/591
f 379/13/13 135/607/592 1173/14/14
f 355/525/513 414/608/593 524/526/514
f 856/534/522 952/68/68 532/609/594
f 333/610/595 616/412/404 568/411/403
f 611/611/596 189/173/171 1215/175/173
f 670/612/597 213/613/598 109/614/599
f 812/615/600 216/246/244 982/197/195
f 845/616/601 11/617/602 1130/618/603
f 656/605/590 947/619/604 1090/155/153
f 715/346/341 1258/620/605 186/621/606
f 1226/622/607 905/423/415 646/348/343
f 139/141/139 1150/623/608 113/624/609
f 152/418/410 1119/625/610 533/416/408
f 136/47/47 1189/626/611 533/416/408
f 315/627/612 743/628/613 283/629/614
f 956/546/533 767/492/480 94/630/615
f 727/631/437 994/632/616 115/633/617
f 115/634/617 290/635/618 727/446/437
f 96/510/498 511/115/115 645/568/553
f 987/347/342 195/636/619 116/637/322
f 973/638/620 1193/639/621 1019/640/622
f 1264/641/623 310/342/337 1277/344/339
f 599/122/122 1117/124/124 647/642/624
f 1075/643/625 118/644/626 711/645/627
f 610/368/363 17/646/508 572/647/628
f 5/313/308 17/520/508 279/314/309
f 696/165/163 1125/648/629 1214/166/164
f 78/649/630 863/650/631 924/651/632
f 1025/652/633 909/653/634 3/654/635
f 38/655/636 1216/656/637 539/183/181
f 991/657/638 125/658/639 469/659/640
f 1001/660/641 33/661/642 503/662/643
f 1292/663/644 1121/591/576 279/664/309
f 17/646/508 610/368/363 998/665/645
f 379/13/13 414/608/593 135/607/592
f 503/662/643 917/666/646 1102/667/647
f 1271/668/648 978/669/649 197/670/650
f 255/671/651 379/13/13 421/672/652
f 421/672/652 756/673/653 123/250/248
f 1303/27/27 1134/674/654 612/675/655
f 319/676/656 362/677/657 339/678/658
f 1281/420/412 821/419/411 779/679/659
f 1088/680/660 844/681/661 838/682/662
f 406/683/663 971/684/664 1051/685/665
f 182/686/666 842/687/667 794/688/668
f 129/689/565 99/690/338 594/691/669
f 128/595/580 1081/50/50 1011/49/49
f 1181/692/670 1224/693/671 1066/694/672
f 392/695/673 899/493/481 1172/251/249
f 1274/527/515 587/249/247 1172/251/249
f 14/696/674 1271/668/648 197/670/650
f 709/697/675 943/698/676 416/10/10
f 943/698/676 709/697/675 445/699/677
f 148/700/678 165/268/266 723/433/425
f 1034/351/346 1217/701/679 513/352/347
f 486/702/680 1043/703/681 934/704/682
f 711/705/627 275/706/683 1169/707/684
f 72/303/298 871/708/685 241/709/686
f 589/710/687 398/711/688 407/712/689
f 665/713/690 450/714/691 850/284/281
f 1070/715/692 1089/367/362 571/716/693
f 46/271/269 848/717/694 618/718/695
f 305/491/479 106/208/206 134/252/250
f 111/719/696 1087/720/697 78/649/630
f 742/721/698 208/722/699 366/723/700
f 242/724/701 867/140/138 327/725/702
f 274/726/703 312/727/704 859/728/705
f 420/329/324 1124/729/706 874/730/707
f 320/29/29 25/731/708 937/732/709
f 533/416/408 1119/625/610 136/47/47
f 1254/733/710 423/734/711 1057/735/712
f 757/736/713 1057/735/712 423/734/711
f 553/737/714 932/738/715 659/739/716
f 570/740/717 649/741/718 1128/380/375
f 1018/86/86 191/742/719 559/509/497
f 685/743/720 1098/298/294 451/744/721
f 1003/745/722 1299/746/723 951/747/724
f 566/748/725 852/749/726 13/134/132
f 13/134/132 958/750/727 458/174/172
f 580/128/126 765/130/128 953/751/728
f 4/65/65 1080/752/729 1230/753/730
f 1286/461/452 448/754/731 733/755/732
f 965/756/733 809/757/734 774/211/209
f 1027/57/57 715/346/341 137/758/735
f 357/36/36 703/35/35 250/759/736
f 1021/404/399 614/407/400 1148/760/737
f 95/566/551 785/81/81 963/761/738
f 140/323/318 588/762/739 237/763/740
f 621/764/158 1013/199/197 648/201/199
f 263/765/741 232/39/39 138/766/742
f 268/459/450 1286/461/452 1008/767/743
f 464/768/744 54/107/107 692/769/494
f 685/743/720 451/744/721 830/770/745
f 1225/473/464 419/472/463 1059/771/746
f 711/705/627 1169/707/684 933/772/747
f 231/773/748 1137/774/749 452/92/92
f 218/775/750 1007/21/21 507/20/20
f 1293/292/288 796/294/290 404/222/220
f 42/556/543 404/222/220 527/776/751
f 425/777/419 940/778/422 803/450/441
f 173/429/421 940/430/422 425/427/419
f 149/362/357 487/451/442 151/779/752
f 149/362/357 1041/569/554 59/363/358
f 460/780/753 1255/781/754 35/782/755
f 390/783/756 685/743/720 830/770/745
f 377/523/511 1239/784/757 329/524/512
f 146/785/758 150/786/759 972/787/760
f 827/788/761 150/786/759 1220/789/762
f 969/790/763 151/779/752 697/454/445
f 487/451/442 697/454/445 233/791/764
f 1050/340/335 674/312/307 993/341/336
f 63/792/765 895/28/28 1241/793/766
f 1204/794/767 63/792/765 1241/793/766
f 624/795/768 1012/796/769 1309/308/303
f 680/797/770 474/196/194 593/198/196
f 636/798/771 1288/799/772 646/348/343
f 1288/799/772 636/798/771 698/800/773
f 957/801/774 686/223/221 272/802/435
f 7/3/3 620/2/2 154/582/567
f 847/396/391 345/398/393 1110/803/775
f 191/742/719 210/804/776 559/509/497
f 689/805/777 816/402/397 15/806/778
f 222/807/779 323/369/364 156/278/276
f 1159/808/780 217/320/315 1142/443/434
f 125/658/639 142/809/781 103/810/782
f 925/811/783 802/76/76 910/812/784
f 508/813/785 333/610/595 824/814/786
f 1186/815/787 938/383/378 29/469/460
f 162/421/413 716/816/788 920/817/789
f 140/323/318 391/365/360 588/762/739
f 317/462/453 300/818/790 966/819/791
f 929/820/792 1194/821/793 11/617/602
f 1214/166/164 1125/648/629 359/442/433
f 1125/648/629 1142/443/434 359/442/433
f 280/822/794 722/330/325 364/597/582
f 980/561/547 153/533/521 273/823/795
f 38/655/636 1134/674/654 1216/656/637
f 1056/824/796 551/825/797 874/730/707
f 955/826/798 925/827/783 468/828/799
f 276/829/61 1084/830/156 174/562/62
f 599/831/122 89/832/800 657/833/123
f 436/259/257 167/834/801 1213/489/477
f 515/835/802 167/834/801 754/836/803
f 872/75/75 970/837/804 1062/458/449
f 970/837/804 394/43/43 681/838/805
f 1198/839/806 168/840/807 760/841/808
f 209/554/541 641/324/319 1009/842/809
f 691/145/143 380/843/810 1192/394/389
f 776/19/19 1042/844/811 507/20/20
f 948/845/812 1176/846/813 522/847/814
f 918/59/59 1062/458/449 681/838/805
f 970/837/804 681/838/805 1062/458/449
f 158/848/815 1058/849/816 708/850/817
f 170/851/818 948/845/812 522/847/814
f 17/646/508 647/642/624 572/647/628
f 1095/852/819 867/140/138 242/724/701
f 862/853/820 979/854/821 916/220/218
f 999/855/822 771/856/823 558/857/824
f 903/60/60 2/502/490 666/58/58
f 1282/858/825 441/859/826 979/854/821
f 387/356/351 92/355/350 173/429/421
f 238/860/827 352/861/828 174/562/62
f 1084/830/156 238/860/827 174/562/62
f 603/390/385 248/391/386 710/388/383
f 440/862/829 1218/863/830 673/154/152
f 960/864/831 637/319/314 696/165/163
f 467/865/832 1047/866/833 901/547/534
f 970/837/804 601/867/834 394/43/43
f 1099/868/835 562/869/836 547/870/837
f 788/871/838 617/872/839 1058/849/816
f 348/46/46 720/873/840 714/874/841
f 1078/376/371 1109/875/842 316/876/843
f 1026/877/844 192/550/537 1046/551/538
f 268/459/450 1026/877/844 402/460/451
f 444/878/845 168/840/807 1185/879/846
f 456/880/847 444/878/845 1185/879/846
f 463/881/848 897/242/240 1110/803/775
f 897/242/240 188/241/239 1110/803/775
f 415/137/135 420/329/324 902/138/136
f 943/698/676 1136/882/849 416/10/10
f 933/772/747 783/883/850 1122/884/851
f 933/772/747 298/885/852 783/883/850
f 318/886/853 987/347/342 504/349/344
f 585/559/545 179/887/854 304/888/855
f 800/289/286 269/291/287 820/889/856
f 820/889/856 269/291/287 126/890/857
f 1262/185/183 510/891/296 34/892/858
f 788/871/838 1058/849/816 277/893/859
f 271/475/466 1132/532/520 631/894/860
f 650/440/431 68/895/861 1143/413/405
f 49/228/226 870/896/862 10/514/502
f 1201/897/863 203/285/282 199/898/864
f 180/899/865 1097/900/866 325/571/556
f 1252/901/867 495/902/868 10/514/502
f 731/903/869 10/514/502 495/902/868
f 316/876/843 973/638/620 1019/640/622
f 120/904/870 878/905/871 1123/906/872
f 385/907/873 120/908/870 538/909/874
f 182/686/666 406/683/663 350/910/875
f 120/904/870 1123/906/872 183/911/876
f 86/912/877 1060/24/24 601/867/834
f 178/913/878 1288/799/772 698/800/773
f 546/914/879 735/915/880 597/916/881
f 227/304/299 182/686/666 350/910/875
f 184/338/333 977/917/882 1080/752/729
f 1185/879/846 168/840/807 1198/839/806
f 1206/541/529 185/918/883 820/889/856
f 646/348/343 186/919/606 1226/622/607
f 175/920/884 817/921/885 248/391/386
f 188/241/239 675/922/886 847/396/391
f 611/611/596 302/923/887 189/173/171
f 331/256/254 1049/924/888 43/255/253
f 1040/925/889 191/742/719 1223/424/416
f 518/926/890 358/927/891 1223/424/416
f 1247/535/523 532/609/594 642/928/892
f 1101/518/506 741/519/507 5/313/308
f 609/929/893 724/179/177 563/181/179
f 832/90/90 697/454/445 1300/930/894
f 899/493/481 1274/527/515 1172/251/249
f 449/357/352 101/575/560 1144/931/895
f 923/932/896 602/933/897 515/835/802
f 518/926/890 1018/86/86 549/934/898
f 549/934/898 1018/86/86 968/935/899
f 612/675/655 430/936/900 664/937/901
f 700/235/233 539/183/181 1216/656/637
f 688/938/902 669/939/903 275/706/683
f 669/939/903 246/940/904 275/706/683
f 8/470/461 911/941/905 763/471/462
f 382/72/72 378/497/485 887/942/906
f 1260/943/907 1106/944/908 993/945/336
f 1003/745/722 467/865/832 1299/746/723
f 1003/946/722 1221/947/909 669/939/903
f 79/485/475 994/632/616 371/483/473
f 825/586/571 98/588/573 1268/948/910
f 92/355/350 908/949/911 426/950/113
f 253/951/912 828/206/204 1226/622/607
f 1232/952/913 293/953/914 415/137/135
f 226/954/915 759/955/916 904/956/917
f 645/568/553 511/115/115 858/216/214
f 314/481/471 290/635/618 261/957/918
f 95/566/551 1104/958/919 785/81/81
f 23/959/920 1104/958/919 752/167/165
f 16/253/251 1267/960/921 573/254/252
f 259/961/922 388/962/923 1267/960/921
f 949/963/924 841/103/103 193/964/925
f 399/296/292 1098/298/294 685/743/720
f 1073/965/926 910/812/784 685/743/720
f 321/484/474 1116/966/927 1031/64/64
f 529/191/189 197/670/650 490/967/928
f 199/898/864 1225/473/464 898/968/929
f 707/136/134 561/969/930 898/968/929
f 392/695/673 1131/428/420 595/970/931
f 392/695/673 1172/251/249 941/101/101
f 620/2/2 202/971/932 200/41/41
f 651/972/200 1013/479/197 1160/478/469
f 1040/925/889 155/973/933 210/804/776
f 570/740/717 659/739/716 932/738/715
f 570/740/717 1261/332/327 296/331/326
f 639/537/525 449/357/352 1144/931/895
f 757/736/713 608/974/934 1057/735/712
f 1008/767/743 1057/735/712 608/974/934
f 639/537/525 1144/931/895 201/536/524
f 762/236/234 700/235/233 102/279/277
f 620/2/2 77/1/1 202/971/932
f 657/975/123 847/396/391 849/976/125
f 1037/176/174 679/178/176 265/977/935
f 286/978/936 1270/372/367 411/172/170
f 1006/979/937 1109/875/842 931/375/370
f 1201/897/863 881/980/938 203/285/282
f 754/836/803 1243/98/98 400/97/97
f 205/114/114 803/450/441 940/778/422
f 457/981/939 443/982/940 153/533/521
f 397/983/941 855/480/470 507/20/20
f 792/215/213 368/214/212 288/984/942
f 1150/623/608 1095/852/819 1122/884/851
f 1039/985/943 111/719/696 1191/986/944
f 742/721/698 111/719/696 1039/985/943
f 209/554/541 739/364/359 1184/322/317
f 140/323/318 1184/322/317 739/364/359
f 75/507/495 1176/987/813 749/988/493
f 628/494/482 703/35/35 640/989/945
f 457/981/939 924/651/632 863/650/631
f 859/728/705 312/727/704 1190/990/946
f 859/728/705 375/991/947 670/612/597
f 12/992/948 628/494/482 640/989/945
f 633/993/949 590/994/950 211/311/306
f 787/270/268 5/313/308 848/717/694
f 936/995/951 500/996/952 822/997/953
f 624/795/768 1309/308/303 946/132/130
f 1268/948/910 214/585/570 825/586/571
f 1000/227/225 1180/998/954 49/228/226
f 180/899/865 1180/998/954 1000/227/225
f 721/999/955 53/1000/956 662/1001/957
f 676/399/394 1139/1002/958 294/1003/959
f 241/709/686 871/708/685 1017/1004/459
f 608/974/934 757/736/713 412/517/505
f 75/507/495 1036/1005/960 1042/844/811
f 901/547/534 556/549/536 1219/1006/961
f 901/547/534 1299/746/723 467/865/832
f 1172/251/249 123/250/248 941/101/101
f 222/807/779 623/1007/962 361/1008/963
f 629/1009/964 222/807/779 361/1008/963
f 69/261/259 1077/1010/965 677/544/531
f 44/260/258 1077/1010/965 69/261/259
f 223/37/37 21/1011/966 553/737/714
f 195/636/619 226/954/915 410/1012/967
f 751/1013/968 524/526/514 414/608/593
f 1087/720/697 111/719/696 742/721/698
f 854/548/535 901/547/534 1047/866/833
f 951/747/724 312/1014/704 224/1015/969
f 128/595/580 1165/1016/970 1181/692/670
f 506/1017/971 1231/1018/972 688/1019/902
f 513/352/347 1217/701/679 798/212/210
f 915/1020/973 225/1021/974 971/684/664
f 698/800/773 636/798/771 164/422/414
f 228/200/198 1013/199/197 769/203/201
f 228/200/198 769/203/201 1235/89/89
f 705/1022/975 1260/943/907 1151/1023/976
f 944/117/117 810/265/263 235/264/262
f 309/238/236 1061/1024/977 712/239/237
f 692/769/494 54/107/107 418/1025/978
f 67/149/147 30/1026/979 148/700/678
f 1054/1027/980 1177/1028/981 232/39/39
f 233/791/764 697/454/445 151/779/752
f 758/474/465 806/600/585 499/574/559
f 284/602/587 806/600/585 758/474/465
f 1185/879/846 641/324/319 1280/1029/982
f 1280/1029/982 456/880/847 1185/879/846
f 1178/269/267 46/271/269 618/718/695
f 532/609/594 1272/581/566 236/1030/983
f 645/568/553 236/1030/983 88/567/552
f 1052/156/154 729/1031/984 206/157/155
f 890/192/190 490/967/928 1102/667/647
f 464/768/744 501/1032/985 422/1033/986
f 619/504/492 501/1032/985 281/1034/496
f 136/47/47 974/1035/987 569/48/48
f 571/716/693 671/1036/988 1070/715/692
f 355/525/513 725/529/517 1049/924/888
f 84/1037/989 809/757/734 965/756/733
f 884/1038/990 733/755/732 297/1039/991
f 1039/985/943 208/722/699 742/721/698
f 542/1040/992 1099/868/835 229/1041/993
f 1124/729/706 1282/858/825 36/1042/994
f 1113/148/146 622/337/332 947/1043/604
f 622/337/332 550/1044/995 947/1043/604
f 583/521/509 503/662/643 978/669/649
f 963/761/738 785/81/81 1289/80/80
f 913/366/361 572/647/628 945/1045/996
f 39/358/353 605/360/355 1126/1046/997
f 241/709/686 1017/1004/459 528/1047/457
f 676/399/394 498/400/395 540/564/549
f 831/1048/998 619/504/492 1155/503/491
f 981/217/215 831/1048/998 18/218/216
f 946/132/130 1035/379/374 624/795/768
f 891/467/458 1091/1049/999 991/657/638
f 33/661/642 1001/660/641 243/1050/1000
f 351/1051/110 877/1052/1001 976/1053/1002
f 987/347/342 137/1054/735 646/348/343
f 15/806/778 816/402/397 465/403/398
f 891/467/458 744/1055/1003 1091/1049/999
f 100/225/223 797/224/222 583/521/509
f 879/1056/1004 1187/1057/1005 1020/1058/1006
f 612/675/655 967/1059/1007 935/25/25
f 1278/511/499 295/232/230 403/226/224
f 175/920/884 248/391/386 1161/393/388
f 294/1060/959 1139/1061/958 1043/703/681
f 495/902/868 1252/901/867 537/210/208
f 369/336/331 184/338/333 1129/1062/1008
f 1116/966/927 184/338/333 1080/752/729
f 251/1063/1009 746/1064/1010 250/1065/736
f 836/1066/1011 1/1067/1012 746/1064/1010
f 1286/461/452 402/460/451 1298/1068/1013
f 851/1069/1014 1239/784/757 401/300/295
f 1239/784/757 253/1070/912 1258/620/605
f 528/1047/457 254/560/546 241/709/686
f 38/655/636 378/497/485 1134/674/654
f 751/1013/968 379/13/13 587/249/247
f 1151/1023/976 1033/111/111 179/1071/854
f 282/1072/274 190/277/275 802/76/76
f 1147/1073/1015 263/765/741 642/928/892
f 263/765/741 1147/1073/1015 232/39/39
f 672/370/365 1240/1074/1016 244/401/396
f 85/438/429 650/440/431 574/1075/1017
f 1143/413/405 574/1075/1017 650/440/431
f 1120/1076/1018 260/1077/1019 788/871/838
f 843/431/423 117/604/589 736/1078/1020
f 18/218/216 831/1048/998 1155/503/491
f 635/1079/1021 1216/656/637 1134/674/654
f 580/128/126 592/1080/1022 423/734/711
f 1040/925/889 258/488/476 155/973/933
f 6/1081/1023 493/361/356 259/961/922
f 479/1082/1024 852/749/726 207/1083/1025
f 1194/1084/793 668/1085/1026 260/1077/1019
f 929/1086/792 668/1085/1026 1194/1084/793
f 1228/1087/1027 118/644/626 915/1020/973
f 110/1088/1028 1082/317/312 52/1089/1029
f 989/592/577 942/71/71 543/395/390
f 932/738/715 1261/332/327 570/740/717
f 858/216/214 104/1090/1030 719/1091/1031
f 264/38/38 890/192/190 520/1092/1032
f 223/37/37 638/195/193 264/38/38
f 305/491/479 1152/490/478 1005/1093/1033
f 89/832/800 1101/518/506 497/53/53
f 497/53/53 363/52/52 89/832/800
f 496/1094/1034 1026/877/844 1046/551/538
f 1111/1095/1035 402/460/451 496/1094/1034
f 624/795/768 1035/379/374 1209/381/376
f 716/816/788 266/1096/1036 1038/1097/1037
f 1085/1098/1038 36/1042/994 862/853/820
f 852/749/726 479/1082/1024 1215/175/173
f 479/1082/1024 611/611/596 1215/175/173
f 1036/1005/960 1154/606/591 397/983/941
f 267/267/265 1209/434/376 723/433/425
f 624/1099/768 1209/434/376 267/267/265
f 1024/1100/1039 479/1082/1024 207/1083/1025
f 207/1083/1025 852/749/726 516/1101/1040
f 144/1102/1041 1012/1103/769 544/1104/1042
f 814/1105/1043 919/1106/1044 531/1107/1045
f 192/550/537 1026/877/844 268/459/450
f 398/711/688 381/1108/1046 1241/793/766
f 1027/57/57 732/56/56 1301/345/340
f 533/416/408 1189/626/611 270/17/17
f 126/890/857 269/291/287 784/1109/162
f 802/76/76 880/78/78 910/812/784
f 348/46/46 1189/626/611 136/47/47
f 270/17/17 1189/626/611 348/46/46
f 121/310/305 434/1110/1047 739/364/359
f 272/802/435 686/223/221 100/225/223
f 957/801/774 273/823/795 686/223/221
f 272/802/435 245/1111/63 957/801/774
f 684/1112/1048 1005/1093/1033 1152/490/478
f 670/612/597 375/991/947 213/613/598
f 224/1015/969 312/1014/704 274/1113/703
f 711/705/627 131/1114/1049 275/706/683
f 276/61/61 1105/500/488 988/159/157
f 245/63/63 1105/500/488 276/61/61
f 876/384/379 1135/1115/1050 568/1116/403
f 674/1117/307 279/664/309 875/1118/1051
f 780/290/96 546/914/879 198/1119/1052
f 652/1120/1053 433/1121/1054 800/289/286
f 1246/596/581 73/1122/1055 1028/328/323
f 643/1123/1056 1037/176/174 547/870/837
f 907/4/4 1235/89/89 117/604/589
f 1235/89/89 907/4/4 454/6/6
f 738/1124/1057 1248/1125/1058 1119/625/610
f 813/1126/1059 545/1127/1060 1211/1128/1061
f 364/597/582 442/84/84 280/822/794
f 281/1034/496 749/505/493 619/504/492
f 282/1072/274 170/1129/818 190/277/275
f 785/81/81 23/959/920 805/79/79
f 713/552/539 283/629/614 743/628/613
f 283/629/614 713/552/539 209/554/541
f 285/1130/518 71/1131/83 764/151/149
f 264/38/38 1285/194/192 743/628/613
f 743/628/613 171/193/191 713/552/539
f 963/761/738 417/1132/1062 80/1133/1063
f 518/926/890 1223/424/416 191/742/719
f 518/926/890 191/742/719 1018/86/86
f 62/1134/1064 277/893/859 166/572/557
f 512/1135/1065 277/893/859 62/1134/1064
f 563/181/179 1153/180/178 389/371/366
f 457/981/939 1086/563/548 352/861/828
f 1086/563/548 174/562/62 352/861/828
f 610/368/363 1244/1136/1066 279/664/309
f 288/984/942 1024/1100/1039 792/215/213
f 288/984/942 479/1082/1024 1024/1100/1039
f 401/300/295 1239/784/757 1110/803/775
f 704/1137/1067 1020/1058/1006 1187/1057/1005
f 976/1053/1002 877/1052/1001 680/797/770
f 625/325/320 297/1039/991 239/326/321
f 1143/413/405 68/895/861 853/414/406
f 755/1138/1068 290/635/618 115/634/617
f 152/418/410 91/417/409 738/1124/1057
f 58/12/12 291/1139/1069 434/1110/1047
f 48/1140/1070 590/994/950 874/730/707
f 124/1141/1071 1234/1142/1072 791/1143/1073
f 1124/729/706 36/1042/994 1056/824/796
f 1152/490/478 247/233/231 684/1112/1048
f 292/182/180 868/1144/1074 887/942/906
f 4/65/65 1116/966/927 1080/752/729
f 914/1145/1075 125/658/639 103/810/782
f 103/810/782 1217/701/679 914/1145/1075
f 761/282/279 1230/753/730 1080/752/729
f 761/282/279 865/1146/1076 1230/753/730
f 306/188/186 695/1147/1077 30/1026/979
f 887/942/906 868/1144/1074 1168/1148/1078
f 899/493/481 595/970/931 308/498/486
f 56/1149/1079 603/390/385 251/1150/1009
f 603/390/385 313/392/387 248/391/386
f 878/905/871 1025/652/633 3/654/635
f 591/516/504 608/974/934 412/517/505
f 524/526/514 587/249/247 1274/527/515
f 1064/1151/1080 857/1152/1081 904/956/917
f 1206/541/529 303/543/271 93/350/345
f 705/1022/975 1106/944/908 1260/943/907
f 196/1153/1082 554/143/141 337/1154/1083
f 1146/209/207 106/208/206 305/491/479
f 495/902/868 1146/209/207 305/491/479
f 951/747/724 1219/1006/961 614/407/400
f 309/238/236 631/894/860 307/1155/1084
f 703/35/35 308/498/486 250/759/736
f 402/460/451 1111/1095/1035 448/754/731
f 946/132/130 644/1156/1085 638/195/193
f 310/342/337 848/717/694 1050/340/335
f 889/339/334 310/342/337 1050/340/335
f 915/1020/973 614/407/400 556/549/536
f 614/407/400 1219/1006/961 556/549/536
f 210/804/776 155/973/933 1237/82/82
f 818/147/145 622/337/332 1113/148/146
f 604/318/313 97/1157/1086 158/848/815
f 243/1050/1000 1001/660/641 797/224/222
f 930/1158/1087 873/163/161 25/731/708
f 538/909/874 120/908/870 183/1159/876
f 313/1160/387 56/1161/1079 595/970/931
f 312/1014/704 951/747/724 83/1162/1088
f 1122/884/851 177/1163/1089 933/772/747
f 694/231/229 781/1164/1090 626/1165/1091
f 694/231/229 626/1165/1091 1279/8/8
f 1010/283/280 881/980/938 1208/1166/1092
f 842/687/667 393/1167/310 699/405/301
f 1079/102/102 449/357/352 687/100/100
f 1122/884/851 783/883/850 721/999/955
f 344/244/242 1259/1168/1093 453/245/243
f 279/664/309 998/665/645 610/368/363
f 484/1169/1094 1273/1170/426 24/1171/428
f 178/913/878 698/800/773 530/1172/1095
f 205/114/114 799/1173/1096 127/1174/1097
f 663/1175/1098 167/834/801 1048/1176/1099
f 389/371/366 1153/180/178 323/369/364
f 1076/333/328 107/1177/1100 1304/1178/1101
f 643/1123/1056 949/963/924 360/1179/1102
f 961/1180/1103 530/1172/1095 772/1181/1104
f 327/725/702 1197/540/528 177/1163/1089
f 291/1139/1069 750/11/11 1229/1182/1105
f 1094/45/45 728/44/44 578/1183/1106
f 1094/45/45 578/1183/1106 1182/1184/1107
f 1166/1185/1108 1007/21/21 218/775/750
f 626/1165/1091 602/933/897 1099/868/835
f 1157/85/85 986/87/87 96/510/498
f 313/1160/387 885/1186/1109 1161/1187/388
f 960/864/831 784/164/162 1242/95/95
f 933/772/747 964/539/527 711/705/627
f 965/756/733 483/1188/1110 598/1189/1111
f 675/922/886 849/976/125 847/396/391
f 456/880/847 422/1033/986 619/504/492
f 434/1110/1047 683/309/304 709/697/675
f 709/697/675 683/309/304 445/699/677
f 1034/351/346 93/350/345 129/689/565
f 1141/67/67 968/935/899 1157/85/85
f 729/1031/984 1052/156/154 550/1190/995
f 947/619/604 550/1190/995 1052/156/154
f 594/691/669 99/690/338 469/659/640
f 278/288/285 341/1191/1112 549/934/898
f 1014/565/550 502/1192/1113 332/1193/1114
f 297/1039/991 733/755/732 962/1194/1115
f 1109/875/842 752/167/165 316/876/843
f 553/737/714 50/131/129 223/37/37
f 1149/133/131 638/195/193 223/37/37
f 618/718/695 1077/1010/965 1178/269/267
f 343/221/219 1165/1016/970 736/1078/1020
f 870/896/862 1055/1195/1116 596/1196/1117
f 1279/8/8 626/1165/1091 542/1040/992
f 1259/1168/1093 344/244/242 759/955/916
f 558/857/824 837/1197/1118 999/855/822
f 3/654/635 773/171/169 61/170/168
f 348/46/46 494/1198/1119 720/873/840
f 258/488/476 1163/426/418 317/486/453
f 30/1026/979 1053/463/454 306/188/186
f 95/566/551 963/761/738 630/1199/1120
f 540/564/549 95/566/551 630/1199/1120
f 107/1177/1100 816/402/397 992/1200/1121
f 760/841/808 1009/842/809 1198/839/806
f 350/910/875 1051/685/665 227/304/299
f 351/1051/110 473/1201/109 877/1052/1001
f 100/225/223 718/522/510 837/1197/1118
f 902/138/136 633/993/949 335/139/137
f 1168/1148/1078 724/179/177 609/929/893
f 454/6/6 697/454/445 832/90/90
f 302/923/887 990/1202/1122 835/1203/1123
f 826/583/568 418/1025/978 54/107/107
f 466/603/588 1138/1204/1124 117/604/589
f 281/508/496 75/507/495 749/988/493
f 518/926/890 549/934/898 358/927/891
f 34/892/858 1251/54/54 1196/186/184
f 830/770/745 814/1105/1043 74/1205/1125
f 693/1206/1126 1044/576/561 123/250/248
f 1044/576/561 693/1206/1126 181/577/562
f 662/1001/957 1150/623/608 1122/884/851
f 460/780/753 35/782/755 1173/14/14
f 557/15/15 1173/14/14 35/782/755
f 360/1179/1102 949/963/924 193/964/925
f 1253/1207/1127 924/651/632 457/981/939
f 352/861/828 1253/1207/1127 457/981/939
f 479/1082/1024 288/984/942 368/214/212
f 1277/344/339 983/1208/1128 1264/641/623
f 724/179/177 762/236/234 102/279/277
f 844/681/661 772/1181/1104 112/1209/1129
f 89/832/800 363/52/52 657/833/123
f 704/1137/1067 1192/394/389 1020/1058/1006
f 399/296/292 910/812/784 880/78/78
f 1221/1210/909 1003/745/722 408/1211/121
f 980/561/547 457/981/939 153/533/521
f 629/1009/964 368/214/212 462/32/32
f 364/597/582 722/330/325 1261/332/327
f 1170/1212/1130 42/556/543 1136/1213/849
f 1136/882/849 943/698/676 1170/1214/1130
f 822/997/953 500/996/952 1016/94/94
f 1164/1215/1131 530/1172/1095 822/997/953
f 804/1216/1132 983/1208/1128 1015/579/564
f 845/616/601 742/721/698 366/723/700
f 858/216/214 719/1091/1031 367/1217/1133
f 829/88/88 832/90/90 833/453/444
f 1300/930/894 697/454/445 833/453/444
f 550/1044/995 369/336/331 729/1218/984
f 727/631/437 371/483/473 994/632/616
f 950/589/574 1275/1219/1134 975/142/140
f 372/316/311 604/318/313 775/1220/1135
f 956/546/533 487/451/442 373/545/532
f 613/452/443 373/545/532 487/451/442
f 174/562/62 980/561/547 245/1111/63
f 985/1221/1136 875/1118/1051 989/592/577
f 980/561/547 273/823/795 245/1111/63
f 213/613/598 375/991/947 615/1222/402
f 771/856/823 234/1223/1137 376/1224/1138
f 151/779/752 212/1225/1139 1236/1226/1140
f 382/72/72 1002/495/483 378/497/485
f 42/556/543 144/1102/1041 1085/1098/1038
f 144/1102/1041 883/266/264 1085/1098/1038
f 944/117/117 254/560/546 810/265/263
f 167/834/801 663/1175/1098 1213/489/477
f 451/744/721 1098/298/294 531/1107/1045
f 311/1227/1141 224/1015/969 385/907/873
f 386/598/583 104/1090/1030 858/216/214
f 314/481/471 855/480/470 509/447/438
f 264/38/38 638/195/193 1285/194/192
f 977/917/882 761/282/279 1080/752/729
f 876/410/379 616/412/404 671/1036/988
f 529/191/189 1269/1228/1142 197/670/650
f 633/993/949 902/138/136 590/994/950
f 1289/80/80 805/79/79 393/315/310
f 768/1229/1143 864/1230/1144 1112/189/187
f 1112/189/187 966/819/791 768/1229/1143
f 480/16/16 428/18/18 984/1231/1145
f 219/1232/1146 871/708/685 1075/643/625
f 894/1233/1147 1162/1234/1148 261/957/918
f 1176/987/813 75/507/495 1042/844/811
f 1012/796/769 624/795/768 544/1235/1042
f 1252/901/867 10/514/502 596/1196/1117
f 1067/1236/1149 400/97/97 204/1237/1150
f 146/785/758 1220/789/762 150/786/759
f 799/1238/1096 426/950/113 908/949/911
f 43/255/253 613/452/443 493/361/356
f 1014/565/550 332/1193/1114 1104/958/919
f 724/179/177 928/184/182 762/236/234
f 1097/900/866 768/1229/1143 966/819/791
f 977/917/882 818/147/145 567/146/144
f 141/162/160 865/1146/1076 405/1239/1151
f 108/1240/1152 342/1241/1153 1022/1242/1154
f 690/1243/1155 726/1244/1156 662/1001/957
f 954/1245/1157 714/874/841 591/516/504
f 408/1211/121 951/747/724 340/1246/1158
f 827/788/761 240/1247/1159 150/786/759
f 1088/680/660 838/682/662 627/1248/1160
f 827/788/761 1036/1005/960 586/1249/1161
f 47/1250/1162 1055/1195/1116 1290/1251/1163
f 1287/1252/1164 963/761/738 80/1133/1063
f 1308/7/7 1179/1253/1165 413/230/228
f 471/1254/1166 995/1255/1167 1084/830/156
f 1084/830/156 995/1255/1167 238/860/827
f 841/103/103 485/105/105 63/792/765
f 628/494/482 94/630/615 767/492/480
f 416/10/10 58/12/12 434/1110/1047
f 680/1256/770 179/887/854 976/1257/1002
f 179/1071/854 351/110/110 976/1258/1002
f 692/506/494 418/1259/978 461/1260/1168
f 329/524/512 1239/784/757 1258/620/605
f 421/672/652 379/13/13 756/673/653
f 519/93/93 1256/1261/1169 581/91/91
f 204/1237/1150 1207/104/104 841/103/103
f 667/482/472 1188/1262/1170 665/713/690
f 667/482/472 665/713/690 850/284/281
f 921/1263/1171 734/1264/424 1209/381/376
f 1295/1265/1172 81/415/407 272/444/435
f 1283/1266/1173 650/440/431 997/1267/1174
f 195/636/619 1259/1168/1093 759/955/916
f 208/722/699 424/1268/1175 366/723/700
f 239/326/321 439/1269/1176 701/55/55
f 1166/1185/1108 218/775/750 575/1270/1177
f 1161/1187/388 885/1186/1109 425/427/419
f 462/32/32 937/732/709 896/1271/1178
f 1115/1272/1179 840/1273/1180 1212/1274/1181
f 892/387/382 589/710/687 753/1275/1182
f 940/430/422 92/355/350 57/1276/112
f 603/390/385 431/389/384 251/1150/1009
f 432/1277/1183 726/1244/1156 31/1278/1184
f 1293/292/288 404/222/220 343/221/219
f 800/289/286 433/1121/1054 780/290/96
f 78/649/630 1087/720/697 1302/287/284
f 78/649/630 1302/287/284 324/286/283
f 315/627/612 283/629/614 1009/842/809
f 230/1279/1185 1195/1280/1186 430/936/900
f 1285/194/192 171/193/191 743/628/613
f 391/365/360 739/364/359 434/1110/1047
f 706/1281/1187 14/696/674 435/1282/1188
f 925/827/783 435/1282/1188 468/828/799
f 754/836/803 167/834/801 436/259/257
f 241/709/686 944/117/117 1004/116/116
f 975/142/140 139/141/139 950/589/574
f 190/277/275 522/1283/814 1007/21/21
f 361/1008/963 611/611/596 479/1082/1024
f 875/1284/1051 114/1285/1189 993/341/336
f 920/817/789 1038/1097/1037 1077/1010/965
f 14/696/674 1068/1286/1190 435/1282/1188
f 975/142/140 1275/1219/1134 673/154/152
f 1310/1287/1191 825/586/571 440/862/829
f 380/843/810 514/144/142 1213/489/477
f 601/867/834 1060/24/24 1092/578/563
f 793/1288/1192 745/118/118 517/1289/1193
f 1181/692/670 1066/694/672 441/859/826
f 981/217/215 444/878/845 456/880/847
f 267/267/265 723/433/425 165/268/266
f 816/402/397 689/805/777 992/1200/1121
f 444/878/845 981/217/215 1222/219/217
f 743/628/613 1068/1286/1190 1269/1228/1142
f 451/744/721 919/1106/1044 830/770/745
f 147/1290/1194 837/1197/1118 718/522/510
f 662/1001/957 113/624/609 1150/623/608
f 726/1244/1156 113/624/609 662/1001/957
f 1198/839/806 641/324/319 1185/879/846
f 737/1291/1195 537/210/208 632/1292/1196
f 453/245/243 318/886/853 504/349/344
f 435/1282/1188 168/840/807 468/828/799
f 1158/408/401 614/407/400 1021/404/399
f 119/1293/1197 98/588/573 383/587/572
f 67/149/147 249/1294/1198 9/150/148
f 77/1295/1 353/1296/1199 651/202/200
f 202/1297/932 77/1298/1 651/972/200
f 1091/1049/999 142/809/781 125/658/639
f 1220/789/762 146/785/758 1154/606/591
f 514/144/142 1297/354/349 1305/1299/1200
f 682/1300/1201 830/770/745 74/1205/1125
f 390/783/756 830/770/745 682/1300/1201
f 200/281/41 651/972/200 1160/478/469
f 40/240/238 463/881/848 377/523/511
f 1136/1213/849 42/556/543 527/776/751
f 1231/1018/972 915/1020/973 556/549/536
f 1135/1115/1050 1210/1301/1202 568/1116/403
f 1238/258/256 465/403/398 873/163/161
f 465/403/398 389/371/366 244/401/396
f 469/659/640 1106/944/908 991/657/638
f 1032/584/569 1274/527/515 899/493/481
f 78/649/630 472/1302/1203 863/650/631
f 15/806/778 1238/258/256 906/257/255
f 225/1021/974 871/708/685 72/303/298
f 1138/1204/1124 343/221/219 736/1078/1020
f 47/1250/1162 1290/1251/1163 660/1303/1204
f 906/257/255 888/1304/1205 15/806/778
f 1141/67/67 863/650/631 472/1302/1203
f 1016/94/94 960/864/831 1242/95/95
f 827/788/761 475/1305/1206 240/1247/1159
f 302/923/887 361/1008/963 623/1007/962
f 478/1306/1207 415/137/135 293/953/914
f 480/16/16 533/416/408 270/17/17
f 1081/50/50 59/363/358 476/51/51
f 1264/641/623 848/717/694 310/342/337
f 1301/345/340 329/524/512 1258/620/605
f 1047/866/833 748/1307/1208 854/548/535
f 626/1165/1091 1048/1176/1099 602/933/897
f 515/835/802 1048/1176/1099 167/834/801
f 272/802/435 100/225/223 558/857/824
f 1082/317/312 1180/998/954 604/318/313
f 521/1308/1209 834/1309/1210 341/1191/1112
f 836/1310/1011 824/814/786 333/610/595
f 621/764/158 648/201/199 653/1311/159
f 315/627/612 1009/842/809 760/841/808
f 313/1160/387 595/970/931 885/1186/1109
f 852/749/726 959/1312/1211 516/1101/1040
f 486/702/680 216/1313/244 1071/1314/1212
f 486/702/680 1071/1314/1212 294/1060/959
f 17/646/508 998/665/645 279/664/309
f 488/1315/1213 201/536/524 1144/931/895
f 1140/1316/1214 1274/527/515 1032/584/569
f 789/247/245 1179/1253/1165 886/1317/1215
f 1179/1253/1165 1308/7/7 886/1317/1215
f 1284/1318/1216 383/587/572 432/1277/1183
f 721/999/955 783/883/850 298/885/852
f 492/335/330 1168/1148/1078 609/929/893
f 494/1198/1119 348/46/46 192/550/537
f 492/335/330 609/929/893 563/181/179
f 381/1108/1046 1204/794/767 1241/793/766
f 145/22/22 894/1233/1147 996/23/23
f 654/555/542 813/1126/1059 1211/1128/1061
f 654/555/542 1211/1128/1061 1107/1319/1217
f 1128/380/375 649/741/718 1209/381/376
f 498/400/395 747/248/246 789/247/245
f 502/1192/1113 540/564/549 498/400/395
f 76/476/467 309/238/236 1250/378/373
f 888/1304/1205 1076/333/328 1304/1178/1101
f 346/386/381 289/1320/1218 1249/1321/1219
f 875/1118/1051 279/664/309 505/593/578
f 813/1126/1059 171/193/191 638/195/193
f 1231/1018/972 506/1017/971 131/1322/1049
f 862/853/820 36/1042/994 979/854/821
f 880/78/78 330/1323/1220 399/296/292
f 230/1279/1185 430/936/900 160/1324/1221
f 627/1325/1160 198/1119/1052 546/914/879
f 60/1326/1222 653/1311/159 829/88/88
f 299/1327/1223 512/1135/1065 778/1328/1224
f 512/1135/1065 299/1327/1223 834/1329/1210
f 667/482/472 835/1203/1123 1188/1262/1170
f 667/482/472 1208/1166/1092 835/1203/1123
f 1308/7/7 370/9/9 499/574/559
f 957/801/774 245/1111/63 273/823/795
f 1200/1330/1225 1121/591/576 1002/495/483
f 887/942/906 564/70/70 382/72/72
f 134/252/250 573/254/252 1152/490/478
f 815/234/232 1152/490/478 573/254/252
f 580/128/126 1254/733/710 1167/1331/1226
f 308/1332/486 251/1063/1009 250/1065/736
f 990/1202/1122 22/204/202 1265/1333/1227
f 194/1334/1228 763/471/462 911/941/905
f 485/105/105 873/163/161 930/1158/1087
f 512/1135/1065 834/1329/1210 525/1335/1229
f 521/1308/1209 525/1336/1229 834/1309/1210
f 1089/367/362 913/366/361 571/716/693
f 1162/1234/1148 507/20/20 314/481/471
f 922/1337/1230 403/226/224 396/1338/1231
f 1033/111/111 114/1339/1189 473/109/109
f 179/1071/854 1033/111/111 351/110/110
f 777/293/289 527/776/751 796/294/290
f 527/776/751 404/222/220 796/294/290
f 494/1198/1119 1008/767/743 720/873/840
f 1008/767/743 608/974/934 720/873/840
f 403/226/224 1112/189/187 864/1230/1144
f 396/1338/1231 403/226/224 864/1230/1144
f 531/1107/1045 1296/1340/1232 1171/1341/1233
f 1127/1342/1234 1174/1343/1235 535/1344/1236
f 146/1345/758 1113/148/146 947/1043/604
f 1085/1098/1038 883/266/264 36/1042/994
f 178/913/878 504/349/344 1288/799/772
f 778/1328/1224 163/1346/1237 300/818/790
f 1053/463/454 71/1131/83 1100/464/455
f 460/780/753 537/210/208 1255/781/754
f 449/357/352 387/356/351 687/100/100
f 379/13/13 751/1013/968 414/608/593
f 311/1227/1141 385/907/873 538/909/874
f 466/1347/588 1229/1182/1105 541/1348/1238
f 923/932/896 1067/1236/1149 562/869/836
f 1129/1062/1008 184/338/333 1116/966/927
f 1212/1274/1181 840/1273/1180 289/1320/1218
f 1074/542/530 820/889/856 126/890/857
f 194/1334/1228 994/632/616 79/485/475
f 194/1334/1228 79/485/475 763/471/462
f 278/288/285 549/934/898 324/286/283
f 1129/1062/1008 321/484/474 371/483/473
f 834/1309/1210 90/1349/1239 341/1191/1112
f 522/1283/814 776/19/19 1007/21/21
f 552/237/235 161/374/369 1065/373/368
f 809/757/734 1197/540/528 327/725/702
f 327/725/702 446/153/151 774/211/209
f 130/263/261 486/702/680 235/264/262
f 147/1290/1194 231/773/748 837/1197/1118
f 685/743/720 910/812/784 399/296/292
f 1169/707/684 1307/1350/1240 298/885/852
f 705/1022/975 179/1071/854 585/1351/545
f 1280/1029/982 140/323/318 237/763/740
f 271/475/466 758/474/465 1132/532/520
f 823/456/447 1062/458/449 1111/1095/1035
f 210/804/776 511/115/115 559/509/497
f 561/969/930 199/898/864 898/968/929
f 1201/897/863 199/898/864 561/969/930
f 587/249/247 255/671/651 421/672/652
f 867/140/138 446/153/151 327/725/702
f 102/279/277 700/235/233 1156/205/203
f 486/702/680 934/704/682 235/264/262
f 337/1154/1083 893/334/329 196/1153/1082
f 761/282/279 977/917/882 567/146/144
f 958/750/727 1215/175/173 458/174/172
f 335/139/137 815/234/232 388/962/923
f 914/1145/1075 129/689/565 594/691/669
f 333/610/595 508/813/785 616/412/404
f 1046/551/538 569/48/48 496/1094/1034
f 341/1191/1112 278/288/285 521/1308/1209
f 406/683/663 794/688/668 1021/404/399
f 171/193/191 813/1126/1059 654/555/542
f 198/1352/1052 1016/94/94 780/96/96
f 1266/168/166 1270/372/367 286/978/936
f 145/22/22 575/1270/1177 894/1233/1147
f 1262/185/183 866/207/205 510/891/296
f 728/44/44 329/524/512 578/1183/1106
f 435/1282/1188 315/627/612 760/841/808
f 435/1282/1188 760/841/808 168/840/807
f 790/1353/1241 574/1075/1017 1143/413/405
f 1143/413/405 234/1354/1137 790/1353/1241
f 491/1355/1242 357/1356/36 1045/66/66
f 73/1122/1055 420/329/324 1028/328/323
f 357/1356/36 746/1064/1010 1045/66/66
f 746/1064/1010 1/1067/1012 1045/66/66
f 473/1201/109 985/1221/1136 704/1137/1067
f 160/1324/1221 1134/674/654 230/1279/1185
f 1200/1330/1225 1002/495/483 382/72/72
f 519/93/93 583/521/509 1271/668/648
f 224/1015/969 274/1113/703 385/907/873
f 304/888/855 179/887/854 680/1256/770
f 164/422/414 936/995/951 822/997/953
f 656/605/590 1154/606/591 146/785/758
f 1160/478/469 1096/477/468 200/281/41
f 1137/774/749 147/1290/1194 718/522/510
f 1118/73/73 717/1357/1243 1171/1341/1233
f 132/558/456 705/1358/975 585/559/545
f 1278/511/499 939/512/500 338/1359/1244
f 1297/354/349 1076/333/328 888/1304/1205
f 1245/1360/1245 1127/1342/1234 535/1344/1236
f 114/1339/1189 985/1361/1136 473/109/109
f 342/1241/1153 1060/24/24 1022/1242/1154
f 1060/24/24 342/1241/1153 145/22/22
f 845/616/601 278/288/285 1087/720/697
f 1087/720/697 278/288/285 1302/287/284
f 829/88/88 228/200/198 1235/89/89
f 1186/815/787 29/469/460 321/484/474
f 1102/667/647 1083/1362/1246 503/662/643
f 713/552/539 171/193/191 808/553/540
f 48/1140/1070 211/311/306 590/994/950
f 714/874/841 720/873/840 591/516/504
f 606/1363/1247 1234/1142/1072 1029/1364/1248
f 393/1167/310 793/1288/1192 517/1289/1193
f 97/1157/1086 1058/849/816 158/848/815
f 304/888/855 680/1256/770 593/1365/196
f 234/1354/1137 1295/1265/1172 376/1366/1138
f 234/1354/1137 1143/413/405 1295/1265/1172
f 679/178/176 1145/177/175 821/419/411
f 630/1199/1120 963/761/738 1287/1252/1164
f 1264/641/623 618/718/695 848/717/694
f 392/695/673 595/970/931 899/493/481
f 480/16/16 91/417/409 533/416/408
f 1127/1342/1234 973/638/620 498/400/395
f 669/939/903 927/120/120 246/940/904
f 965/756/733 774/211/209 634/213/211
f 978/669/649 1083/1362/1246 197/670/650
f 632/1292/1196 537/210/208 1252/901/867
f 1290/1251/1163 49/228/226 110/1088/1028
f 601/867/834 1092/578/563 394/43/43
f 162/421/413 26/1367/1249 936/995/951
f 190/277/275 330/1323/1220 1257/77/77
f 197/670/650 1083/1362/1246 490/967/928
f 833/453/444 832/90/90 1300/930/894
f 886/1317/1215 1308/7/7 499/574/559
f 886/1317/1215 499/574/559 806/600/585
f 552/237/235 1065/373/368 309/238/236
f 661/262/260 69/261/259 217/320/315
f 791/1143/1073 605/360/355 779/679/659
f 198/1352/1052 838/682/662 112/1209/1129
f 1250/378/373 309/238/236 1065/373/368
f 855/480/470 206/157/155 509/447/438
f 741/1368/507 647/642/624 17/646/508
f 25/731/708 1240/1074/1016 937/732/709
f 1296/1340/1232 1118/73/73 1171/1341/1233
f 196/1153/1082 1297/354/349 554/143/141
f 1190/990/946 375/991/947 859/728/705
f 946/132/130 50/131/129 1035/379/374
f 805/79/79 109/614/599 213/613/598
f 1289/80/80 417/1132/1062 963/761/738
f 684/1112/1048 338/1359/1244 1005/1093/1033
f 954/1245/1157 607/1369/1250 714/874/841
f 64/557/544 862/853/820 916/220/218
f 237/763/740 365/1370/1251 464/768/744
f 237/763/740 1103/1371/1252 365/1370/1251
f 153/533/521 443/982/940 856/534/522
f 803/450/441 205/114/114 1263/448/439
f 610/368/363 1089/367/362 1244/1136/1066
f 477/1372/1253 650/440/431 1283/1266/1173
f 107/1177/1100 492/335/330 563/181/179
f 563/181/179 389/371/366 107/1177/1100
f 1247/535/523 856/534/522 532/609/594
f 150/1373/759 240/1374/1159 972/1375/760
f 232/39/39 1177/1028/981 223/37/37
f 1208/1166/1092 455/1376/1254 835/1203/1123
f 881/980/938 458/174/172 1208/1166/1092
f 441/859/826 1246/596/581 128/595/580
f 1181/692/670 441/859/826 128/595/580
f 253/1070/912 851/1069/1014 828/1377/204
f 209/554/541 121/310/305 739/364/359
f 405/1239/1151 621/160/158 141/162/160
f 176/1378/1255 354/499/487 429/1379/1256
f 1034/351/346 129/689/565 914/1145/1075
f 417/1132/1062 1289/80/80 393/315/310
f 619/504/492 422/1033/986 501/1032/985
f 612/675/655 160/1324/1221 430/936/900
f 774/211/209 446/153/151 1030/152/150
f 619/504/492 831/1048/998 456/880/847
f 1012/796/769 1170/1214/1130 445/699/677
f 1282/858/825 1124/729/706 73/1122/1055
f 1307/1350/1240 1169/707/684 275/706/683
f 950/589/574 98/588/573 1310/1287/1191
f 272/802/435 558/857/824 376/1224/1138
f 558/857/824 771/856/823 376/1224/1138
f 45/385/380 892/387/382 753/1275/1182
f 618/718/695 983/1208/1128 470/441/432
f 326/1380/1257 362/677/657 319/676/656
f 978/669/649 1271/668/648 583/521/509
f 1070/715/692 671/1036/988 926/496/484
f 92/355/350 201/536/524 908/949/911
f 908/949/911 201/536/524 799/1238/1096
f 1117/127/124 849/126/125 839/1381/1258
f 1156/205/203 623/1007/962 156/278/276
f 544/1104/1042 624/1099/768 267/267/265
f 625/325/320 410/1382/967 1093/129/127
f 441/859/826 73/1122/1055 1246/596/581
f 162/421/413 920/817/789 44/260/258
f 355/525/513 1274/527/515 1140/1316/1214
f 1237/82/82 511/115/115 210/804/776
f 1204/794/767 381/1108/1046 193/964/925
f 934/704/682 517/1289/1193 745/118/118
f 338/1359/1244 939/512/500 846/513/501
f 10/514/502 731/903/869 846/513/501
f 858/216/214 442/84/84 364/597/582
f 61/170/168 1270/372/367 1006/979/937
f 1006/979/937 1270/372/367 1109/875/842
f 1037/176/174 265/977/935 229/1041/993
f 324/286/283 472/1302/1203 78/649/630
f 300/1383/790 66/425/417 1223/424/416
f 115/634/617 194/1384/1228 384/1385/1259
f 118/644/626 871/708/685 225/1021/974
f 214/585/570 1206/541/529 1133/353/348
f 1303/27/27 32/26/26 635/1079/1021
f 110/1088/1028 1180/998/954 1082/317/312
f 32/26/26 1216/656/637 635/1079/1021
f 547/870/837 949/963/924 643/1123/1056
f 500/996/952 936/995/951 637/319/314
f 500/996/952 637/319/314 960/864/831
f 991/657/638 705/1022/975 891/467/458
f 703/35/35 833/453/444 640/989/945
f 354/499/487 437/501/489 738/1124/1057
f 134/252/250 106/208/206 135/607/592
f 757/736/713 423/734/711 592/1080/1022
f 642/928/892 532/609/594 236/1030/983
f 642/928/892 236/1030/983 1147/1073/1015
f 180/899/865 864/1230/1144 1097/900/866
f 1194/821/793 260/1386/1019 11/617/602
f 152/418/410 738/1124/1057 1119/625/610
f 477/1372/1253 68/895/861 650/440/431
f 1203/69/69 952/68/68 856/534/522
f 809/757/734 219/1387/1146 801/538/526
f 860/1388/1260 215/1389/1261 366/723/700
f 256/1390/1262 172/1391/1263 85/1392/429
f 172/1391/1263 256/1390/1262 882/1393/1264
f 416/10/10 1136/882/849 750/11/11
f 572/647/628 647/642/624 945/1045/996
f 228/200/198 829/88/88 648/201/199
f 1117/124/124 945/1045/996 647/642/624
f 334/1394/1265 1267/960/921 16/253/251
f 6/1081/1023 1267/960/921 334/1394/1265
f 964/539/527 933/772/747 1197/540/528
f 322/1395/1266 938/383/378 1186/815/787
f 1108/1396/1267 861/1397/1268 246/940/904
f 252/1398/1269 861/1397/1268 1108/1396/1267
f 383/587/572 652/1120/1053 119/1293/1197
f 217/320/315 637/319/314 936/995/951
f 431/389/384 824/814/786 251/1150/1009
f 824/814/786 836/1310/1011 251/1150/1009
f 706/1281/1187 682/1399/1201 1271/668/648
f 989/592/577 1121/591/576 1200/1330/1225
f 382/72/72 942/71/71 989/592/577
f 347/74/74 1098/298/294 658/297/293
f 658/297/293 108/1240/1152 86/912/877
f 657/975/123 19/397/392 847/396/391
f 1128/380/375 50/131/129 659/739/716
f 659/739/716 570/740/717 1128/380/375
f 110/1088/1028 52/1089/1029 660/1303/1204
f 1290/1251/1163 110/1088/1028 660/1303/1204
f 26/1367/1249 44/260/258 661/262/260
f 663/1175/1098 879/1056/1004 380/843/810
f 1033/111/111 1151/1023/976 1260/943/907
f 788/871/838 260/1077/1019 668/1085/1026
f 1154/606/591 1036/1005/960 827/788/761
f 730/1400/1270 331/256/254 16/253/251
f 23/959/920 27/169/167 482/1401/1271
f 9/1402/148 249/1403/1198 722/330/325
f 893/334/329 1168/1148/1078 492/335/330
f 122/1404/1272 1227/1405/1273 257/1406/1274
f 848/717/694 5/313/308 674/312/307
f 337/1154/1083 564/70/70 893/334/329
f 675/1407/886 194/1334/1228 911/941/905
f 1250/378/373 1065/373/368 931/375/370
f 824/814/786 431/389/384 508/813/785
f 431/389/384 664/937/901 508/813/785
f 153/533/521 1247/535/523 797/224/222
f 1101/518/506 89/832/800 741/519/507
f 191/742/719 1040/925/889 210/804/776
f 560/30/30 398/711/688 1241/793/766
f 528/1047/457 132/558/456 254/560/546
f 895/28/28 560/30/30 1241/793/766
f 1086/563/548 457/981/939 980/561/547
f 951/747/724 1299/746/723 1219/1006/961
f 683/309/304 1309/308/303 445/699/677
f 686/223/221 273/823/795 153/533/521
f 936/995/951 164/422/414 162/421/413
f 1304/1178/1101 992/1200/1121 689/805/777
f 1304/1178/1101 107/1177/1100 992/1200/1121
f 484/1169/1094 24/1171/428 921/1263/1171
f 921/1263/1171 24/1171/428 734/1264/424
f 204/1237/1150 949/963/924 562/869/836
f 369/336/331 1129/1062/1008 727/631/437
f 11/617/602 521/1308/1209 1130/618/603
f 456/880/847 1280/1029/982 422/1033/986
f 439/1269/1176 666/58/58 701/55/55
f 643/1123/1056 1249/1321/1219 1037/176/174
f 1305/1299/1200 888/1304/1205 906/257/255
f 105/601/586 806/600/585 284/602/587
f 298/885/852 933/772/747 1169/707/684
f 308/498/486 703/35/35 628/494/482
f 852/749/726 958/750/727 13/134/132
f 991/657/638 1106/944/908 705/1022/975
f 139/141/139 867/140/138 1150/623/608
f 27/169/167 1266/168/166 286/978/936
f 390/1408/756 682/1399/1201 706/1281/1187
f 1076/333/328 1297/354/349 196/1153/1082
f 116/327/322 1027/57/57 137/758/735
f 630/1199/1120 1287/1252/1164 676/399/394
f 121/310/305 683/309/304 434/1110/1047
f 215/1389/1261 845/616/601 366/723/700
f 850/284/281 817/921/885 203/285/282
f 1139/1002/958 676/399/394 80/1133/1063
f 545/1127/1060 813/1126/1059 644/1156/1085
f 579/1409/1275 13/134/132 707/136/134
f 863/650/631 1141/67/67 443/982/940
f 443/982/940 1141/67/67 1203/69/69
f 348/46/46 569/48/48 1046/551/538
f 1059/771/746 707/136/134 1225/473/464
f 198/1352/1052 627/1248/1160 838/682/662
f 962/1194/1115 918/59/59 439/1269/1176
f 483/1188/1110 965/756/733 634/213/211
f 131/1322/1049 1228/1087/1027 1231/1018/972
f 734/432/424 655/436/427 723/433/425
f 270/17/17 714/874/841 607/1369/1250
f 406/683/663 182/686/666 794/688/668
f 74/1410/1125 1256/1261/1169 682/1399/1201
f 417/1411/1062 393/1167/310 517/1289/1193
f 1171/1341/1233 717/1357/1243 477/1372/1253
f 148/700/678 30/1026/979 695/1147/1077
f 1137/774/749 718/522/510 583/521/509
f 237/763/740 588/762/739 1103/1371/1252
f 1128/380/375 1035/379/374 50/131/129
f 350/910/875 406/683/663 1051/685/665
f 197/670/650 1269/1228/1142 1068/1286/1190
f 14/696/674 197/670/650 1068/1286/1190
f 1242/95/95 784/164/162 269/1412/287
f 1236/1226/1140 1041/569/554 151/779/752
f 801/1413/526 219/1232/1146 1075/643/625
f 912/1414/1276 154/582/567 620/2/2
f 336/1415/1277 298/885/852 1307/1350/1240
f 67/149/147 395/590/575 249/1294/1198
f 249/1294/1198 395/590/575 484/1416/1094
f 1097/900/866 864/1230/1144 768/1229/1143
f 971/684/664 225/1021/974 1183/302/297
f 1166/1185/1108 575/1270/1177 342/1241/1153
f 658/297/293 1166/1185/1108 342/1241/1153
f 374/106/106 291/1139/1069 1229/1182/1105
f 291/1139/1069 391/365/360 434/1110/1047
f 1141/67/67 472/1302/1203 324/286/283
f 448/754/731 1111/1095/1035 918/59/59
f 163/1346/1237 778/1328/1224 62/1134/1064
f 733/755/732 918/59/59 962/1194/1115
f 918/59/59 733/755/732 448/754/731
f 82/515/503 954/1245/1157 591/516/504
f 355/525/513 1140/1316/1214 725/529/517
f 112/1209/1129 1199/1417/1278 1164/1215/1131
f 154/582/567 475/1418/1206 826/583/568
f 555/1419/1279 1251/54/54 34/892/858
f 555/1419/1279 363/52/52 1251/54/54
f 729/1031/984 727/446/437 206/157/155
f 890/192/190 1102/667/647 917/666/646
f 917/666/646 520/1092/1032 890/192/190
f 101/575/560 449/357/352 1044/576/561
f 232/39/39 1147/1073/1015 1054/1027/980
f 245/63/63 437/501/489 1105/500/488
f 733/755/732 884/1038/990 1286/461/452
f 514/144/142 1305/1299/1200 1213/489/477
f 370/9/9 265/977/935 679/178/176
f 734/432/424 24/437/428 655/436/427
f 391/365/360 291/1139/1069 374/106/106
f 217/320/315 26/1367/1249 661/262/260
f 1138/1204/1124 736/1078/1020 117/604/589
f 728/44/44 1092/578/563 377/523/511
f 1092/578/563 40/240/238 377/523/511
f 136/47/47 1119/625/610 974/1035/987
f 765/130/128 221/1420/1280 702/1421/1281
f 753/1275/1182 87/1422/1282 1227/1405/1273
f 1268/948/910 119/1293/1197 652/1120/1053
f 349/1423/1283 900/1424/1284 477/1372/1253
f 300/1383/790 1223/424/416 90/1349/1239
f 1000/227/225 489/229/227 922/1337/1230
f 48/1140/1070 1069/295/291 211/311/306
f 6/1081/1023 334/1394/1265 43/255/253
f 741/519/507 89/832/800 599/831/122
f 886/1317/1215 535/1344/1236 1174/1343/1235
f 740/1425/1285 31/1278/1184 811/1426/1286
f 108/1240/1152 658/297/293 342/1241/1153
f 130/1427/261 593/198/196 216/246/244
f 169/272/270 983/1208/1128 804/1216/1132
f 347/74/74 658/297/293 86/912/877
f 1029/1364/1248 821/419/411 1115/1272/1179
f 1105/500/488 354/499/487 176/1378/1255
f 237/763/740 464/768/744 422/1033/986
f 773/171/169 909/653/634 411/172/170
f 495/902/868 305/491/479 1005/1093/1033
f 1177/1028/981 21/1011/966 223/37/37
f 1251/54/54 497/53/53 1196/186/184
f 843/431/423 476/51/51 212/1225/1139
f 1136/1213/849 527/776/751 750/1428/11
f 413/230/228 474/196/194 694/231/229
f 750/1428/11 527/776/751 777/293/289
f 212/1225/1139 476/51/51 1236/1226/1140
f 873/163/161 465/403/398 244/401/396
f 182/686/666 1004/116/116 842/687/667
f 793/1288/1192 842/687/667 1004/116/116
f 1138/1204/1124 466/603/588 541/1429/1238
f 755/1138/1068 115/634/617 384/1385/1259
f 678/1430/1287 53/1000/956 721/999/955
f 1293/292/288 343/221/219 1138/1204/1124
f 753/1275/1182 589/710/687 87/1422/1282
f 754/836/803 400/97/97 1067/1236/1149
f 779/679/659 821/419/411 124/1141/1071
f 334/1394/1265 16/253/251 43/255/253
f 904/956/917 326/1380/1257 301/1431/1288
f 220/34/34 833/453/444 703/35/35
f 28/570/555 476/51/51 59/363/358
f 405/1239/1151 761/282/279 1096/477/468
f 1096/477/468 761/282/279 200/281/41
f 1096/477/468 1013/479/197 621/160/158
f 264/38/38 743/628/613 529/191/189
f 335/139/137 633/993/949 211/311/306
f 1310/1287/1191 98/588/573 825/586/571
f 30/1026/979 67/149/147 764/151/149
f 55/377/372 1193/639/621 284/602/587
f 353/1432/1199 77/1/1 7/3/3
f 341/1191/1112 90/1349/1239 358/927/891
f 487/451/442 233/791/764 151/779/752
f 744/1055/1003 84/1037/989 598/1189/1111
f 241/709/686 254/560/546 944/117/117
f 391/365/360 374/106/106 328/108/108
f 525/1336/1229 521/1308/1209 260/1386/1019
f 1028/328/323 415/137/135 478/1306/1207
f 900/1424/1284 569/48/48 974/1035/987
f 306/188/186 1069/295/291 695/1147/1077
f 1148/760/737 406/683/663 1021/404/399
f 798/212/210 1030/152/150 1218/863/830
f 85/438/429 581/1433/91 1063/439/430
f 1240/1074/1016 896/1271/1178 937/732/709
f 604/318/313 158/848/815 775/1220/1135
f 1258/620/605 253/1070/912 186/621/606
f 76/476/467 271/475/466 631/894/860
f 76/476/467 631/894/860 309/238/236
f 681/838/805 394/43/43 2/502/490
f 134/252/250 135/607/592 16/253/251
f 782/1434/1289 799/1238/1096 201/536/524
f 193/964/925 892/387/382 360/1179/1102
f 895/28/28 930/1158/1087 320/29/29
f 46/271/269 787/270/268 848/717/694
f 955/826/798 468/828/799 18/218/216
f 833/453/444 481/455/446 12/992/948
f 106/208/206 460/780/753 135/607/592
f 96/510/498 1272/581/566 1157/85/85
f 507/20/20 1162/1234/1148 218/775/750
f 316/876/843 332/1193/1114 973/638/620
f 230/1279/1185 378/497/485 1195/1280/1186
f 676/399/394 1287/1252/1164 80/1133/1063
f 799/1173/1096 205/114/114 426/113/113
f 1232/952/913 335/139/137 388/962/923
f 800/289/286 1268/948/910 652/1120/1053
f 371/483/473 727/631/437 1129/1062/1008
f 1267/960/921 388/962/923 573/254/252
f 676/399/394 294/1003/959 747/248/246
f 260/1386/1019 1120/1435/1018 525/1336/1229
f 649/741/718 570/740/717 296/331/326
f 218/775/750 894/1233/1147 575/1270/1177
f 1109/875/842 1270/372/367 1266/168/166
f 67/149/147 655/436/427 395/590/575
f 655/436/427 67/149/147 148/700/678
f 709/697/675 416/10/10 434/1110/1047
f 896/1271/1178 323/369/364 629/1009/964
f 863/650/631 443/982/940 457/981/939
f 916/220/218 1066/694/672 1224/693/671
f 581/1433/91 997/1267/1174 650/440/431
f 581/91/91 1256/1261/1169 74/1410/1125
f 495/902/868 1005/1093/1033 731/903/869
f 1131/428/420 392/695/673 941/101/101
f 466/1347/588 353/1432/1199 1229/1182/1105
f 1156/205/203 22/204/202 623/1007/962
f 806/600/585 535/1344/1236 886/1317/1215
f 652/1120/1053 546/914/879 780/290/96
f 9/150/148 285/1130/518 764/151/149
f 780/290/96 433/1121/1054 652/1120/1053
f 184/338/333 622/337/332 818/147/145
f 977/917/882 184/338/333 818/147/145
f 81/415/407 1248/1125/1058 1276/445/436
f 1016/94/94 1164/1215/1131 822/997/953
f 130/263/261 810/265/263 304/888/855
f 304/888/855 810/265/263 254/560/546
f 869/5/5 212/1225/1139 969/790/763
f 689/805/777 888/1304/1205 1304/1178/1101
f 948/845/812 1155/503/491 1114/1436/1290
f 216/246/244 812/615/600 789/247/245
f 447/31/31 262/33/33 584/1437/1291
f 604/318/313 1180/998/954 325/571/556
f 519/93/93 1271/668/648 1256/1261/1169
f 5/313/308 787/270/268 1101/518/506
f 1118/73/73 41/457/448 717/1357/1243
f 379/13/13 819/1438/1292 756/673/653
f 379/13/13 557/15/15 819/1438/1292
f 882/1393/1264 790/1439/1241 771/856/823
f 256/1390/1262 574/1440/1017 790/1439/1241
f 1238/258/256 786/99/99 436/259/257
f 190/277/275 1007/21/21 330/1323/1220
f 65/1441/1293 887/942/906 378/497/485
f 823/456/447 496/1094/1034 569/48/48
f 432/1277/1183 113/624/609 726/1244/1156
f 1239/784/757 463/881/848 1110/803/775
f 1210/1301/1202 1306/573/558 1045/66/66
f 586/1249/1161 461/1260/1168 826/1442/568
f 828/1377/204 851/1069/1014 866/299/205
f 60/1326/1222 829/88/88 833/453/444
f 119/1293/1197 1268/948/910 98/588/573
f 365/1370/1251 54/107/107 464/768/744
f 73/1122/1055 1124/729/706 420/329/324
f 814/1105/1043 997/1267/1174 74/1205/1125
f 1/1067/1012 836/1066/1011 333/1443/595
f 2/502/490 1182/1184/1107 534/1444/1294
f 32/26/26 935/25/25 22/204/202
f 973/638/620 502/1192/1113 498/400/395
f 1072/1445/1295 484/1169/1094 921/1263/1171
f 947/1043/604 656/1446/590 146/1345/758
f 317/462/453 66/1447/417 300/818/790
f 1145/177/175 840/1273/1180 821/419/411
f 821/419/411 840/1273/1180 1115/1272/1179
f 839/1381/1258 523/382/377 1117/127/124
f 1117/124/124 523/1448/377 571/716/693
f 915/1020/973 1148/760/737 614/407/400
f 261/957/918 755/1138/1068 996/23/23
f 1141/67/67 1157/85/85 952/68/68
f 1165/1016/970 843/431/423 736/1078/1020
f 199/898/864 1263/448/439 1225/473/464
f 1263/448/439 205/114/114 1225/473/464
f 339/678/658 362/677/657 844/681/661
f 1223/424/416 358/927/891 90/1349/1239
f 1050/340/335 848/717/694 674/312/307
f 37/190/188 295/232/230 211/311/306
f 866/299/205 851/1069/1014 401/300/295
f 341/1191/1112 358/927/891 549/934/898
f 304/888/855 593/1365/196 130/263/261
f 1/1067/1012 568/1116/403 1210/1301/1202
f 380/843/810 1213/489/477 663/1175/1098
f 620/2/2 427/40/40 287/1449/278
f 251/1063/1009 836/1066/1011 746/1064/1010
f 843/431/423 907/4/4 117/604/589
f 372/316/311 52/1089/1029 1082/317/312
f 1126/1046/997 605/360/355 791/1143/1073
f 15/806/778 465/403/398 1238/258/256
f 878/905/871 61/170/168 1123/906/872
f 781/1164/1090 694/231/229 474/196/194
f 170/1129/818 522/1283/814 190/277/275
f 33/661/642 917/666/646 503/662/643
f 203/285/282 187/449/440 199/898/864
f 849/126/125 675/1407/886 8/470/461
f 424/1268/1175 860/1388/1260 366/723/700
f 861/1397/1268 275/706/683 246/940/904
f 868/1144/1074 928/184/182 1168/1148/1078
f 1168/1148/1078 928/184/182 724/179/177
f 1305/1299/1200 1297/354/349 888/1304/1205
f 199/898/864 187/449/440 1263/448/439
f 580/128/126 1167/1331/1226 1093/129/127
f 776/19/19 522/1283/814 1042/844/811
f 522/1283/814 1176/987/813 1042/844/811
f 716/816/788 905/423/415 1226/622/607
f 1093/129/127 410/1382/967 221/1420/1280
f 49/228/226 1180/998/954 110/1088/1028
f 900/1424/1284 974/1035/987 477/1372/1253
f 755/1138/1068 384/1385/1259 40/240/238
f 239/326/321 1027/57/57 116/327/322
f 11/617/602 260/1386/1019 521/1308/1209
f 485/105/105 1207/104/104 873/163/161
f 705/1022/975 132/465/456 891/467/458
f 169/272/270 93/1450/345 303/273/271
f 290/635/618 314/481/471 509/447/438
f 400/97/97 786/99/99 1207/104/104
f 668/1085/1026 929/1086/792 617/872/839
f 431/389/384 710/388/383 967/1059/1007
f 916/220/218 1224/693/671 343/221/219
f 551/825/797 48/1140/1070 874/730/707
f 1094/45/45 1182/1184/1107 2/502/490
f 875/1118/1051 505/593/578 989/592/577
f 282/276/274 18/218/216 170/851/818
f 18/218/216 948/845/812 170/851/818
f 473/1201/109 704/1137/1067 877/1052/1001
f 877/1052/1001 704/1137/1067 1187/1057/1005
f 1231/1018/972 1228/1087/1027 915/1020/973
f 1144/931/895 101/575/560 438/1451/1296
f 138/766/742 917/666/646 33/661/642
f 575/1270/1177 145/22/22 342/1241/1153
f 1037/176/174 1249/1321/1219 1145/177/175
f 1275/1219/1134 1310/1287/1191 440/862/829
f 440/862/829 673/154/152 1275/1219/1134
f 1077/1010/965 44/260/258 920/817/789
f 453/245/243 178/913/878 1202/243/241
f 551/825/797 695/1147/1077 48/1140/1070
f 1171/1341/1233 814/1105/1043 531/1107/1045
f 1283/1266/1173 814/1105/1043 1171/1341/1233
f 606/1363/1247 1029/1364/1248 122/1404/1272
f 122/1404/1272 257/1406/1274 606/1363/1247
f 696/165/163 637/319/314 157/321/316
f 1281/420/412 779/679/659 795/531/519
f 322/1395/1266 1135/1115/1050 938/383/378
f 384/1385/1259 188/241/239 40/240/238
f 566/748/725 13/134/132 579/1409/1275
f 1214/166/164 536/274/272 1074/1452/530
f 997/1267/1174 814/1105/1043 1283/1266/1173
f 667/482/472 1010/283/280 1208/1166/1092
f 435/1282/1188 925/827/783 706/1281/1187
f 925/827/783 1073/1453/926 706/1281/1187
f 1186/815/787 321/484/474 1031/64/64
f 1043/703/681 1139/1061/958 80/1454/1063
f 1225/473/464 707/136/134 898/968/929
f 99/690/338 889/1455/334 1106/944/908
f 310/342/337 889/339/334 99/343/338
f 536/274/272 359/442/433 470/441/432
f 450/714/691 935/25/25 967/1059/1007
f 243/1050/1000 642/928/892 263/765/741
f 81/415/407 1295/1265/1172 1143/413/405
f 582/1456/273 282/1072/274 802/76/76
f 888/1304/1205 689/805/777 15/806/778
f 1286/461/452 1298/1068/1013 448/754/731
f 881/980/938 1201/897/863 561/969/930
f 1295/1265/1172 272/444/435 376/1366/1138
f 1084/158/156 988/159/157 471/1457/1166
f 367/1217/1133 645/568/553 858/216/214
f 900/1424/1284 349/1423/1283 823/456/447
f 544/1104/1042 883/266/264 144/1102/1041
f 1262/185/183 34/892/858 1196/186/184
f 65/1441/1293 38/655/636 292/182/180
f 1104/958/919 332/1193/1114 752/167/165
f 23/959/920 482/1401/1271 109/614/599
f 536/274/272 470/441/432 169/272/270
f 116/637/322 137/1054/735 987/347/342
f 1259/1168/1093 318/886/853 453/245/243
f 1054/1027/980 104/1090/1030 386/598/583
f 1054/1027/980 719/1091/1031 104/1090/1030
f 794/688/668 842/687/667 699/405/301
f 906/257/255 1213/489/477 1305/1299/1200
f 546/914/879 652/1120/1053 383/587/572
f 441/859/826 1282/858/825 73/1122/1055
f 270/17/17 348/46/46 714/874/841
f 872/75/75 347/74/74 86/912/877
f 23/959/920 109/614/599 805/79/79
f 675/1407/886 911/941/905 8/470/461
f 205/114/114 127/1174/1097 419/472/463
f 447/31/31 526/1458/1297 320/29/29
f 541/1429/1238 777/293/289 1138/1204/1124
f 915/1020/973 118/644/626 225/1021/974
f 607/1369/1250 20/42/42 270/17/17
f 817/921/885 187/449/440 203/285/282
f 458/174/172 189/173/171 455/1376/1254
f 6/1081/1023 259/961/922 1267/960/921
f 990/1202/1122 1188/1262/1170 835/1203/1123
f 345/398/393 19/397/392 555/1459/1279
f 135/607/592 414/608/593 730/1400/1270
f 1303/27/27 612/675/655 935/25/25
f 430/936/900 1195/1280/1186 508/813/785
f 735/915/880 383/587/572 1284/1318/1216
f 920/817/789 716/816/788 1038/1097/1037
f 882/1393/1264 999/855/822 231/773/748
f 274/726/703 909/653/634 385/1460/873
f 289/1320/1218 346/386/381 45/385/380
f 1072/1445/1295 249/1403/1198 484/1169/1094
f 487/451/442 956/546/533 481/455/446
f 481/455/446 697/454/445 487/451/442
f 608/974/934 591/516/504 720/873/840
f 925/811/783 910/812/784 1073/965/926
f 671/1036/988 616/412/404 1195/1280/1186
f 261/957/918 290/635/618 755/1138/1068
f 853/414/406 1119/625/610 81/415/407
f 1119/625/610 1248/1125/1058 81/415/407
f 292/182/180 928/184/182 868/1144/1074
f 64/557/544 42/556/543 1085/1098/1038
f 64/557/544 1085/1098/1038 862/853/820
f 1006/979/937 931/375/370 161/374/369
f 983/1208/1128 1277/344/339 1015/579/564
f 386/598/583 932/738/715 21/1011/966
f 76/476/467 1250/378/373 55/377/372
f 493/361/356 6/1081/1023 43/255/253
f 565/599/584 1245/1360/1245 535/1344/1236
f 330/1323/1220 658/297/293 399/296/292
f 401/300/295 1110/803/775 510/301/296
f 730/1400/1270 16/253/251 135/607/592
f 201/536/524 488/1315/1213 782/1434/1289
f 1170/1212/1130 1012/1103/769 144/1102/1041
f 144/1102/1041 42/556/543 1170/1212/1130
f 923/932/896 562/869/836 1099/868/835
f 653/161/159 865/1146/1076 141/162/160
f 865/1146/1076 4/65/65 1230/753/730
f 386/598/583 1261/332/327 932/738/715
f 554/143/141 691/145/143 337/1154/1083
f 508/813/785 1195/1280/1186 616/412/404
f 598/1189/1111 1091/1049/999 744/1055/1003
f 939/512/500 403/226/224 922/1337/1230
f 193/964/925 841/103/103 63/792/765
f 315/627/612 435/1282/1188 743/628/613
f 674/312/307 875/1284/1051 993/341/336
f 289/1320/1218 45/385/380 1212/1274/1181
f 944/117/117 235/264/262 745/118/118
f 243/1050/1000 263/765/741 33/661/642
f 948/845/812 18/218/216 1155/503/491
f 188/241/239 847/396/391 1110/803/775
f 204/1237/1150 841/103/103 949/963/924
f 524/526/514 751/1013/968 587/249/247
f 583/521/509 519/93/93 1137/774/749
f 57/1276/112 92/355/350 426/950/113
f 614/407/400 615/409/402 951/747/724
f 410/1012/967 116/637/322 195/636/619
f 909/653/634 670/612/597 109/614/599
f 909/653/634 109/614/599 482/1401/1271
f 411/172/170 909/653/634 482/1401/1271
f 410/1012/967 625/1461/320 116/637/322
f 802/1462/76 955/826/798 582/275/273
f 925/827/783 955/826/798 802/1462/76
f 429/1379/1256 354/499/487 91/417/409
f 471/1254/1166 208/722/699 995/1255/1167
f 852/749/726 566/748/725 959/1312/1211
f 165/268/266 695/1147/1077 551/825/797
f 326/1380/1257 961/1180/1103 1233/1463/1298
f 1294/135/133 881/980/938 707/136/134
f 279/664/309 1244/1136/1066 1292/663/644
f 1292/663/644 1002/495/483 1121/591/576
f 330/1323/1220 1007/21/21 1166/1185/1108
f 642/928/892 243/1050/1000 1247/535/523
f 797/224/222 1247/535/523 243/1050/1000
f 839/1381/1258 8/470/461 29/469/460
f 541/1348/1238 1229/1182/1105 750/11/11
f 692/506/494 461/1260/1168 75/507/495
f 75/507/495 461/1260/1168 1036/1005/960
f 1134/674/654 160/1324/1221 612/675/655
f 540/564/549 630/1199/1120 676/399/394
f 741/1368/507 599/122/122 647/642/624
f 967/1059/1007 710/388/383 850/284/281
f 851/1069/1014 253/1070/912 1239/784/757
f 454/6/6 969/790/763 697/454/445
f 1183/302/297 227/304/299 971/684/664
f 133/1464/1299 589/710/687 407/712/689
f 835/1203/1123 455/1376/1254 302/923/887
f 809/757/734 327/725/702 774/211/209
f 1307/1350/1240 275/706/683 861/1397/1268
f 336/1415/1277 861/1397/1268 252/1398/1269
f 296/331/326 249/1403/1198 1072/1445/1295
f 1199/1417/1278 530/1172/1095 1164/1215/1131
f 562/869/836 1067/1236/1149 204/1237/1150
f 1025/652/633 120/904/870 385/1460/873
f 277/893/859 97/1157/1086 166/572/557
f 1106/944/908 889/1455/334 993/945/336
f 470/441/432 983/1208/1128 169/272/270
f 564/70/70 1168/1148/1078 893/334/329
f 618/718/695 1264/641/623 983/1208/1128
f 1206/541/529 214/585/570 185/918/883
f 677/544/531 618/718/695 470/441/432
f 876/410/379 671/1036/988 571/716/693
f 97/1157/1086 277/893/859 1058/849/816
f 180/899/865 325/571/556 1180/998/954
f 10/514/502 870/896/862 596/1196/1117
f 603/390/385 56/1149/1079 313/392/387
f 114/1339/1189 1033/111/111 993/945/336
f 1260/943/907 993/945/336 1033/111/111
f 588/762/739 391/365/360 328/108/108
f 175/920/884 803/450/441 187/449/440
f 990/1202/1122 1265/1333/1227 1188/1262/1170
f 38/655/636 65/1441/1293 378/497/485
f 1193/639/621 1127/1342/1234 1245/1360/1245
f 1127/1342/1234 1193/639/621 973/638/620
f 914/1145/1075 594/691/669 125/658/639
f 357/1356/36 491/1355/1242 220/1465/34
f 891/467/458 84/1037/989 744/1055/1003
f 482/1401/1271 27/169/167 286/978/936
f 396/1338/1231 1000/227/225 922/1337/1230
f 583/521/509 1001/660/641 503/662/643
f 291/1139/1069 58/12/12 750/11/11
f 1002/495/483 1244/1136/1066 926/496/484
f 1292/663/644 1244/1136/1066 1002/495/483
f 1005/1093/1033 338/1359/1244 731/903/869
f 200/281/41 287/280/278 427/1466/40
f 967/1059/1007 664/937/901 431/389/384
f 612/675/655 664/937/901 967/1059/1007
f 788/871/838 668/1085/1026 617/872/839
f 1257/77/77 330/1323/1220 880/78/78
f 903/60/60 681/838/805 2/502/490
f 123/250/248 1044/576/561 1079/102/102
f 25/731/708 244/401/396 1240/1074/1016
f 646/348/343 137/1054/735 715/1467/341
f 1010/283/280 203/285/282 881/980/938
f 771/856/823 790/1439/1241 234/1223/1137
f 1229/1182/1105 353/1432/1199 459/1468/1300
f 353/1432/1199 7/3/3 459/1468/1300
f 778/1328/1224 300/818/790 299/1327/1223
f 669/939/903 1221/947/909 927/120/120
f 688/1019/902 854/548/535 748/1307/1208
f 1014/565/550 540/564/549 502/1192/1113
f 266/1096/1036 716/816/788 770/187/185
f 1016/94/94 198/1352/1052 112/1209/1129
f 1017/1004/459 871/708/685 219/1232/1146
f 1019/640/622 1193/639/621 55/377/372
f 525/1335/1229 1120/1076/1018 512/1135/1065
f 548/1469/1301 627/1325/1160 597/916/881
f 812/615/600 1179/1253/1165 789/247/245
f 1164/1215/1131 1016/94/94 112/1209/1129
f 108/1240/1152 1022/1242/1154 86/912/877
f 86/912/877 1022/1242/1154 1060/24/24
f 1023/1470/1302 226/954/915 857/1152/1081
f 1202/243/241 178/913/878 961/1180/1103
f 846/513/501 731/903/869 338/1359/1244
f 1099/868/835 602/933/897 923/932/896
f 383/587/572 950/589/574 432/1277/1183
f 623/1007/962 222/807/779 156/278/276
f 385/1460/873 909/653/634 1025/652/633
f 346/386/381 1249/1321/1219 643/1123/1056
f 402/460/451 1026/877/844 496/1094/1034
f 504/349/344 178/913/878 453/245/243
f 143/119/119 246/940/904 927/120/120
f 631/894/860 605/360/355 600/359/354
f 1032/584/569 767/492/480 725/529/517
f 878/905/871 120/904/870 1025/652/633
f 970/837/804 872/75/75 86/912/877
f 292/182/180 38/655/636 539/183/181
f 345/398/393 555/1459/1279 510/301/296
f 297/1039/991 962/1194/1115 239/326/321
f 1088/680/660 627/1248/1160 409/1471/1303
f 701/55/55 534/1444/1294 732/56/56
f 1217/701/679 1034/351/346 914/1145/1075
f 477/1372/1253 717/1357/1243 349/1423/1283
f 362/677/657 326/1380/1257 1233/1463/1298
f 1159/808/780 1142/443/434 1125/648/629
f 547/870/837 1037/176/174 229/1041/993
f 766/1472/1304 615/409/402 1158/408/401
f 1158/408/401 356/406/300 766/1472/1304
f 370/9/9 1279/8/8 542/1040/992
f 1042/844/811 1036/1005/960 397/983/941
f 380/843/810 691/145/143 514/144/142
f 384/1385/1259 194/1384/1228 675/922/886
f 80/1454/1063 517/1289/1193 1043/703/681
f 1043/703/681 517/1289/1193 934/704/682
f 193/964/925 63/792/765 1204/794/767
f 1277/344/339 99/343/338 1015/579/564
f 539/183/181 762/236/234 928/184/182
f 4/65/65 491/1355/1242 1045/66/66
f 969/790/763 212/1225/1139 151/779/752
f 479/1082/1024 629/1009/964 361/1008/963
f 543/395/390 985/1221/1136 989/592/577
f 543/395/390 704/1137/1067 985/1221/1136
f 54/107/107 374/106/106 459/1468/1300
f 717/1357/1243 823/456/447 349/1423/1283
f 717/1357/1243 41/457/448 823/456/447
f 1148/760/737 915/1020/973 971/684/664
f 761/282/279 567/146/144 287/280/278
f 884/1038/990 625/325/320 1254/733/710
f 1167/1331/1226 1254/733/710 625/325/320
f 336/1415/1277 1307/1350/1240 861/1397/1268
f 166/572/557 325/571/556 62/1134/1064
f 1124/729/706 1056/824/796 874/730/707
f 375/1473/947 951/747/724 615/409/402
f 951/747/724 375/1473/947 83/1162/1088
f 515/835/802 754/836/803 1067/1236/1149
f 515/835/802 1067/1236/1149 923/932/896
f 1236/1226/1140 28/570/555 1041/569/554
f 1135/1115/1050 876/384/379 938/383/378
f 32/26/26 700/235/233 1216/656/637
f 106/208/206 537/210/208 460/780/753
f 1122/884/851 1095/852/819 177/1163/1089
f 814/1105/1043 830/770/745 919/1106/1044
f 800/289/286 820/889/856 185/918/883
f 800/289/286 185/918/883 214/585/570
f 894/1233/1147 218/775/750 1162/1234/1148
f 929/1086/792 708/850/817 617/872/839
f 797/224/222 1001/660/641 583/521/509
f 390/1408/756 706/1281/1187 1073/1453/926
f 904/956/917 301/1431/1288 1064/1151/1080
f 854/548/535 1231/1018/972 556/549/536
f 1231/1018/972 854/548/535 688/1019/902
f 432/1277/1183 1205/1474/1305 1284/1318/1216
f 363/52/52 19/1475/392 657/833/123
f 580/128/126 953/751/728 592/1080/1022
f 324/286/283 549/934/898 968/935/899
f 1282/858/825 979/854/821 36/1042/994
f 1044/576/561 449/357/352 1079/102/102
f 1069/295/291 48/1140/1070 695/1147/1077
f 100/225/223 837/1197/1118 558/857/824
f 367/1217/1133 236/1030/983 645/568/553
f 72/303/298 1183/302/297 225/1021/974
f 287/280/278 1113/148/146 972/1476/760
f 262/33/33 792/215/213 1291/1477/1306
f 921/1263/1171 649/741/718 1072/1445/1295
f 926/496/484 1195/1280/1186 378/497/485
f 1243/98/98 436/259/257 786/99/99
f 1271/668/648 682/1399/1201 1256/1261/1169
f 791/1143/1073 159/1478/1307 1126/1046/997
f 1075/643/625 711/645/627 964/1479/527
f 692/769/494 281/1034/496 501/1032/985
f 930/1158/1087 25/731/708 320/29/29
f 157/321/316 1125/648/629 696/165/163
f 893/334/329 1076/333/328 196/1153/1082
f 869/5/5 843/431/423 212/1225/1139
f 543/395/390 1192/394/389 704/1137/1067
f 941/101/101 123/250/248 1079/102/102
f 1109/875/842 1078/376/371 931/375/370
f 664/937/901 430/936/900 508/813/785
f 214/585/570 1268/948/910 800/289/286
f 997/1267/1174 581/1433/91 74/1205/1125
f 1165/1016/970 343/221/219 1224/693/671
f 1181/692/670 1165/1016/970 1224/693/671
f 719/1091/1031 1147/1073/1015 367/1217/1133
f 942/71/71 691/145/143 543/395/390
f 942/71/71 337/1154/1083 691/145/143
f 806/600/585 565/599/584 535/1344/1236
f 1083/1362/1246 1102/667/647 490/967/928
f 409/1480/1303 627/1325/1160 548/1469/1301
f 409/1480/1303 548/1469/1301 807/1481/1308
f 1193/639/621 1245/1360/1245 284/602/587
f 284/602/587 1245/1360/1245 105/601/586
f 1245/1360/1245 565/599/584 105/601/586
f 887/942/906 65/1441/1293 292/182/180
f 1040/925/889 1163/426/418 258/488/476
f 115/633/617 994/632/616 194/1334/1228
f 964/1479/527 801/1413/526 1075/643/625
f 45/385/380 753/1275/1182 1212/1274/1181
f 926/496/484 1089/367/362 1070/715/692
f 12/992/948 481/455/446 94/630/615
f 12/992/948 94/630/615 628/494/482
f 326/1380/1257 904/956/917 344/244/242
f 344/244/242 1202/243/241 326/1380/1257
f 625/325/320 884/1038/990 297/1039/991
f 529/191/189 490/967/928 890/192/190
f 723/433/425 655/436/427 148/700/678
f 698/800/773 164/422/414 822/997/953
f 1269/1228/1142 529/191/189 743/628/613
f 1091/1049/999 598/1189/1111 142/809/781
f 355/525/513 331/256/254 730/1400/1270
f 1021/404/399 794/688/668 699/405/301
f 204/1237/1150 400/97/97 1207/104/104
f 445/699/677 1309/308/303 1012/796/769
f 321/484/474 763/471/462 79/485/475
f 459/1468/1300 374/106/106 1229/1182/1105
f 394/43/43 1092/578/563 728/44/44
f 850/284/281 710/388/383 817/921/885
f 710/388/383 248/391/386 817/921/885
f 1167/1331/1226 625/325/320 1093/129/127
f 1095/852/819 1150/623/608 867/140/138
f 1076/333/328 492/335/330 107/1177/1100
f 11/617/602 845/616/601 215/1389/1261
f 340/1246/1158 224/1015/969 311/1227/1141
f 748/1482/1208 467/1483/832 688/938/902
f 290/635/618 509/447/438 727/446/437
f 447/31/31 320/29/29 937/732/709
f 237/763/740 422/1033/986 1280/1029/982
f 770/187/185 1196/186/184 266/1096/1036
f 1237/82/82 1100/487/455 71/83/83
f 755/1138/1068 40/240/238 996/23/23
f 386/598/583 858/216/214 364/597/582
f 231/773/748 147/1290/1194 1137/774/749
f 121/310/305 545/1127/1060 644/1156/1085
f 1107/1319/1217 545/1127/1060 121/310/305
f 1211/1128/1061 545/1127/1060 1107/1319/1217
f 1008/767/743 1254/733/710 1057/735/712
f 1110/803/775 345/398/393 510/301/296
f 499/574/559 370/9/9 679/178/176
f 1096/477/468 621/160/158 405/1239/1151
f 1112/189/187 317/462/453 966/819/791
f 738/1124/1057 437/501/489 1248/1125/1058
f 1276/445/436 1248/1125/1058 437/501/489
f 146/1345/758 972/1476/760 1113/148/146
f 749/505/493 1176/846/813 1114/1436/1290
f 1155/503/491 749/505/493 1114/1436/1290
f 687/100/100 1131/428/420 941/101/101
f 438/1451/1296 101/575/560 181/577/562
f 195/636/619 759/955/916 226/954/915
f 462/32/32 447/31/31 937/732/709
f 205/114/114 940/778/422 57/112/112
f 330/1323/1220 1166/1185/1108 658/297/293
f 277/893/859 512/1135/1065 1120/1076/1018
f 788/871/838 277/893/859 1120/1076/1018
f 1030/152/150 673/154/152 1218/863/830
f 547/870/837 562/869/836 949/963/924
f 815/234/232 211/311/306 295/232/230
f 149/362/357 151/779/752 1041/569/554
f 512/1135/1065 62/1134/1064 778/1328/1224
f 687/100/100 387/356/351 173/429/421
f 1131/428/420 687/100/100 173/429/421
f 1088/680/660 339/678/658 844/681/661
f 1232/952/913 388/962/923 293/953/914
f 1234/1142/1072 821/419/411 1029/1364/1248
f 124/1141/1071 821/419/411 1234/1142/1072
f 93/1450/345 169/272/270 804/1216/1132
f 138/766/742 232/39/39 520/1092/1032
f 1003/946/722 669/939/903 688/938/902
f 467/1483/832 1003/946/722 688/938/902
f 1132/532/520 605/360/355 631/894/860
f 37/190/188 211/311/306 1069/295/291
f 220/34/34 60/1326/1222 833/453/444
f 269/1412/287 780/96/96 1242/95/95
f 1134/674/654 378/497/485 230/1279/1185
f 1135/1115/1050 322/1395/1266 1306/573/558
f 1135/1115/1050 1306/573/558 1210/1301/1202
f 1109/875/842 1266/168/166 752/167/165
f 467/865/832 748/1307/1208 1047/866/833
f 970/837/804 86/912/877 601/867/834
f 936/995/951 26/1367/1249 217/320/315
f 677/544/531 1077/1010/965 618/718/695
f 622/337/332 369/336/331 550/1044/995
f 1253/1207/1127 352/861/828 924/651/632
f 352/861/828 238/860/827 924/651/632
f 296/331/326 722/330/325 249/1403/1198
f 939/512/500 922/1337/1230 489/229/227
f 504/349/344 646/348/343 1288/799/772
f 974/1035/987 1119/625/610 853/414/406
f 180/899/865 1000/227/225 864/1230/1144
f 1000/227/225 396/1338/1231 864/1230/1144
f 499/574/559 1281/420/412 795/531/519
f 168/840/807 1222/219/217 468/828/799
f 641/324/319 140/323/318 1280/1029/982
f 425/427/419 885/1186/1109 1131/428/420
f 1054/1027/980 1147/1073/1015 719/1091/1031
f 1299/746/723 901/547/534 1219/1006/961
f 1149/133/131 946/132/130 638/195/193
f 644/1156/1085 813/1126/1059 638/195/193
f 22/204/202 990/1202/1122 623/1007/962
f 302/923/887 623/1007/962 990/1202/1122
f 587/249/247 421/672/652 123/250/248
f 971/684/664 227/304/299 1051/685/665
f 1151/1023/976 179/1071/854 705/1022/975
f 373/545/532 613/452/443 43/255/253
f 1182/1184/1107 578/1183/1106 732/56/56
f 578/1183/1106 329/524/512 1301/345/340
f 28/570/555 1236/1226/1140 476/51/51
f 600/359/354 1061/1024/977 631/894/860
f 470/441/432 1142/443/434 677/544/531
f 216/246/244 593/198/196 982/197/195
f 162/421/413 44/260/258 26/1367/1249
f 573/254/252 388/962/923 815/234/232
f 1153/180/178 156/278/276 323/369/364
f 916/220/218 979/854/821 441/859/826
f 795/531/519 779/679/659 605/360/355
f 1303/27/27 635/1079/1021 1134/674/654
f 85/1392/429 452/92/92 581/91/91
f 231/773/748 452/92/92 85/1392/429
f 157/321/316 217/320/315 1159/808/780
f 534/1444/1294 701/55/55 666/58/58
f 128/595/580 576/594/579 1081/50/50
f 576/594/579 59/363/358 1081/50/50
f 561/969/930 707/136/134 881/980/938
f 165/268/266 551/825/797 1056/824/796
f 1271/668/648 14/696/674 706/1281/1187
f 34/892/858 510/891/296 555/1419/1279
f 547/870/837 229/1041/993 1099/868/835
f 572/647/628 913/366/361 610/368/363
f 220/1465/34 865/1146/1076 60/1484/1222
f 702/1485/1281 221/1486/1280 226/954/915
f 308/1487/486 56/1149/1079 251/1150/1009
f 951/747/724 408/1211/121 1003/745/722
f 918/59/59 666/58/58 439/1269/1176
f 844/681/661 112/1209/1129 838/682/662
f 1061/1024/977 309/238/236 307/1155/1084
f 1104/958/919 95/566/551 1014/565/550
f 1198/839/806 1009/842/809 641/324/319
f 829/88/88 653/1311/159 648/201/199
f 1133/353/348 513/352/347 825/586/571
f 825/586/571 513/352/347 440/862/829
f 368/214/212 629/1009/964 479/1082/1024
f 1218/863/830 440/862/829 513/352/347
f 1092/578/563 996/23/23 40/240/238
f 589/710/687 381/1108/1046 398/711/688
f 716/816/788 1226/622/607 770/187/185
f 828/206/204 770/187/185 1226/622/607
f 122/1404/1272 1029/1364/1248 1212/1274/1181
f 1212/1274/1181 753/1275/1182 122/1404/1272
f 974/1035/987 853/414/406 68/895/861
f 379/13/13 255/671/651 587/249/247
f 477/1372/1253 1283/1266/1173 1171/1341/1233
f 264/38/38 520/1092/1032 232/39/39
f 586/1249/1161 1036/1005/960 461/1260/1168
f 620/2/2 287/1449/278 1175/1488/1309
f 1293/292/288 1138/1204/1124 777/293/289
f 846/513/501 489/229/227 49/228/226
f 1077/1010/965 497/53/53 1178/269/267
f 37/190/188 403/226/224 295/232/230
f 982/197/195 413/230/228 1179/1253/1165
f 1032/584/569 725/529/517 1140/1316/1214
f 412/517/505 757/736/713 577/1489/1310
f 1068/1286/1190 743/628/613 435/1282/1188
f 395/590/575 1273/435/426 484/1416/1094
f 789/247/245 886/1317/1215 1174/1343/1235
f 231/773/748 999/855/822 837/1197/1118
f 672/370/365 323/369/364 896/1271/1178
f 672/370/365 896/1271/1178 1240/1074/1016
f 634/213/211 103/810/782 483/1188/1110
f 1217/701/679 103/810/782 634/213/211
f 481/455/446 956/546/533 94/630/615
f 1118/73/73 872/75/75 41/457/448
f 784/164/162 1214/166/164 126/1490/857
f 653/1311/159 60/1326/1222 865/1491/1076
f 542/1040/992 265/977/935 370/9/9
f 496/1094/1034 823/456/447 1111/1095/1035
f 238/860/827 1191/986/944 924/651/632
f 1020/1058/1006 1192/394/389 879/1056/1004
f 1121/591/576 505/593/578 279/664/309
f 355/525/513 1049/924/888 331/256/254
f 27/169/167 23/959/920 752/167/165
f 678/1430/1287 721/999/955 336/1415/1277
f 1004/116/116 182/686/666 227/304/299
f 68/895/861 477/1372/1253 974/1035/987
f 859/728/705 670/612/597 909/653/634
f 139/141/139 432/1277/1183 950/589/574
f 684/1112/1048 247/233/231 338/1359/1244
f 1173/14/14 135/607/592 460/780/753
f 878/905/871 3/654/635 61/170/168
f 671/1036/988 1195/1280/1186 926/496/484
f 307/1155/1084 631/894/860 1061/1024/977
f 107/1177/1100 389/371/366 816/402/397
f 833/453/444 12/992/948 640/989/945
f 469/659/640 125/658/639 594/691/669
f 584/1437/1291 526/1458/1297 447/31/31
f 112/1209/1129 772/1181/1104 1199/1417/1278
f 1074/1452/530 536/274/272 303/273/271
f 314/481/471 261/957/918 1162/1234/1148
f 571/716/693 945/1045/996 1117/124/124
f 1178/269/267 1101/518/506 787/270/268
f 1009/842/809 283/629/614 209/554/541
f 506/1492/971 688/938/902 275/706/683
f 486/702/680 294/1060/959 1043/703/681
f 764/151/149 71/1131/83 1053/463/454
f 1058/849/816 617/872/839 708/850/817
f 590/994/950 902/138/136 874/730/707
f 1296/1340/1232 347/74/74 1118/73/73
f 1296/1340/1232 531/1107/1045 347/74/74
f 206/157/155 855/480/470 397/983/941
f 1042/844/811 397/983/941 507/20/20
f 732/56/56 578/1183/1106 1301/345/340
f 1244/1136/1066 1089/367/362 926/496/484
f 215/1389/1261 929/820/792 11/617/602
f 461/1260/1168 418/1259/978 826/1442/568
f 1021/404/399 356/406/300 1158/408/401
f 857/1152/1081 226/954/915 904/956/917
f 1157/85/85 968/935/899 1018/86/86
f 1202/243/241 961/1180/1103 326/1380/1257
f 451/744/721 531/1107/1045 919/1106/1044
f 259/961/922 478/1306/1207 293/953/914
f 497/53/53 1038/1097/1037 1196/186/184
f 1188/1262/1170 450/714/691 665/713/690
f 935/25/25 450/714/691 1265/1333/1227
f 304/888/855 254/560/546 585/559/545
f 113/624/609 432/1277/1183 139/141/139
f 885/1186/1109 595/970/931 1131/428/420
f 356/305/300 805/79/79 213/613/598
f 758/474/465 76/476/467 55/377/372
f 165/268/266 36/1042/994 883/266/264
f 1187/1057/1005 879/1056/1004 781/1164/1090
f 680/797/770 1187/1057/1005 781/1164/1090
f 19/1475/392 363/52/52 555/1419/1279
f 1177/1028/981 386/598/583 21/1011/966
f 1054/1027/980 386/598/583 1177/1028/981
f 70/528/516 1049/924/888 725/529/517
f 975/142/140 673/154/152 867/140/138
f 673/154/152 446/153/151 867/140/138
f 302/923/887 455/1376/1254 189/173/171
f 62/1134/1064 325/571/556 163/1346/1237
f 163/1346/1237 325/571/556 966/819/791
f 353/1296/1199 466/603/588 769/203/201
f 1217/701/679 634/213/211 798/212/210
f 1254/733/710 1008/767/743 884/1038/990
f 1008/767/743 1286/461/452 884/1038/990
f 462/32/32 368/214/212 262/33/33
f 798/212/210 1218/863/830 513/352/347
f 567/146/144 1113/148/146 287/280/278
f 165/268/266 1056/824/796 36/1042/994
f 1011/49/49 843/431/423 1165/1016/970
f 636/798/771 905/423/415 164/422/414
f 1154/606/591 827/788/761 1220/789/762
f 849/126/125 8/470/461 839/1381/1258
f 842/687/667 793/1288/1192 393/1167/310
f 1221/947/909 408/121/121 927/120/120
f 168/840/807 444/878/845 1222/219/217
f 250/1065/736 746/1064/1010 357/1356/36
f 111/719/696 78/649/630 924/651/632
f 1294/135/133 458/174/172 881/980/938
f 953/751/728 765/130/128 702/1421/1281
f 1255/781/754 537/210/208 737/1291/1195
f 1200/1330/1225 382/72/72 989/592/577
f 597/916/881 627/1325/1160 546/914/879
f 195/636/619 987/347/342 318/886/853
f 195/636/619 318/886/853 1259/1168/1093
f 680/797/770 877/1052/1001 1187/1057/1005
f 1/1067/1012 333/1443/595 568/1116/403
f 420/329/324 874/730/707 902/138/136
f 83/1162/1088 375/1473/947 1190/1493/946
f 186/919/606 253/951/912 1226/622/607
f 149/362/357 493/361/356 613/452/443
f 753/1275/1182 1227/1405/1273 122/1404/1272
f 91/417/409 354/499/487 738/1124/1057
f 808/553/540 1107/1319/1217 209/554/541
f 99/690/338 1106/944/908 469/659/640
f 346/386/381 643/1123/1056 892/387/382
f 643/1123/1056 360/1179/1102 892/387/382
f 299/1494/1223 300/1383/790 90/1349/1239
f 299/1494/1223 90/1349/1239 834/1309/1210
f 917/666/646 138/766/742 520/1092/1032
f 442/84/84 285/530/518 9/1402/148
f 827/788/761 826/1442/568 475/1305/1206
f 365/1370/1251 328/108/108 54/107/107
f 414/608/593 355/525/513 730/1400/1270
f 1233/1463/1298 961/1180/1103 772/1181/1104
f 415/137/135 335/139/137 1232/952/913
f 406/683/663 1148/760/737 971/684/664
f 247/233/231 1152/490/478 815/234/232
f 454/6/6 832/90/90 1235/89/89
f 128/595/580 1011/49/49 1165/1016/970
f 423/734/711 1254/733/710 580/128/126
f 679/178/176 1281/420/412 499/574/559
f 602/933/897 1048/1176/1099 515/835/802
f 809/757/734 801/538/526 1197/540/528
f 1228/1087/1027 131/1322/1049 711/645/627
f 175/920/884 425/777/419 803/450/441
f 84/1037/989 891/467/458 1017/468/459
f 84/1037/989 1017/468/459 219/1387/1146
f 826/1442/568 827/788/761 586/1249/1161
f 323/369/364 222/807/779 629/1009/964
f 463/881/848 1239/784/757 377/523/511
f 121/310/305 209/554/541 1107/1319/1217
f 306/188/186 1053/463/454 317/462/453
f 1112/189/187 306/188/186 317/462/453
f 571/716/693 913/366/361 945/1045/996
f 879/1056/1004 1192/394/389 380/843/810
f 138/766/742 33/661/642 263/765/741
f 221/1486/1280 410/1012/967 226/954/915
f 267/267/265 883/266/264 544/1104/1042
f 869/5/5 907/4/4 843/431/423
f 845/616/601 1130/618/603 278/288/285
f 754/836/803 436/259/257 1243/98/98
f 742/721/698 845/616/601 1087/720/697
f 64/557/544 916/220/218 404/222/220
f 219/1387/1146 809/757/734 84/1037/989
f 493/361/356 576/594/579 259/961/922
f 1029/1364/1248 1115/1272/1179 1212/1274/1181
f 497/53/53 1077/1010/965 1038/1097/1037
f 844/681/661 1233/1463/1298 772/1181/1104
f 362/677/657 1233/1463/1298 844/681/661
f 9/1402/148 722/330/325 280/822/794
f 960/864/831 1016/94/94 500/996/952
f 486/702/680 130/263/261 216/1313/244
f 984/1231/1145 91/417/409 480/16/16
f 1004/116/116 745/118/118 793/1288/1192
f 680/797/770 781/1164/1090 474/196/194
f 1235/89/89 769/203/201 466/603/588
f 126/1490/857 1214/166/164 1074/1452/530
f 1004/116/116 227/304/299 72/303/298
f 611/611/596 361/1008/963 302/923/887
f 165/268/266 148/700/678 695/1147/1077
f 1099/868/835 542/1040/992 626/1165/1091
f 157/321/316 1159/808/780 1125/648/629
f 850/284/281 450/714/691 967/1059/1007
f 213/613/598 615/1222/402 766/1495/1304
f 766/1495/1304 356/305/300 213/613/598
f 22/204/202 935/25/25 1265/1333/1227
f 960/864/831 696/165/163 784/164/162
f 774/211/209 1030/152/150 798/212/210
f 1179/1253/1165 812/615/600 982/197/195
f 240/1374/1159 1175/1488/1309 972/1375/760
f 240/1374/1159 912/1414/1276 1175/1488/1309
f 1175/1488/1309 912/1414/1276 620/2/2
f 823/456/447 569/48/48 900/1424/1284
f 931/375/370 1078/376/371 1250/378/373
f 769/203/201 651/202/200 353/1296/1199
f 103/810/782 142/809/781 483/1188/1110
f 483/1188/1110 142/809/781 598/1189/1111
f 18/218/216 582/275/273 955/826/798
f 373/545/532 70/528/516 956/546/533
f 595/970/931 56/1161/1079 308/498/486
f 962/1194/1115 439/1269/1176 239/326/321
f 646/348/343 715/1467/341 186/919/606
f 905/423/415 636/798/771 646/348/343
f 359/442/433 536/274/272 1214/166/164
f 1161/393/388 425/777/419 175/920/884
f 564/70/70 887/942/906 1168/1148/1078
f 537/210/208 1146/209/207 495/902/868
f 501/1032/985 464/768/744 692/769/494
f 822/997/953 530/1172/1095 698/800/773
f 852/749/726 1215/175/173 958/750/727
f 50/131/129 1149/133/131 223/37/37
f 336/1415/1277 721/999/955 298/885/852
f 873/163/161 244/401/396 25/731/708
f 70/528/516 43/255/253 1049/924/888
f 534/1444/1294 1182/1184/1107 732/56/56
f 289/1320/1218 840/1273/1180 1145/177/175
f 289/1320/1218 1145/177/175 1249/1321/1219
f 442/84/84 9/1402/148 280/822/794
f 266/1096/1036 1196/186/184 1038/1097/1037
f 23/959/920 785/81/81 1104/958/919
f 259/961/922 1028/328/323 478/1306/1207
f 995/1255/1167 1191/986/944 238/860/827
f 995/1255/1167 1039/985/943 1191/986/944
f 921/1263/1171 1209/381/376 649/741/718
f 856/534/522 443/982/940 1203/69/69
f 294/1003/959 1071/1496/1212 747/248/246
f 747/248/246 1071/1496/1212 216/246/244
f 804/1216/1132 1015/579/564 129/580/565
f 129/580/565 93/1450/345 804/1216/1132
f 429/1379/1256 91/417/409 984/1231/1145
f 102/279/277 1156/205/203 156/278/276
f 83/1162/1088 1190/1493/946 312/1014/704
f 882/1393/1264 256/1390/1262 790/1439/1241
f 187/449/440 817/921/885 175/920/884
f 7/3/3 154/582/567 459/1468/1300
f 54/107/107 459/1468/1300 154/582/567
f 859/728/705 909/653/634 274/726/703
f 1188/1262/1170 1265/1333/1227 450/714/691
f 177/1163/1089 1095/852/819 242/724/701
f 242/724/701 327/725/702 177/1163/1089
f 236/1030/983 367/1217/1133 1147/1073/1015
f 1004/116/116 72/303/298 241/709/686
f 521/1308/1209 278/288/285 1130/618/603
f 553/737/714 659/739/716 50/131/129
f 952/68/68 1157/85/85 1272/581/566
f 882/1393/1264 231/773/748 172/1391/1263
f 18/218/216 468/828/799 1222/219/217
f 1074/542/530 1206/541/529 820/889/856
f 951/747/724 224/1015/969 340/1246/1158
f 1048/1176/1099 781/1164/1090 663/1175/1098
f 1063/439/430 581/1433/91 650/440/431
f 950/589/574 1310/1287/1191 1275/1219/1134
f 265/977/935 542/1040/992 229/1041/993
f 1114/1436/1290 1176/846/813 948/845/812
f 245/63/63 1276/445/436 437/501/489
f 202/1297/932 651/972/200 200/281/41
f 1018/86/86 559/509/497 986/87/87
f 485/105/105 930/1158/1087 895/28/28
f 895/28/28 63/792/765 485/105/105
f 384/1385/1259 675/922/886 188/241/239
f 49/228/226 1290/1251/1163 870/896/862
f 153/533/521 797/224/222 686/223/221
f 498/400/395 789/247/245 1127/1342/1234
f 1127/1342/1234 789/247/245 1174/1343/1235
f 402/460/451 448/754/731 1298/1068/1013
f 745/118/118 235/264/262 934/704/682
f 321/484/474 1129/1062/1008 1116/966/927
f 502/1192/1113 973/638/620 332/1193/1114
f 259/961/922 293/953/914 388/962/923
f 247/233/231 1278/511/499 338/1359/1244
f 247/233/231 295/232/230 1278/511/499
f 1184/322/317 641/324/319 209/554/541
f 1279/8/8 1308/7/7 413/230/228
f 1/1067/1012 1210/1301/1202 1045/66/66
f 626/1165/1091 781/1164/1090 1048/1176/1099
f 326/1380/1257 319/676/656 301/1431/1288
f 41/457/448 872/75/75 1062/458/449
f 494/1198/1119 192/550/537 268/459/450
f 296/331/326 1072/1445/1295 649/741/718
f 764/151/149 1053/463/454 30/1026/979
f 588/762/739 328/108/108 1103/1371/1252
f 51/307/302 644/1156/1085 946/132/130
f 85/438/429 574/1075/1017 256/1497/1262
f 938/383/378 839/1381/1258 29/469/460
f 1090/155/153 206/157/155 397/983/941
f 397/983/941 1154/606/591 1090/155/153
f 452/92/92 1137/774/749 519/93/93
f 1075/643/625 871/708/685 118/644/626
f 482/1401/1271 286/978/936 411/172/170
f 1028/328/323 576/594/579 1246/596/581
f 432/1277/1183 31/1278/1184 740/1425/1285
f 236/1030/983 1272/581/566 88/567/552
f 654/555/542 1107/1319/1217 808/553/540
f 123/250/248 756/673/653 693/1206/1126
f 781/1164/1090 879/1056/1004 663/1175/1098
f 531/1107/1045 1098/298/294 347/74/74
f 604/318/313 166/572/557 97/1157/1086
f 938/383/378 523/382/377 839/1381/1258
f 258/488/476 1237/82/82 155/973/933
f 258/488/476 1100/487/455 1237/82/82
f 3/654/635 909/653/634 773/171/169
f 1090/155/153 947/619/604 1052/156/154
f 729/1031/984 369/1498/331 727/446/437
f 1103/1371/1252 328/108/108 365/1370/1251
f 503/662/643 1083/1362/1246 978/669/649
f 541/1429/1238 750/1428/11 777/293/289
f 1290/1251/1163 1055/1195/1116 870/896/862
f 966/819/791 300/818/790 163/1346/1237
f 629/1009/964 462/32/32 896/1271/1178
f 791/1143/1073 1234/1142/1072 159/1478/1307
f 711/645/627 118/644/626 1228/1087/1027
f 905/423/415 716/816/788 162/421/413
f 458/174/172 455/1376/1254 1208/1166/1092
f 517/1289/1193 80/1454/1063 417/1411/1062
f 405/1239/1151 865/1146/1076 761/282/279
f 662/1001/957 1122/884/851 721/999/955
f 546/914/879 383/587/572 735/915/880
f 740/1425/1285 1205/1474/1305 432/1277/1183
f 865/1146/1076 220/1465/34 491/1355/1242
f 261/957/918 996/23/23 894/1233/1147
f 576/594/579 1028/328/323 259/961/922
f 752/167/165 332/1193/1114 316/876/843
f 952/68/68 1272/581/566 532/609/594
f 772/1181/1104 530/1172/1095 1199/1417/1278
f 702/1485/1281 226/954/915 1023/1470/1302
f 474/196/194 413/230/228 982/197/195
f 13/134/132 458/174/172 1294/135/133
f 316/876/843 1019/640/622 1078/376/371
f 1078/376/371 1019/640/622 55/377/372
f 530/1172/1095 961/1180/1103 178/913/878
f 1031/64/64 1116/966/927 4/65/65
f 918/59/59 681/838/805 903/60/60
f 523/1448/377 876/410/379 571/716/693
f 172/1391/1263 231/773/748 85/1392/429
f 972/1375/760 1175/1488/1309 287/1449/278
f 87/1422/1282 589/710/687 133/1464/1299
f 208/722/699 1039/985/943 995/1255/1167
f 390/783/756 1073/965/926 685/743/720
f 866/207/205 1262/185/183 770/187/185
f 968/935/899 1141/67/67 324/286/283
f 1191/986/944 111/719/696 924/651/632
f 831/1048/998 981/217/215 456/880/847
f 991/657/638 1091/1049/999 125/658/639
f 1156/205/203 700/235/233 32/26/26
f 875/1284/1051 985/1499/1136 114/1285/1189
f 1170/1214/1130 943/698/676 445/699/677
f 1111/1095/1035 1062/458/449 918/59/59
f 239/326/321 701/55/55 1027/57/57
f 240/1374/1159 154/582/567 912/1414/1276
f 475/1418/1206 154/582/567 240/1374/1159
f 933/772/747 177/1163/1089 1197/540/528
f 897/242/240 463/881/848 40/240/238
f 441/859/826 1066/694/672 916/220/218
f 999/855/822 882/1393/1264 771/856/823
f 765/130/128 1093/129/127 221/1420/1280
f 21/1011/966 932/738/715 553/737/714
f 904/956/917 759/955/916 344/244/242
f 598/1189/1111 84/1037/989 965/756/733
f 1223/424/416 1163/426/418 1040/925/889
f 988/159/157 1105/500/488 176/1378/1255
f 121/310/305 644/1156/1085 51/307/302
f 666/58/58 2/502/490 534/1444/1294
f 715/346/341 1301/345/340 1258/620/605
f 892/387/382 193/964/925 589/710/687
f 381/1108/1046 589/710/687 193/964/925
f 865/1146/1076 491/1355/1242 4/65/65
f 1031/64/64 1306/573/558 1186/815/787
f 1306/573/558 322/1395/1266 1186/815/787
f 1008/767/743 494/1198/1119 268/459/450
f 506/1492/971 275/706/683 131/1114/1049
f 779/679/659 124/1141/1071 791/1143/1073
f 869/5/5 969/790/763 454/6/6
f 1097/900/866 966/819/791 325/571/556
f 1309/308/303 51/307/302 946/132/130
f 321/484/474 29/469/460 763/471/462
f 564/70/70 337/1154/1083 942/71/71
f 577/1489/1310 757/736/713 592/1080/1022
