# Blender 5.0.1
# www.blender.org
mtllib trench_rock01.mtl
o ydzlfb1_LOD0_TIER2_000
v 0.045510 0.042002 -0.053535
v 0.044591 0.033519 0.067593
v -0.222986 0.009464 -0.008464
v 0.058894 0.073196 -0.040511
v -0.010469 0.046085 0.002389
v 0.114702 0.041671 -0.051480
v 0.096016 0.122144 -0.008440
v 0.022126 0.056767 -0.022107
v 0.216441 0.081466 -0.008361
v 0.180115 0.016795 -0.062582
v 0.231663 0.022290 0.028515
v 0.066179 0.061339 -0.056587
v 0.008902 0.005236 -0.125573
v 0.127822 0.071645 0.072165
v -0.057107 0.032114 -0.097962
v 0.124794 0.029227 -0.062706
v -0.004419 0.046261 -0.016908
v 0.061027 0.083069 0.059294
v 0.013765 0.046295 -0.009437
v 0.133924 -0.000629 0.118469
v 0.175747 0.091076 0.035285
v -0.001376 0.036178 -0.103094
v -0.194706 0.018807 -0.017476
v 0.202756 0.099935 -0.009329
v -0.055509 0.027369 -0.122264
v -0.012797 0.008648 0.020988
v -0.189525 0.016415 -0.029103
v 0.103836 0.065343 -0.037265
v 0.046064 0.060068 -0.029630
v 0.199552 0.073704 -0.021216
v -0.125169 -0.000629 0.064056
v -0.005592 0.038466 -0.096798
v 0.168107 0.075036 0.080643
v 0.020343 0.022556 -0.010637
v 0.142533 -0.000629 -0.084556
v 0.164824 0.083877 -0.009707
v 0.191003 0.055652 -0.040077
v -0.009329 0.053125 -0.082926
v -0.158308 -0.000629 -0.075227
v 0.021098 0.058519 0.016665
v 0.079238 0.040873 0.086587
v 0.146417 0.104870 -0.021207
v 0.102389 0.043661 -0.062013
v -0.005352 0.013585 0.020799
v -0.091947 0.005936 -0.076771
v -0.015006 0.038813 0.018725
v 0.208699 -0.000629 -0.049328
v 0.179150 0.069620 -0.022565
v 0.201607 0.019852 -0.054212
v 0.171776 0.096681 0.014629
v 0.148365 0.113713 0.018452
v 0.219327 -0.000629 -0.042051
v -0.161172 0.001217 0.060528
v 0.082654 0.109990 0.011865
v -0.174117 0.009805 -0.037892
v 0.045367 0.026392 -0.068065
v 0.063323 0.008706 -0.112351
v 0.119852 0.114554 -0.001044
v 0.110805 0.053908 -0.040624
v 0.102840 0.062390 0.077852
v 0.061220 0.079585 -0.043468
v -0.221194 -0.000629 -0.019534
v 0.232299 0.033173 -0.011313
v -0.071511 0.011964 -0.098741
v 0.141282 0.091299 -0.025044
v -0.012765 0.051868 -0.067503
v 0.216591 0.064814 -0.004235
v 0.207976 0.085646 -0.021186
v 0.134910 0.027435 0.084901
v -0.015380 0.019250 0.018455
v 0.094025 0.039531 -0.056413
v 0.207798 0.071103 -0.009426
v -0.149052 0.029906 0.027766
v 0.150093 0.056445 -0.022403
v 0.115572 0.049258 0.073147
v 0.054032 0.089928 0.020520
v -0.175305 0.015158 -0.058344
v 0.086479 0.129827 -0.016550
v 0.214452 0.036463 0.053249
v 0.039678 0.076027 -0.026758
v -0.159072 0.047103 0.001526
v 0.155472 0.024441 0.088533
v 0.100592 -0.000629 0.126954
v -0.223869 0.023738 0.019642
v -0.068821 0.010955 -0.105270
v -0.102849 0.028931 0.021238
v 0.116307 0.046002 0.089858
v 0.063708 0.048066 0.083455
v -0.101224 -0.000629 -0.100717
v 0.189874 0.078938 0.050634
v 0.229321 0.045349 0.006422
v 0.006401 0.039134 -0.007497
v 0.219219 0.056222 0.009999
v 0.154266 0.010088 0.093566
v 0.159136 -0.000629 0.100450
v 0.068212 0.007703 -0.111527
v -0.047260 0.030284 0.029861
v 0.072197 0.055903 -0.052685
v -0.150374 0.031181 0.001110
v 0.200286 0.077202 0.047065
v 0.229369 0.016017 -0.012823
v -0.085953 0.008215 0.047060
v -0.044318 0.044744 0.012973
v 0.165499 0.049502 0.093379
v 0.095173 0.004349 -0.114240
v -0.029271 0.045846 -0.091894
v -0.077819 0.022870 0.007665
v 0.183273 0.093301 0.051780
v -0.162694 0.016425 -0.040215
v 0.145830 0.016322 -0.063501
v -0.054716 0.040116 -0.078048
v 0.058453 0.054345 0.065032
v -0.201069 0.020921 -0.015675
v 0.214384 0.018694 -0.046146
v 0.215180 0.028872 0.053577
v -0.035688 0.011545 0.062570
v -0.133001 0.006094 0.053699
v -0.050895 0.056340 -0.009081
v 0.032883 0.073493 -0.008298
v 0.031683 0.014403 0.082303
v 0.103821 0.104906 -0.028486
v -0.158098 0.015089 0.031262
v -0.089427 0.001451 0.053677
v -0.231774 0.004642 0.011009
v 0.132388 0.105795 0.027470
v -0.108067 0.004285 -0.082454
v -0.039315 0.052287 -0.009772
v 0.107197 0.005870 -0.092905
v -0.134346 0.002153 -0.067465
v -0.137257 0.031743 0.025327
v -0.061721 0.027173 0.008008
v -0.053056 0.004330 0.032190
v 0.053723 -0.000629 -0.125127
v 0.119833 0.071827 -0.038099
v -0.047346 0.033113 0.021634
v -0.118089 0.049320 0.004125
v -0.171316 0.011565 0.045661
v -0.090787 0.049656 0.014285
v -0.086403 -0.000629 -0.108151
v 0.144262 0.024415 -0.060849
v 0.133589 0.011951 -0.067062
v 0.131982 0.018225 0.084419
v 0.018487 0.018614 0.054882
v 0.165100 0.082541 0.067970
v -0.119051 0.004958 0.051086
v 0.095068 0.098105 0.016030
v 0.063552 0.107325 -0.034505
v -0.073445 0.025981 0.003900
v -0.204104 -0.000629 0.042225
v 0.160284 0.096068 -0.008034
v 0.041226 0.058897 0.042184
v 0.057586 0.109404 -0.005986
v 0.145331 0.058983 0.090554
v 0.190665 0.081260 -0.023767
v 0.093813 0.056387 -0.050270
v 0.071085 0.112604 -0.005836
v 0.087812 0.071943 -0.040617
v 0.153544 0.015326 0.089666
v 0.178423 0.046138 0.079481
v 0.082368 0.115543 0.001491
v 0.201643 0.074350 0.014732
v -0.023727 0.040217 -0.105521
v -0.026630 0.012794 0.033906
v 0.227736 -0.000629 -0.015424
v -0.145537 -0.000629 -0.077457
v 0.012900 0.037096 -0.073494
v -0.208299 -0.000629 -0.039378
v 0.002914 0.010937 0.026709
v 0.224095 0.050543 -0.013242
v 0.002123 0.012299 0.039090
v 0.181135 0.083526 -0.016377
v 0.229178 0.029735 -0.020110
v -0.070772 0.039263 -0.053155
v 0.092159 0.087740 0.049751
v -0.041980 0.031722 0.036978
v 0.046580 0.072048 0.056271
v 0.146421 0.098072 0.037876
v 0.123907 0.049478 0.094338
v 0.069171 0.003557 -0.101424
v 0.198163 0.019461 0.081637
v 0.043894 0.010071 -0.098393
v 0.050801 0.048834 0.076769
v 0.179970 -0.000629 0.090232
v -0.143584 0.009271 0.031837
v 0.006255 0.006388 0.059305
v -0.080751 0.054189 0.003834
v 0.214314 0.039923 -0.043208
v 0.103163 -0.000629 -0.111164
v -0.180113 0.033150 0.031990
v -0.234260 -0.000629 0.010890
v 0.067103 0.080639 -0.020360
v -0.065230 0.010553 0.040671
v 0.019367 0.022214 0.025463
v 0.037562 0.014375 -0.104788
v 0.015723 0.055022 0.001196
v 0.009448 0.021525 -0.120341
v -0.075234 -0.000629 -0.113643
v 0.055674 0.066394 0.060553
v 0.209634 0.066358 0.022865
v 0.108905 0.021163 0.103109
v -0.083014 0.009215 -0.086787
v 0.028164 0.075460 -0.022841
v 0.030358 0.076159 -0.017666
v 0.025027 0.008528 0.078459
v -0.046415 0.041500 -0.055596
v 0.028456 -0.000629 -0.128654
v 0.131388 0.068033 0.061383
v -0.049515 0.012012 0.063334
v 0.033353 0.005998 -0.112091
v 0.079553 0.127774 -0.021288
v 0.078563 0.004981 -0.121190
v 0.077289 0.131094 -0.020250
v 0.026820 0.014246 -0.106133
v -0.086646 0.031797 -0.077816
v 0.058294 0.003562 -0.112605
v 0.052869 0.080758 0.003074
v -0.005467 -0.000629 -0.143474
v 0.209712 0.008634 0.063109
v 0.114055 0.104882 0.033738
v 0.201404 0.077552 0.021620
v 0.175043 0.052739 -0.039152
v 0.092840 0.076503 -0.030828
v -0.213815 0.021899 0.009205
v 0.057756 0.082852 -0.037555
v -0.073618 0.007127 0.045725
v 0.217857 -0.000629 0.043977
v -0.117481 0.050337 -0.005585
v -0.020030 0.006730 0.026486
v 0.046082 0.067004 0.031265
v -0.121838 0.028899 0.024819
v 0.092199 -0.000629 0.131395
v 0.133163 0.017343 -0.063577
v 0.053446 0.071367 -0.047352
v 0.037542 0.006298 0.103399
v -0.023332 0.035956 -0.113728
v 0.169900 0.088882 0.033761
v -0.222231 0.005485 0.021982
v -0.155731 0.020932 0.022956
v -0.002230 0.010602 0.038443
v 0.027271 0.005723 0.091995
v -0.164011 0.028958 0.030152
v 0.085196 0.116503 -0.029074
v -0.109494 0.028235 -0.054671
v 0.005295 0.041366 -0.065784
v 0.138204 0.053360 0.092033
v 0.170959 0.079449 0.057266
v 0.081774 0.066023 -0.045247
v 0.145699 0.031531 0.097762
v -0.132884 0.041685 0.003649
v 0.185314 0.080476 0.058822
v 0.083272 0.096647 0.014483
v 0.204575 0.017212 0.074755
v 0.045706 0.013766 0.079690
v 0.079783 0.034800 0.084516
v 0.070698 0.110633 0.001475
v -0.129113 0.033010 0.023386
v -0.133532 0.005396 0.028293
v 0.178115 0.071993 0.077202
v -0.051306 0.034286 -0.116924
v 0.175675 0.026763 0.086235
v -0.197899 -0.000629 0.045217
v 0.171459 0.045278 -0.051568
v 0.035506 0.012623 -0.089860
v 0.214147 0.085150 -0.009698
v 0.045620 0.048088 -0.062289
v 0.041685 0.031407 -0.066752
v -0.190225 -0.000629 0.053661
v 0.023896 0.021968 0.015176
v -0.104608 0.041900 0.005967
v 0.115160 0.007460 -0.084903
v 0.119398 0.043855 0.094418
v -0.108273 -0.000629 -0.093298
v 0.206206 0.069508 0.004535
v 0.123162 0.047345 -0.042377
v 0.235572 0.022678 0.018776
v 0.033136 0.062308 0.022634
v -0.037131 -0.000629 -0.139058
v 0.170167 0.079650 0.072263
v 0.151669 0.087117 0.046761
v -0.102056 0.022341 -0.061206
v 0.006743 0.022376 0.009475
v 0.175114 0.095714 -0.005226
v 0.093167 0.018573 0.106654
v -0.054044 0.001119 0.039266
v 0.135755 0.012235 0.100483
v -0.173842 0.015484 -0.064286
v 0.161317 0.032360 0.100839
v 0.173611 0.036427 0.088254
v -0.222429 0.012022 0.014631
v -0.172893 0.005672 0.045660
v 0.198008 0.010087 0.085599
v 0.033114 -0.000629 -0.126790
v 0.234043 0.019246 -0.000433
v 0.216130 0.036317 0.030000
v -0.021340 0.050196 -0.023816
v 0.215849 0.087711 0.009905
v 0.058383 0.097530 0.020995
v 0.051960 0.072367 0.062217
v -0.185761 0.018967 -0.016704
v 0.126963 0.098602 0.046124
v 0.208679 0.072894 -0.007801
v -0.164092 0.012001 -0.045924
v 0.214429 0.078977 -0.000548
v -0.203959 0.013502 -0.031646
v 0.082715 0.118772 -0.016409
v 0.179121 0.056926 -0.034041
v -0.014592 0.002464 -0.139047
v -0.101201 0.005630 -0.067925
v 0.045386 0.068872 0.002459
v 0.164821 0.029858 0.097418
v -0.004848 0.050356 -0.075241
v 0.115522 0.115100 -0.006115
v -0.017387 0.053523 -0.077506
v 0.117330 0.115825 -0.011628
v 0.136439 0.053510 -0.042181
v -0.136338 0.049016 -0.003721
v 0.172804 0.050673 -0.045963
v 0.205080 0.088097 0.011045
v 0.058865 0.013687 0.092639
v -0.165226 0.002300 0.041505
v 0.119181 -0.000629 0.123104
v 0.227433 0.055657 0.003268
v 0.224940 0.060525 -0.003624
v 0.000710 -0.000629 0.091030
v -0.008546 0.028797 -0.110710
v -0.045348 0.026214 0.031661
v -0.098442 0.052081 0.002252
v 0.103826 0.062253 -0.041027
v 0.154212 0.025982 -0.063383
v 0.200466 0.065622 -0.023139
v -0.175864 0.006278 -0.064297
v 0.052087 0.036094 -0.068532
v -0.181767 0.005864 -0.059179
v -0.032069 0.053568 0.008408
v -0.182638 0.015100 -0.027036
v -0.226501 -0.000629 0.019941
v -0.227209 0.024171 0.017210
v 0.047064 0.021660 -0.076796
v 0.043296 0.069278 0.013840
v 0.119974 0.091555 0.051033
v -0.173718 0.012103 -0.024897
v 0.210737 0.064885 -0.009110
v 0.018052 0.009305 0.062168
v 0.236990 -0.000629 0.011277
v -0.011882 -0.000629 0.086590
v -0.059575 0.006501 -0.127062
v 0.058553 0.067189 -0.031184
v 0.058500 0.003508 -0.119351
v 0.039021 0.048056 -0.037785
v -0.032935 0.041155 -0.118161
v 0.211252 0.044572 0.032145
v 0.214929 0.030797 -0.036739
v -0.003101 0.003519 0.077839
v -0.139761 0.008920 0.023570
v 0.097597 0.106286 -0.001970
v 0.036696 0.030905 0.035532
v 0.058669 0.061699 0.056336
v 0.111217 0.029753 -0.064222
v -0.167039 0.013401 -0.017253
v 0.037000 0.041180 -0.054466
v 0.120963 0.035676 -0.058475
v 0.157027 0.101712 -0.005278
v 0.046542 0.075169 0.015142
v 0.154045 0.052546 -0.040016
v -0.177423 -0.000629 0.059067
v 0.136161 0.051425 0.099055
v -0.042951 0.044586 -0.050917
v 0.180246 0.037248 -0.061635
v -0.047737 0.028031 0.032026
v -0.044681 0.045427 0.011851
v -0.033229 -0.000629 0.081883
v -0.217093 -0.000629 0.031367
v 0.218157 0.033756 0.022482
v 0.048019 0.059904 0.046897
v 0.116221 0.095008 -0.026214
v 0.009042 0.004991 0.073161
v 0.029717 0.030977 -0.011998
v -0.089053 0.007364 -0.070349
v 0.079568 0.051119 0.070847
v 0.125891 0.020708 0.092930
v 0.112845 0.027049 0.085951
v -0.169952 0.029898 0.033320
v -0.065866 0.058742 -0.012414
v 0.205937 0.029869 0.071384
v 0.097924 0.123657 -0.015624
v 0.168506 0.005558 0.093914
v 0.115769 0.022880 -0.069622
v -0.198509 0.026630 0.013863
v 0.072108 0.112710 0.015882
v 0.047396 0.061772 -0.052927
v 0.214208 0.054147 0.020137
v -0.033359 0.019632 0.022680
v -0.088892 0.015219 -0.074542
v -0.015035 0.029431 -0.118569
v -0.015782 0.004557 0.082051
v 0.014817 0.041993 -0.008368
v 0.201162 0.095573 0.032793
v 0.088622 0.103353 0.006802
v 0.207075 0.002755 0.051041
v 0.191151 0.090040 0.055143
v -0.026009 0.007931 -0.138549
v 0.050198 0.079678 -0.009635
v -0.132937 0.023148 -0.060415
v -0.206141 -0.000629 -0.042332
v 0.053889 0.073842 -0.023621
v 0.222445 -0.000629 -0.031831
v 0.093525 0.049052 -0.055237
v 0.097980 0.114407 -0.002650
v -0.221425 0.028223 0.015556
v 0.151468 0.031790 0.102096
v 0.027050 0.042769 0.025822
v -0.018948 0.046468 -0.061909
v 0.145694 0.095641 -0.021584
v 0.128210 0.002458 -0.087713
v -0.065127 0.038758 -0.046647
v 0.219083 0.030536 0.030365
v -0.099177 0.024656 -0.060001
v -0.074069 0.001452 -0.096298
v -0.024415 0.041502 -0.055646
v -0.097237 0.002624 0.055671
v 0.018884 0.066719 -0.011435
v -0.226286 0.004193 0.013946
v 0.188759 0.097255 0.038171
v 0.077152 0.000801 -0.103672
v 0.145291 0.044189 -0.046559
v -0.051363 0.040827 -0.105440
v 0.106694 0.057709 0.078878
v 0.106747 0.106574 0.004664
v 0.075990 0.026070 -0.069849
v -0.179990 0.036070 0.015393
v 0.045409 0.043803 0.074716
v 0.204707 0.090889 -0.021453
v 0.198609 0.042544 -0.045267
v 0.052814 0.078934 0.021024
v 0.163152 0.101875 0.011088
v -0.068494 -0.000629 -0.117760
v 0.079466 0.057833 0.064544
v -0.080317 0.033666 -0.082972
v 0.064496 0.109056 -0.003321
v 0.060614 0.058873 0.057951
v 0.034523 0.021817 0.009503
v 0.089004 0.018278 0.097540
v 0.171012 0.091128 0.021859
v 0.200299 0.051016 -0.037287
v -0.080438 0.001915 -0.103052
v 0.126228 0.101735 -0.030576
v 0.015819 0.000762 -0.131544
v 0.068693 0.103615 -0.029242
v -0.189648 0.020596 0.028533
v -0.079683 -0.000629 -0.111007
v -0.213925 -0.000629 0.038738
v -0.050575 -0.000629 0.077866
v 0.029194 0.012424 0.087955
v -0.206241 0.010406 -0.028206
v 0.097276 -0.000629 0.127989
v 0.037082 0.009478 0.102086
v -0.156143 0.036390 0.001981
v -0.111720 0.042037 -0.029199
v 0.072761 0.042107 -0.064297
v 0.115759 0.024005 -0.076227
v 0.017220 0.043579 -0.008623
v 0.148268 0.056398 -0.038331
v 0.129812 0.110287 -0.005430
v -0.171319 0.038437 0.007998
v -0.005998 0.044303 -0.007980
v 0.065240 0.113591 0.015834
v 0.044347 -0.000629 -0.124341
v 0.143441 0.053071 -0.028615
v 0.123791 0.001494 -0.091224
v 0.047851 0.014081 0.085758
v 0.077127 0.099469 0.019057
v 0.019233 0.017857 0.041082
v 0.167256 0.077784 0.078412
v 0.073395 0.005323 0.129449
v 0.206599 -0.000629 0.054577
v 0.055613 0.013267 -0.089823
v 0.062473 0.007709 -0.120344
v 0.082449 0.123342 -0.018424
v -0.162675 -0.000629 0.062922
v 0.142649 -0.000629 0.114066
v 0.169463 -0.000629 0.094068
v 0.229910 -0.000629 -0.010273
v 0.107679 0.030852 0.085906
v 0.020102 0.035874 -0.064038
v 0.032028 0.024677 -0.066656
v -0.119837 0.001038 0.056256
v -0.064540 0.006327 0.050478
v 0.113695 0.111129 0.005998
v 0.112439 0.075035 0.067308
v -0.069921 0.033516 -0.057826
v 0.169988 0.023919 0.089102
v 0.121357 0.106200 0.034156
v 0.095506 -0.000629 -0.117011
v 0.033849 0.011677 0.096280
v 0.057148 0.015620 0.076819
v -0.078273 0.010822 0.029429
v -0.062275 0.045984 -0.039519
v 0.129302 0.068834 -0.033448
v 0.211081 0.086723 0.020933
v 0.192558 0.051185 0.068794
v 0.085201 0.086065 0.048472
v 0.145231 0.103993 0.004976
v -0.110551 0.007965 0.024106
v -0.046160 0.004710 -0.136927
v 0.073283 0.017796 0.088770
v 0.083318 0.006691 -0.106413
v 0.016125 0.023791 -0.088085
v 0.099581 0.055030 0.065590
v -0.096818 0.045258 0.016906
v 0.131601 0.054736 0.084604
v 0.015632 0.005015 0.063837
v 0.089654 0.089327 -0.041626
v 0.112198 0.086234 0.056790
v 0.006172 0.024480 -0.112402
v 0.080293 0.088284 0.040470
v 0.197934 0.039241 0.074948
v 0.013037 0.012783 -0.118645
v 0.094100 0.117662 -0.000998
v 0.139037 0.009697 -0.066988
v 0.014124 0.059002 -0.002466
v 0.063370 0.110043 0.014120
v -0.036155 0.013713 -0.132791
v 0.107882 0.024771 -0.068386
v -0.222458 0.008018 0.012749
v 0.057469 0.109703 -0.009516
v 0.085951 0.018895 0.106434
v 0.024306 0.048529 0.017605
v -0.210065 0.020858 0.006422
v 0.068268 0.104341 0.017532
v -0.054037 0.037601 -0.108182
v 0.105815 0.122192 -0.019564
v -0.209528 0.015740 0.049500
v 0.087105 0.082685 0.060846
v -0.048306 0.040999 0.011433
v -0.024902 0.027009 0.026551
v -0.060989 0.002048 0.041294
v 0.202060 -0.000629 0.078724
v 0.223149 -0.000629 -0.035764
v 0.207620 0.045710 0.043025
v -0.060972 0.057882 -0.016369
v -0.100158 0.046961 -0.024480
v 0.073543 0.108324 0.005503
v 0.207094 0.003140 0.061717
v 0.101741 0.072206 -0.033548
v 0.124494 0.027453 0.083145
v 0.138367 0.055885 -0.038748
v -0.011155 0.015996 -0.130836
v 0.140778 0.008695 0.101008
v 0.077025 0.063149 -0.053292
v -0.203217 0.017244 -0.028918
v 0.056645 0.006434 -0.100956
v -0.086521 0.020817 0.006791
v 0.209145 0.087411 -0.011001
v -0.066764 0.020914 -0.112529
v -0.134590 0.048235 0.003093
v 0.089302 0.053757 -0.052617
v 0.085028 -0.000629 -0.122258
v 0.192303 0.032161 -0.059214
v 0.141801 0.071660 0.059986
v 0.048167 0.067466 -0.047968
v -0.044926 0.050217 -0.072168
v -0.141455 0.001078 -0.077195
v -0.174184 0.033940 0.033442
v 0.113652 0.048499 -0.042962
v 0.108072 0.018638 0.112279
v -0.122537 0.035851 0.019834
v -0.051102 0.050821 -0.084108
v 0.171295 0.009824 -0.068928
v 0.162673 -0.000629 0.097992
v 0.115988 0.048457 0.087501
v 0.135404 0.023963 -0.062848
v 0.047814 0.059892 0.038578
v 0.099186 0.015240 0.083894
v -0.001203 0.029395 0.004144
v -0.145494 0.032032 -0.010582
v -0.138217 0.022095 -0.053504
v -0.021076 0.002756 0.048407
v 0.061615 0.100795 0.022640
v -0.152815 0.020323 -0.013283
v 0.162207 0.073598 0.071019
v -0.179276 0.009381 -0.058313
v 0.010772 0.007036 0.054807
v -0.091992 0.006129 -0.068417
v -0.029860 0.049263 -0.023049
v 0.136114 0.069453 0.059708
v -0.186012 0.010289 0.049358
v 0.044091 0.071089 0.027639
v 0.025531 0.034237 -0.060974
v 0.050479 0.072692 -0.000380
v 0.026531 0.023140 -0.011852
v 0.198147 0.088194 0.040772
v -0.010440 0.046931 -0.058181
v 0.231910 0.036553 0.006598
v -0.064433 0.022894 0.027580
v -0.059436 0.035687 -0.053328
v -0.083308 0.036559 -0.061295
v 0.000274 -0.000629 -0.140307
v -0.164250 0.042334 0.005376
v 0.160595 0.050217 0.096310
v 0.215189 0.062535 0.023275
v 0.041191 0.032592 -0.066066
v 0.134927 0.055901 0.075563
v 0.202976 0.070001 0.012377
v 0.153178 0.083579 0.049951
v 0.220274 0.031368 0.017811
v 0.217867 0.011671 -0.043913
v 0.043150 0.076444 0.051385
v 0.015465 0.046849 -0.029807
v -0.066238 -0.000629 -0.121789
v 0.100223 0.023194 -0.079326
v 0.230573 0.028967 0.011126
v -0.057651 -0.000629 -0.127886
v 0.131376 0.111131 -0.022555
v -0.106340 0.037707 0.018702
v 0.132973 0.108709 -0.026397
v 0.134433 0.077319 0.059489
v -0.004941 0.007806 0.051156
v 0.091907 0.048459 0.068951
v 0.187576 0.066527 0.064191
v 0.145931 0.012494 0.089127
v 0.050434 0.018397 0.060611
v -0.160627 0.023625 -0.040146
v -0.035109 0.027860 0.028281
v 0.206568 0.067737 0.025222
v -0.000112 0.009353 0.028737
v 0.150108 0.007863 -0.073608
v 0.079337 0.002935 -0.106584
v -0.233478 -0.000629 0.013389
v -0.019655 0.055514 -0.090054
v -0.143665 0.029809 -0.006332
v 0.141852 0.011588 0.091053
v -0.053238 0.033116 -0.100521
v 0.107035 0.120941 -0.013492
v -0.004810 0.006466 0.029096
v -0.119690 0.029020 -0.051764
v -0.053169 0.006966 0.031147
v 0.015981 0.023161 -0.008799
v 0.025878 0.073747 -0.019626
v -0.050705 0.047345 -0.033417
v 0.169117 0.097253 0.003025
v 0.146855 0.105100 0.029426
v -0.075130 0.005912 0.062784
v -0.091925 0.022833 -0.061514
v -0.073505 -0.000629 0.072548
v 0.063965 0.072432 -0.027951
v 0.213627 0.052906 0.026415
v 0.048198 0.091355 -0.010701
v 0.176942 0.073014 -0.016965
v -0.199814 -0.000629 -0.050125
v 0.173294 0.088331 0.026853
v -0.056609 0.043082 -0.055139
v 0.028499 0.027068 -0.013442
v -0.192734 0.007258 0.037468
v 0.135591 -0.000629 -0.090143
v -0.088899 0.053146 0.004311
v 0.154137 0.048461 0.102479
v 0.001902 0.005877 0.059207
v 0.014491 0.007327 0.077636
v 0.197286 0.070360 0.034260
v -0.067138 -0.000629 -0.119075
v 0.020044 0.009265 -0.114756
v -0.091703 0.030079 -0.064825
v -0.048011 0.047759 -0.104288
v -0.223627 -0.000629 -0.013551
v 0.046149 0.021779 -0.073955
v -0.165018 0.044806 0.003761
v -0.036610 0.043407 -0.051056
v -0.162803 0.019911 -0.042613
v 0.014221 -0.000629 -0.138623
v 0.079592 0.099760 -0.023352
v 0.030196 0.050261 -0.049499
v 0.123682 0.019819 0.084463
v -0.215510 0.027581 0.015459
v -0.006865 0.047798 -0.015105
v 0.189741 0.093231 0.010879
v -0.227642 0.022016 0.016641
v 0.000956 0.046851 -0.049818
v -0.006137 0.042254 -0.031804
v 0.145204 0.034865 -0.056859
v 0.152833 0.100338 -0.016747
v 0.120082 0.037983 0.093748
v 0.053544 0.062911 0.037465
v 0.121060 0.056648 -0.034216
v -0.134356 0.023196 0.030265
v 0.086657 -0.000629 0.136080
v 0.041586 0.026286 0.042009
v -0.015639 0.055790 -0.083656
v 0.009236 0.014630 -0.120933
v 0.016657 -0.000629 -0.135066
v 0.043308 0.053576 -0.058451
v 0.146174 0.055794 -0.022733
v 0.059044 0.007348 0.122618
v 0.117249 0.049052 0.074220
v 0.066625 0.075105 0.068250
v -0.007214 0.046224 -0.061167
v 0.156159 0.060443 0.080846
v -0.223648 0.004978 0.016843
v -0.048921 -0.000629 -0.135918
v -0.087042 0.051897 0.008836
v 0.068557 0.103650 0.011920
v 0.104189 0.015235 -0.082612
v 0.102706 0.100034 0.006990
v -0.088844 0.006496 -0.088320
v 0.173340 0.078734 0.081020
v 0.159877 0.071280 0.070047
v 0.174618 0.062447 -0.025783
v 0.108755 0.004442 0.118313
v 0.064673 -0.000629 0.126016
v -0.164882 0.037629 0.012343
v 0.230062 0.009372 -0.011297
v -0.098032 0.052812 -0.011356
v -0.051339 0.032222 0.008595
v 0.064481 0.026605 -0.069979
v 0.183900 -0.000629 -0.066001
v -0.077024 0.003487 0.068057
v -0.005080 -0.000629 0.088176
v -0.089110 0.026614 0.006098
v -0.123269 0.049800 -0.003461
v 0.199564 0.014107 0.083447
v 0.006995 0.040110 -0.015806
v -0.172689 -0.000629 -0.071329
v 0.040989 0.049180 0.070399
v -0.092656 0.037820 -0.062566
v 0.037718 0.019148 -0.071797
v 0.222205 0.060740 0.006557
v 0.207278 0.089563 -0.011410
v 0.220252 0.023115 -0.029337
v -0.162038 0.008278 -0.070168
v -0.124215 -0.000629 -0.081830
v 0.110856 0.046225 -0.047836
v 0.078484 0.112039 0.013860
v 0.125175 -0.000629 0.121745
v 0.092407 0.009541 0.119197
v -0.045649 0.053634 -0.087722
v -0.012221 0.046778 -0.035840
v 0.226970 -0.000629 0.037967
v 0.073552 0.113849 -0.002836
v -0.005237 0.017721 -0.129782
v 0.013507 0.032652 -0.076345
v 0.097415 0.051236 -0.056838
v -0.197892 0.008345 0.025107
v -0.111044 -0.000629 -0.090706
v -0.210085 0.024858 0.014502
v 0.029074 0.046970 -0.053395
v 0.071101 0.035294 0.084852
v -0.090860 0.004073 -0.094313
v 0.238747 0.008236 0.009866
v -0.015711 0.033075 0.025213
v 0.043344 0.049531 -0.036224
v 0.068197 0.098960 0.026218
v 0.105257 0.061805 0.079775
v 0.078484 0.123534 -0.006464
v 0.073338 0.108283 -0.035606
v 0.156392 0.034522 0.102826
v 0.057083 0.089395 -0.014733
v -0.011706 0.002391 0.084192
v 0.017641 0.049121 -0.033145
v -0.017905 0.034311 -0.106401
v 0.171062 0.097293 0.003193
v 0.156009 0.044551 0.103212
v 0.034729 0.012569 0.095813
v -0.104331 0.040613 -0.053912
v -0.057309 0.009392 0.067093
v 0.068120 0.049100 -0.059549
v -0.025119 0.023626 -0.128236
v 0.070626 0.008280 -0.106940
v 0.069087 0.107203 -0.029282
v -0.143842 0.032843 -0.002442
v -0.170830 0.011467 -0.072854
v 0.198615 -0.000629 -0.060024
v 0.141298 0.064192 0.070557
v 0.159147 -0.000629 -0.079386
v 0.166107 0.051958 -0.034677
v -0.095504 0.016807 0.014567
v -0.003217 0.039941 -0.082201
v 0.013746 0.012689 0.039108
v -0.023834 0.007245 0.034670
v 0.157106 0.098463 0.033798
v 0.077953 0.008360 -0.112639
v 0.058918 0.054612 -0.061479
v -0.102245 0.044347 0.004008
v 0.141621 0.012512 -0.064491
v 0.102693 0.096481 0.030383
v 0.184000 0.072684 0.066800
v -0.060701 0.029662 0.007644
v -0.087422 0.011202 -0.068447
v 0.158219 0.106759 0.023957
v 0.196322 0.086968 0.047910
v -0.067133 0.024549 0.010151
v -0.042091 0.054176 -0.012054
v 0.208316 -0.000629 0.050185
v 0.016529 0.016726 0.034725
v 0.000904 0.041552 -0.022670
v 0.079341 0.105977 -0.032168
v 0.188042 0.093911 0.004735
v 0.119526 0.035564 0.087491
v 0.002939 0.003946 0.083025
v 0.085394 0.130381 -0.023997
v -0.076023 0.004210 0.057075
v 0.061416 0.095933 -0.036548
v 0.139950 0.097399 0.032357
v 0.197076 0.094163 -0.022598
v 0.045143 0.102950 -0.000923
v 0.013966 0.047262 -0.016482
v 0.065645 0.053988 0.061802
v 0.177540 0.092509 0.016751
v 0.214074 0.006059 -0.046639
v -0.015071 0.012059 0.019493
v 0.023930 0.023575 0.027057
v -0.154475 -0.000629 0.062913
v 0.190935 0.063683 0.062727
v -0.075535 0.042932 -0.044079
v 0.019334 0.028641 -0.069864
v 0.014351 0.017869 -0.088798
v 0.054821 0.022274 0.073201
v 0.010841 0.015830 -0.092263
v 0.236430 0.013914 0.016284
v 0.016471 0.059648 0.006928
v -0.198086 0.005866 0.044383
v -0.220398 0.017316 0.000309
v 0.009164 0.051075 -0.052428
v 0.058111 0.099841 -0.033794
v -0.038472 0.034737 -0.121641
v -0.099852 0.006147 0.023000
v -0.049438 0.043494 -0.109075
v -0.023359 0.050830 -0.009934
v 0.017252 0.064920 -0.015779
v -0.141533 0.042172 -0.009233
v 0.025727 0.028370 -0.066639
v -0.016069 0.029913 0.026094
v -0.172058 -0.000629 0.060222
v -0.136573 0.015980 -0.068314
v -0.087204 0.055662 -0.020248
v 0.193627 0.039050 0.077959
v 0.054964 0.031827 0.080915
v 0.109493 0.052654 0.075015
v 0.112493 0.118164 -0.013351
v 0.229514 0.003124 -0.010170
v 0.141012 0.109033 0.013616
v 0.169950 0.038025 -0.051177
v 0.099426 0.062306 0.071377
v 0.169750 0.046808 0.090233
v 0.081296 0.001542 -0.103443
v -0.193155 0.011757 0.051318
v 0.083099 0.005139 -0.119775
v -0.054923 0.030229 -0.080570
v -0.140908 -0.000629 0.064268
v -0.050784 0.047971 -0.048887
v 0.061015 0.110831 0.020660
v 0.107320 -0.000629 -0.108853
v -0.109897 0.043192 -0.040983
v 0.082934 0.120920 -0.016624
v 0.100943 0.072189 0.070168
v 0.186907 0.072695 -0.018765
v -0.034395 0.007464 0.038562
v 0.079604 0.076371 -0.045807
v 0.178257 0.035022 0.084625
v -0.001885 0.007239 0.046267
v 0.012573 0.017353 -0.115172
v -0.189818 0.032427 0.019029
v -0.019030 0.048645 -0.090681
v 0.050267 0.015092 0.073165
v 0.148586 0.110518 0.026366
v 0.102191 0.018403 0.114822
v 0.205590 -0.000629 0.063863
v 0.032974 -0.000629 0.104398
v 0.056704 0.046145 -0.062850
v 0.047411 0.015363 0.064731
v -0.051975 0.050876 -0.027701
v -0.081848 0.048428 0.014662
v 0.102993 0.119161 -0.008465
v 0.110097 0.061678 0.079819
v 0.118317 0.110663 0.008022
v 0.208775 0.001439 0.047771
v 0.021213 -0.000629 -0.131414
v 0.232657 -0.000629 0.001591
v 0.131748 0.111097 0.003009
v 0.032523 0.017531 -0.077785
v 0.124334 0.068518 0.074539
v -0.130263 0.024433 0.029331
v -0.163760 0.010650 0.042577
v -0.184057 -0.000629 -0.064495
v 0.132404 0.095121 0.047077
v -0.176255 0.010541 0.047759
v 0.123410 0.008195 0.113585
v 0.025496 0.018184 0.036262
v 0.010535 0.015030 0.021927
v 0.097857 0.035527 0.087089
v 0.197853 0.070516 -0.021176
v 0.150365 0.057344 0.087043
v 0.179984 0.088944 0.056595
v 0.115833 0.009337 0.114985
v -0.125962 0.025984 0.026603
v 0.085421 0.119077 -0.002750
v -0.166827 0.001014 0.049763
v 0.206829 0.092815 0.020248
v -0.072062 0.058001 -0.010125
v -0.224392 0.014021 0.022594
v 0.223613 0.044357 -0.015762
v 0.191168 0.094883 -0.021125
v 0.123753 0.052680 -0.035057
v -0.038068 0.050192 -0.096052
v 0.094165 0.032896 -0.066118
v -0.129524 -0.000629 0.064361
v 0.210288 0.074838 -0.006127
v 0.045738 0.076660 -0.011859
v -0.042272 0.009725 -0.136501
v 0.025771 0.051257 0.042446
v 0.048615 0.082346 -0.007804
v -0.218893 -0.000629 -0.025841
v 0.128572 0.018497 -0.066001
v 0.174862 0.027732 -0.060428
v 0.043498 0.019763 0.052226
v 0.067055 0.018305 0.091499
v 0.197951 0.101451 -0.010796
v -0.097073 -0.000629 0.064545
v 0.110135 0.102793 -0.023512
v 0.023370 0.056424 0.029017
v 0.150337 -0.000629 -0.081073
v 0.161410 0.013581 0.091642
v 0.084027 0.131760 -0.022194
v 0.103168 0.020252 0.112169
v -0.215549 -0.000629 0.033827
v 0.147595 0.114153 0.021019
v 0.230570 -0.000629 -0.007613
v 0.105640 0.106487 0.012859
v 0.038387 0.003087 0.105087
v -0.162185 -0.000629 -0.074334
v 0.225161 0.061001 0.001092
v -0.110148 0.034895 0.020047
v 0.115804 0.039766 -0.058232
v -0.087202 0.020774 -0.065763
v -0.111679 -0.000629 0.063512
v 0.001306 0.039661 -0.017118
v 0.112412 0.106936 0.022152
v -0.109365 0.051804 -0.009234
v 0.213620 0.012286 0.047398
v 0.128722 0.085030 0.057025
v -0.082691 0.032069 0.010114
v 0.002252 0.012771 0.035631
v 0.177948 0.023333 -0.062633
v -0.146730 0.036971 0.004115
v 0.163119 0.008097 0.094007
v 0.003208 0.007472 0.047059
v 0.045400 0.040408 -0.062390
v -0.142829 0.037570 -0.012389
v 0.137546 0.089676 0.051434
v 0.147961 0.056433 -0.040971
v 0.228201 0.051433 -0.003255
v -0.204527 0.019988 0.051319
v 0.051597 0.086712 0.031791
v 0.131771 0.111503 -0.012148
v 0.121605 0.019611 -0.079594
v -0.137567 0.004197 -0.063265
v 0.194292 0.093175 0.008041
v -0.176341 0.012676 -0.023508
v 0.098848 0.006462 -0.096652
v -0.210054 -0.000629 0.041983
v 0.034116 0.013478 0.090769
v 0.091465 0.051553 0.065910
v 0.116073 0.099235 -0.025430
v 0.082529 0.006591 0.135627
v -0.100978 0.006647 -0.089911
v -0.079933 0.034500 -0.065131
v 0.037028 0.077274 -0.013836
v 0.039571 0.073456 -0.005091
v 0.032421 0.065950 0.003024
v 0.123774 -0.000629 -0.101228
v 0.229038 0.013604 0.036121
v 0.089581 0.005047 0.134289
v -0.160951 0.015466 -0.054492
v 0.021547 0.003746 0.085233
v 0.113750 0.089668 0.045109
v 0.076922 0.101166 -0.028574
v 0.069790 0.108140 -0.036272
v 0.046026 0.040816 -0.056019
v -0.031274 0.050761 -0.087390
v 0.174354 0.054333 -0.031902
v 0.027566 0.071989 -0.024997
v 0.205113 0.078175 -0.019140
v 0.002335 0.041118 -0.079130
v 0.054424 0.004323 0.115626
v -0.205831 0.024536 0.013725
v 0.086816 0.039667 -0.062703
v -0.128792 0.028754 -0.051047
v 0.092235 0.123779 -0.011482
v 0.211219 0.057161 -0.027905
v 0.134062 0.073539 -0.029456
v 0.089828 0.124180 -0.023368
v 0.011610 0.019429 0.006448
v 0.024892 0.024749 0.022888
v 0.138086 0.041246 0.098771
v 0.068663 0.003116 -0.096097
v -0.095174 0.021484 0.008493
v -0.010642 0.012436 0.067046
v -0.216917 0.008694 -0.025559
v -0.102912 0.014687 0.022092
v 0.224092 -0.000629 -0.022408
v 0.044319 0.073661 0.044595
v 0.119526 0.112283 -0.017560
v -0.011196 0.034182 -0.105892
v 0.231836 0.043506 -0.000234
v -0.142036 0.005714 -0.062967
v -0.173303 0.011075 -0.072485
v 0.007602 0.019971 -0.123608
v -0.081768 0.031257 -0.084887
v -0.060016 0.005129 0.058131
v -0.094011 0.047136 -0.037893
v 0.116354 0.106468 0.033124
v 0.175768 0.090755 0.039801
v 0.047200 -0.000629 0.112147
v 0.077415 -0.000629 -0.123345
v -0.153126 0.003916 0.045615
v -0.052418 0.000785 0.037068
v 0.056479 0.062924 -0.033344
v -0.178798 0.022174 -0.008594
v -0.081429 0.012156 -0.087119
v -0.068015 0.037691 -0.097809
v 0.065430 0.077729 -0.036520
v -0.010704 0.045151 0.009544
v 0.233883 0.013835 0.010908
v -0.148812 0.033590 -0.016883
v 0.131229 0.035838 0.098236
v -0.151872 0.003392 -0.070855
v 0.142305 0.017318 -0.061996
v -0.025287 -0.000629 -0.145208
v -0.162201 0.037884 0.017940
v -0.111963 0.005500 0.045375
v -0.185240 0.026501 0.027846
v -0.090368 -0.000629 -0.106080
v -0.152047 0.009656 -0.065978
v -0.168265 0.040266 0.005561
v 0.195887 0.033691 -0.054961
v 0.125220 0.106434 -0.028483
v 0.212253 -0.000629 -0.045982
v -0.010512 0.048579 -0.017983
v 0.173248 0.062412 0.077589
v -0.081845 0.019921 0.021985
v -0.144865 0.043766 -0.006395
v 0.062623 0.002977 -0.121379
v 0.158701 0.049000 -0.041684
v 0.048268 0.035143 -0.068132
v -0.067529 0.005752 0.044180
v -0.002689 0.043029 -0.063542
v 0.096368 0.054289 0.064600
v -0.128251 0.021994 0.028466
v -0.053464 0.056055 -0.017346
v 0.089127 0.067655 -0.042346
v 0.017338 0.017217 0.043832
v 0.072767 0.073284 0.069322
v 0.047366 0.006989 -0.104119
v -0.043544 0.036395 0.031140
v -0.189404 0.029659 0.003444
v 0.032515 0.076609 -0.025200
v -0.140129 0.038682 0.004305
v 0.038523 0.070631 -0.028258
v 0.117276 0.035187 0.084672
v -0.001234 0.033470 -0.105767
v -0.156450 0.018772 -0.052089
v -0.059182 -0.000629 0.077632
v 0.192950 0.082609 -0.024753
v 0.133553 0.096774 0.039419
v -0.135599 0.006336 0.025182
v 0.140692 0.068659 0.061612
v -0.071400 0.000498 -0.107546
v -0.060660 0.004171 0.055796
v 0.024043 0.023953 0.019765
v 0.023027 0.004992 0.079692
v -0.110462 0.017105 0.019699
v -0.105778 0.046506 0.002214
v -0.116211 -0.000629 0.064364
v -0.118758 0.041855 -0.019517
v -0.045598 -0.000629 -0.137362
v 0.190783 -0.000629 0.085553
v 0.151834 0.101076 0.033376
v 0.103270 0.043411 0.074603
v 0.121674 0.070876 -0.037997
v 0.148951 0.041187 -0.054463
v -0.049751 0.001575 0.035360
v -0.050702 0.036644 -0.100581
v 0.028801 0.016940 -0.097524
v 0.061961 0.100863 -0.013379
v 0.129422 -0.000629 -0.097163
v -0.059308 0.007148 0.033550
v -0.066664 0.037918 -0.096298
v -0.125042 0.004289 -0.070308
v -0.005273 0.005448 0.045430
v 0.096976 0.019656 0.082565
v 0.029201 0.029584 -0.060110
v 0.139510 0.004419 0.110183
v -0.079708 0.011048 0.041058
v 0.072348 0.111720 0.013298
v 0.067422 0.097629 0.008383
v 0.025256 0.016842 0.008358
v 0.062967 0.006859 -0.108217
v 0.069575 0.091127 -0.039213
v 0.107665 0.049054 0.072883
v 0.066937 0.086711 0.055164
v 0.073884 0.090246 -0.043281
v 0.065038 0.070320 -0.053583
v 0.228770 0.042402 0.008298
v 0.005568 0.019316 -0.101263
v 0.038806 0.033304 -0.061710
v 0.142946 0.058077 0.095329
v 0.067189 0.078045 -0.048446
v 0.204792 0.091847 -0.005425
v 0.046398 0.105161 -0.002982
v -0.031290 0.010575 0.068923
v 0.020465 0.049422 -0.029535
v -0.111232 0.008898 -0.064926
v 0.210251 0.064007 -0.012811
v -0.202776 -0.000629 -0.046347
v -0.070464 0.021823 -0.101543
v -0.176466 0.033331 0.024572
v 0.104523 0.094104 -0.034253
v 0.079246 0.010575 -0.107202
v -0.026240 0.005906 0.074484
v 0.162446 0.043065 -0.053653
v 0.101164 0.099743 -0.035138
v 0.220699 0.021045 0.040134
v 0.187227 0.029244 -0.066921
v 0.021224 0.020268 0.031368
v 0.016201 0.052407 -0.009243
v -0.021404 0.055371 0.008080
v 0.184451 0.053888 -0.042347
v 0.016755 0.053090 -0.017720
v 0.024460 0.020842 -0.087899
v 0.029936 0.021821 0.013924
v 0.004350 0.004551 -0.132997
v 0.216881 0.037170 0.016592
v 0.148646 0.021938 0.080437
v -0.199961 0.010399 0.042571
v -0.204475 0.004814 0.029682
v 0.053242 0.080693 0.011073
v 0.141982 0.097335 0.043036
v -0.194894 0.005935 0.030897
v 0.059388 0.060470 -0.058596
v 0.196898 0.058001 0.062553
v 0.018186 -0.000629 0.098909
v 0.197978 0.101559 -0.006859
v 0.206551 0.022205 0.068601
v -0.020417 0.023275 -0.128223
v 0.081223 0.002666 -0.099903
v 0.036936 0.012668 -0.107493
v -0.050918 0.038411 -0.112536
v 0.219595 0.017106 -0.032269
v 0.085469 0.126174 -0.026548
v -0.200866 0.024994 0.015264
v 0.193030 0.094389 0.047419
v -0.226539 0.022052 0.011021
v 0.211001 -0.000629 0.047394
v -0.184538 0.001795 0.047857
v 0.147657 0.055134 -0.042556
v 0.148251 0.083195 -0.020807
v 0.199524 0.076956 0.027815
v 0.200854 0.044658 0.055222
v 0.212455 0.043225 -0.038158
v 0.042428 0.075859 0.046897
v -0.035374 0.010264 0.036110
v 0.055819 0.088477 -0.038563
v 0.028465 0.017057 0.002691
v -0.123388 0.007002 0.025710
v 0.006823 0.023146 -0.122351
v -0.088304 -0.000629 0.068696
v 0.000334 0.005275 -0.134281
v -0.159251 0.030087 0.001869
v -0.027185 0.049264 -0.073934
v 0.095309 0.092665 -0.037883
v 0.188646 0.010044 -0.060143
v 0.017707 0.062702 -0.003923
v -0.128400 0.028567 0.023470
v 0.077058 0.044455 0.086405
v -0.060817 0.032004 -0.115813
v -0.045732 0.027534 0.032306
v -0.131491 0.017244 -0.069200
v 0.221333 0.034378 0.013151
v -0.076806 0.034329 -0.092019
v 0.166714 0.069720 -0.022957
v 0.011847 0.044496 -0.014635
v -0.030238 0.051280 -0.019894
v 0.022745 0.053923 -0.043362
v -0.068453 0.056355 -0.018658
v -0.227009 0.005195 0.000670
v -0.076165 0.050330 -0.036589
v 0.074226 0.062499 0.064493
v 0.086087 0.020191 0.082652
v 0.067658 0.085446 -0.020429
v 0.195185 0.020799 -0.057815
v 0.019711 0.011960 -0.107905
v 0.133605 0.046405 0.100209
v 0.002610 -0.000629 -0.139218
v 0.056951 0.094928 0.020839
v 0.172888 0.091794 -0.009218
v 0.057286 0.013510 0.100919
v 0.222712 0.063478 -0.000351
v 0.055588 0.021677 -0.078657
v -0.150290 0.019519 -0.049280
v 0.064038 0.000874 -0.122331
v 0.030946 0.026578 -0.062063
v -0.068292 0.012910 0.041510
v -0.086765 0.049811 0.014708
v -0.074498 0.049811 0.012507
v -0.023000 0.049294 -0.065173
v -0.206416 0.020927 0.049804
v -0.060149 0.027377 -0.063478
v -0.003294 0.001657 -0.142530
v -0.153895 0.000553 0.054170
v 0.124288 0.007540 -0.084884
v 0.110299 0.065794 0.077556
v -0.199059 0.014539 -0.032077
v -0.153207 0.046877 -0.000046
v -0.039482 0.049982 0.002095
v -0.039795 0.022049 0.025213
v 0.151884 0.078484 0.055051
v -0.066457 0.001819 -0.114866
v -0.091599 0.035452 0.016318
v -0.088746 0.007999 -0.082306
v -0.041212 0.043786 -0.058055
v 0.043629 0.062786 0.032081
v -0.069944 0.007365 -0.113824
v -0.033181 0.027573 -0.126442
v 0.052338 0.070930 0.062674
v 0.117859 0.016927 -0.082535
v 0.023541 0.046516 0.005270
v 0.202981 0.001234 0.078667
v 0.031933 0.006519 -0.121797
v 0.080273 0.031923 -0.068127
v 0.115193 0.022040 0.083886
v -0.207658 0.008587 0.036950
v 0.204027 0.094250 0.030925
v 0.157083 0.053047 -0.034852
v 0.053509 0.027440 0.079861
v 0.076405 0.129641 -0.019494
v 0.216487 0.036973 0.047192
v 0.222539 -0.000629 -0.026353
v -0.024239 0.031396 0.029774
v 0.203192 -0.000629 -0.055683
v -0.158103 0.014090 0.039623
v 0.009330 0.003782 0.089517
v 0.170022 0.018636 0.091403
v 0.051951 0.036701 0.079773
v 0.103451 0.009440 0.116286
v 0.008773 0.009599 0.029801
v -0.162245 0.002456 0.051173
v 0.069604 0.111936 0.013934
v -0.082043 -0.000629 -0.109930
v -0.064939 0.028693 -0.060322
v 0.096355 0.107138 -0.033014
v 0.020786 0.053008 -0.038910
v 0.069750 0.004818 -0.118341
v 0.016430 0.061745 -0.015714
v -0.064731 -0.000629 -0.124397
v -0.222656 0.012984 0.000793
v -0.193004 0.024566 -0.004445
v 0.084080 0.067709 0.065547
v 0.021384 0.066987 -0.021825
v 0.049379 -0.000629 -0.124556
v 0.079888 0.117888 -0.001940
v -0.001056 0.041886 -0.041089
v 0.050925 0.021800 -0.073206
v -0.051872 0.026906 0.011011
v -0.150869 0.018837 0.026108
v 0.127610 -0.000629 0.120865
v 0.092762 0.081076 -0.031996
v -0.167162 0.014454 0.028655
v 0.121315 0.039616 -0.050847
v 0.130782 0.090091 -0.027404
v -0.008961 0.028867 -0.115079
v 0.227811 0.050683 0.007789
v 0.157782 0.082598 0.056051
v 0.062074 0.023223 0.085023
v -0.006871 0.007353 -0.135917
v 0.026503 0.029102 -0.013327
v 0.100927 0.049998 0.066647
v -0.163591 0.000970 0.043244
v 0.000142 0.018809 0.013725
v 0.197903 0.098950 -0.000620
v 0.195289 0.039562 -0.052316
v -0.021905 0.050990 -0.014809
v -0.221957 0.010006 0.013456
v -0.011848 0.031064 0.020724
v -0.085762 0.032806 -0.068062
v 0.206052 0.039922 0.058645
v 0.086675 0.059468 0.068443
v 0.085954 0.073762 0.068616
v -0.002693 0.050362 -0.053724
v 0.160310 0.021922 0.087024
v 0.074571 0.049087 -0.055670
v -0.199148 0.002661 0.041686
v -0.030658 0.051401 -0.080853
v 0.120107 0.031293 -0.062386
v 0.235882 -0.000629 0.027820
v -0.077045 0.038714 -0.052865
v -0.068692 0.009638 -0.120206
v -0.197303 0.003263 -0.040772
v 0.215350 0.049902 0.015494
v 0.182054 0.093683 0.026896
v -0.177942 0.013016 -0.056882
v 0.065489 0.022894 0.086459
v -0.150474 0.011620 0.037137
v 0.099519 0.098801 0.005135
v 0.065023 -0.000629 -0.123044
v 0.059475 0.112523 0.019593
v 0.141351 0.031534 0.095942
v 0.068415 0.059127 0.060770
v 0.185600 0.091680 0.055643
v -0.150639 0.039829 0.001196
v 0.081775 -0.000629 -0.123330
v 0.007177 0.033125 -0.090457
v 0.066074 0.054622 -0.058226
v 0.055524 0.082570 0.018725
v -0.013735 0.002373 0.041010
v -0.041600 0.023519 -0.132300
v 0.033200 0.048896 -0.038592
v 0.178448 0.096564 0.039105
v -0.003832 0.024822 -0.111368
v 0.182591 0.046829 -0.054238
v 0.059362 0.005399 -0.104887
v 0.080771 0.013393 -0.089579
v 0.160310 0.029291 0.100101
v -0.031515 0.038899 -0.045001
v 0.135572 0.109554 -0.004133
v 0.093418 0.119649 -0.025522
v 0.049687 0.043786 -0.064356
v -0.212885 0.026348 0.014494
v -0.114922 0.039256 0.005112
v 0.056094 0.084418 0.013843
v 0.101090 0.014158 0.088321
v 0.005364 0.044164 -0.037285
v 0.161233 0.105986 0.020766
v 0.043882 0.098564 -0.007448
v 0.053496 0.010325 -0.094567
v 0.051965 0.077697 0.053775
v -0.088895 0.008675 0.023427
v 0.190442 0.098179 -0.017037
v -0.084876 0.020034 -0.080196
v 0.102347 0.024469 -0.076793
v -0.076575 0.020496 -0.092872
v -0.063808 0.021571 0.031725
v -0.102810 0.006741 0.048898
v 0.062606 0.008673 -0.117090
v 0.020259 0.061394 -0.019967
v -0.218235 0.011908 0.024295
v -0.221091 0.014493 -0.001685
v 0.183686 0.094124 0.022260
v -0.146129 0.033638 -0.000516
v 0.157001 0.006961 0.096517
v -0.014376 0.005382 0.024425
v 0.195378 0.062701 0.052326
v 0.058130 -0.000629 0.119597
v 0.111228 -0.000629 0.125537
v 0.073475 0.077850 0.067847
v 0.081307 0.051963 -0.055517
v 0.169219 0.033103 -0.053124
v 0.168118 0.034719 0.095945
v 0.006724 0.008838 -0.124025
v 0.011886 -0.000629 -0.139450
v -0.032893 0.003149 0.046511
v -0.071228 -0.000629 -0.116051
v -0.003802 0.008144 0.062810
v 0.062036 0.018339 0.086313
v -0.170827 0.033194 0.005251
v -0.176561 0.036951 0.016515
v 0.157442 0.056626 -0.030214
v 0.214517 0.080640 -0.011904
v -0.145346 0.004503 -0.064265
v 0.026683 0.049650 -0.033914
v 0.180172 0.025278 0.084160
v -0.143578 0.017429 0.033461
v -0.101649 0.016367 0.015769
v 0.008411 0.034038 -0.078835
v 0.060041 0.111451 0.016232
v 0.163896 0.082376 0.049475
v 0.008591 0.039636 -0.072451
v 0.212877 0.059652 -0.016852
v -0.116337 0.040407 -0.034382
v -0.138186 0.020916 0.031883
v 0.143542 0.048523 -0.043205
v 0.003038 0.039235 -0.017276
v 0.021569 0.027258 -0.081663
v 0.182405 0.077249 -0.014854
v 0.204782 0.049259 0.034277
v 0.088278 0.081093 -0.042469
v 0.055159 0.045991 0.085977
v 0.060687 0.050125 0.074917
v 0.092834 0.125081 -0.016598
v -0.062611 0.035620 -0.109519
v -0.173868 0.021145 0.025898
v 0.069693 0.112647 -0.010854
v -0.165497 0.020976 -0.020200
v 0.139787 0.020483 0.077204
v -0.111692 0.001961 0.030521
v -0.077934 0.055638 -0.013711
v 0.120270 0.001344 -0.099921
v -0.036177 0.050586 -0.089024
v -0.085110 0.051264 0.012358
v -0.084268 0.054700 -0.012954
v -0.116625 0.016642 0.021160
v 0.075933 0.090787 -0.021819
v 0.149101 0.065975 0.070510
v -0.208883 0.012629 -0.025076
v -0.018425 0.051758 0.012752
v 0.066450 0.103244 -0.035790
v -0.198013 -0.000629 -0.052196
v -0.225555 0.025038 0.009971
v 0.230351 0.033056 -0.017762
v 0.138091 -0.000629 -0.088086
v 0.139248 0.079870 -0.022220
v 0.183610 0.032125 0.082888
v 0.079199 0.088636 0.046390
v -0.091065 0.030836 0.013993
v -0.231681 -0.000629 0.015658
v 0.036782 0.001129 0.105287
v -0.040076 0.030851 0.037127
v -0.112236 0.045362 -0.023273
v 0.035615 -0.000629 0.106083
v -0.161300 0.047253 0.001942
v -0.046542 0.022679 0.031268
v -0.036506 0.033585 0.036651
v 0.154878 0.002388 0.102862
v -0.212540 -0.000629 0.040799
v -0.036430 0.053922 -0.017236
v 0.196952 0.068564 0.043103
v 0.017689 0.052708 -0.039342
v 0.064142 0.008511 0.124258
v 0.015847 0.017423 0.055078
v 0.200259 -0.000629 0.081061
v -0.039200 0.039621 -0.030532
v 0.233139 0.032127 -0.007049
v 0.001155 0.026192 -0.104164
v -0.025155 0.048741 -0.024953
v -0.056110 0.043077 0.014535
v 0.045427 0.023990 -0.069602
v -0.051308 0.038332 -0.087897
v -0.037009 0.049445 -0.006246
v 0.035586 0.078462 -0.022004
v 0.206908 0.010577 0.069270
v -0.175930 0.008503 -0.027966
v 0.081047 0.116229 -0.017042
v -0.056956 0.027750 -0.067596
v 0.027818 0.060916 0.031239
v 0.191512 0.085218 -0.024562
v 0.008220 0.016709 0.016374
v 0.113220 0.037934 0.077663
v -0.014031 0.050087 -0.023558
v 0.140122 0.047894 0.104107
v 0.204415 0.039436 -0.050884
v 0.040723 0.037061 -0.058028
v 0.168039 0.068620 0.078223
v -0.016543 0.045551 -0.055430
v -0.166586 0.038792 0.008653
v -0.213284 0.005946 0.040815
v -0.147469 0.033731 0.026820
v 0.174467 0.033532 -0.058342
v -0.214213 -0.000629 -0.030707
v 0.055032 0.068313 0.050937
v -0.209805 0.021958 -0.011758
v 0.016966 0.029341 -0.078837
v 0.050938 0.002714 -0.118244
v 0.059578 0.057187 0.057654
v -0.175554 0.011746 -0.048122
v 0.084936 0.013505 0.116135
v 0.151203 0.031790 -0.056767
v 0.110068 0.093742 0.036303
v 0.017437 0.015904 -0.099185
v 0.107824 0.039811 -0.066127
v 0.077016 0.098933 -0.035661
v 0.143884 0.040768 0.101272
v 0.140014 0.013929 0.083855
v 0.044875 0.103394 -0.006628
v -0.013281 0.047721 -0.031455
v 0.109912 0.086218 -0.033781
v 0.088685 0.111845 -0.031523
v 0.159652 0.104124 0.001858
v 0.053297 0.040854 0.086060
v 0.083365 0.118918 -0.029961
v 0.222134 -0.000629 -0.029433
v -0.155201 0.018150 -0.010220
v -0.042485 0.044225 0.022930
v -0.036001 0.005474 0.053178
v -0.117109 0.031555 0.023327
v 0.202225 0.062377 0.037991
v -0.171174 0.011364 -0.029056
v 0.231962 0.029301 0.005987
v -0.065183 0.053880 -0.028324
v -0.058254 0.007433 0.069287
v 0.099282 0.078142 -0.030775
v -0.194340 0.019088 0.021584
v 0.051474 0.055492 0.054185
v 0.026676 -0.000629 0.101543
v -0.152654 0.022058 -0.005610
v -0.103093 0.043379 -0.050317
v -0.014185 -0.000629 -0.143290
v -0.226190 0.006202 0.006211
v 0.001862 0.032936 -0.000272
v 0.102878 0.018284 0.097991
v 0.028925 0.018680 0.046474
v 0.135678 0.055288 -0.032793
v -0.119395 0.000990 -0.075506
v -0.200957 -0.000629 0.043282
v 0.017391 0.056565 -0.016960
v -0.093176 0.014458 0.026084
v 0.056100 0.060768 -0.037704
v 0.160295 0.083425 -0.011323
v 0.089567 0.026971 -0.072266
v 0.140729 0.104873 0.005902
v 0.029459 0.022268 -0.009301
v 0.075463 0.130802 -0.017726
v 0.185816 0.095023 0.015100
v -0.069796 0.056267 -0.000497
v -0.056345 -0.000629 0.078022
v -0.053595 0.028412 0.018406
v 0.116131 0.031639 0.085085
v 0.065062 0.095534 0.011217
v 0.229247 0.034302 0.010568
v 0.172677 0.098184 0.009403
v 0.043045 0.100515 -0.005314
v 0.058832 0.092556 0.014835
v 0.127476 0.045913 -0.045236
v -0.090830 0.014418 -0.063989
v -0.027884 0.021577 0.022912
v 0.116987 0.046812 0.076469
v 0.052446 0.106666 -0.003037
v 0.077657 0.104299 0.014702
v 0.098376 0.092985 0.028933
v 0.000428 0.025485 0.005161
v 0.074828 0.111150 0.011699
v 0.206248 0.026344 0.075786
v 0.214788 0.011659 0.057448
v 0.207709 0.065511 0.013998
v 0.097347 0.065031 -0.045071
v 0.179939 -0.000629 -0.068317
v 0.051385 0.081341 0.026031
v 0.018936 0.067788 -0.015852
v 0.208110 0.036450 -0.050717
v -0.146045 0.045838 0.000075
v 0.096074 0.003608 -0.106916
v 0.123706 0.112811 -0.011682
v -0.064364 0.058030 -0.016312
v 0.103745 0.049611 -0.055940
v 0.052319 0.068682 -0.044609
v 0.048939 0.060916 -0.047439
v 0.112579 0.017587 0.088882
v -0.205881 0.018189 0.044225
v 0.178010 0.044322 -0.056982
v -0.026855 0.030290 -0.123531
v -0.104895 0.018040 -0.065665
v -0.085709 0.023971 0.004349
v 0.085203 0.099487 0.010132
v -0.042781 0.054513 -0.019330
v 0.167644 0.103976 0.017717
v -0.092195 0.042093 -0.057232
v 0.100825 0.036604 -0.064464
v 0.061253 0.113634 0.017737
v -0.027446 0.054958 -0.001510
v -0.174259 0.024414 0.032185
v 0.114391 0.003892 -0.090175
v -0.170590 0.018323 0.024464
v 0.045269 0.086274 -0.004021
v 0.202842 0.068799 -0.020292
v -0.017607 0.049697 -0.017959
v 0.173312 0.094029 0.015608
v 0.047211 0.055667 -0.056909
v -0.121053 0.026248 0.026798
v 0.173233 0.081631 0.050331
v 0.006274 0.003798 -0.129229
v 0.122453 0.101626 -0.029749
v 0.187351 -0.000629 -0.064541
v 0.193048 -0.000629 -0.063041
v 0.061532 0.033508 -0.068374
v 0.186092 0.004696 -0.062142
v -0.058106 0.054883 -0.003140
v -0.135806 0.049883 -0.001412
v 0.168724 0.077026 -0.015159
v 0.078857 0.100444 -0.027250
v 0.137346 0.110208 0.016590
v 0.076588 0.013792 0.113792
v 0.138422 0.049996 0.103329
v 0.083396 0.008612 0.126603
v -0.219061 0.005128 -0.026173
v 0.088397 0.066685 0.065802
v 0.234454 0.011234 0.000923
v -0.047336 0.035117 0.015391
v -0.038710 0.036606 -0.035684
v 0.038837 -0.000629 -0.124952
v 0.234796 0.023629 0.015921
v 0.177232 0.083473 0.052389
v 0.033953 0.053913 0.057861
v -0.174283 0.004127 -0.070973
v 0.062738 0.032005 0.084427
v 0.197735 0.043321 0.061670
v -0.167413 0.013394 -0.014651
v -0.045781 0.040994 0.013940
v 0.193055 0.026782 -0.059002
v 0.086082 0.008133 0.134782
v 0.116453 0.043919 0.079734
v -0.025235 0.049757 -0.067463
v 0.227255 0.020071 0.035971
v 0.009051 -0.000629 0.096148
v 0.030489 0.033105 -0.009289
v 0.082636 0.113064 -0.020671
v 0.094505 0.081498 0.061550
v 0.052509 0.074865 0.001398
v 0.012427 0.045470 -0.012240
v -0.193730 0.003826 -0.051609
v 0.129141 0.078473 -0.032407
v 0.212269 0.051143 0.028639
v -0.084050 0.034738 -0.075935
v -0.129056 0.050458 0.002481
v 0.123304 0.077731 0.066309
v 0.191598 0.065679 -0.023054
v -0.160783 0.033535 0.028722
v 0.002663 0.050704 -0.050632
v -0.129151 0.049299 -0.002106
v 0.076760 0.115554 -0.013967
v 0.129216 0.056368 0.074159
v -0.068836 0.058154 -0.013624
v -0.027551 -0.000629 -0.145222
v 0.198888 0.093169 0.004781
v -0.051335 0.027721 0.024966
v 0.205540 0.071583 -0.016142
v 0.099476 0.068127 0.072751
v -0.048288 0.015338 0.030885
v -0.137495 0.024352 0.026474
v -0.062862 0.020430 -0.119421
v 0.190972 0.058404 -0.037117
v 0.173421 0.035979 -0.053618
v 0.077680 0.046070 0.084461
v -0.049439 0.034592 -0.057950
v 0.139892 0.033302 0.097109
v 0.204730 0.067287 0.012983
v 0.072791 0.088665 0.041739
v -0.094408 0.047870 -0.032040
v -0.008738 0.022424 0.016828
v 0.117679 0.045181 0.092473
v -0.185016 0.003716 -0.042692
v 0.086405 0.005856 -0.101118
v -0.035626 0.042696 -0.117020
v 0.034515 0.045887 -0.051761
v 0.046628 0.071369 0.034567
v -0.120181 0.037418 0.008608
v -0.110332 0.020539 -0.064600
v 0.075297 0.085358 -0.028257
v 0.116938 0.064796 -0.037532
v -0.101895 0.007213 -0.064194
v -0.040478 0.041523 -0.041756
v 0.222393 0.011115 -0.039464
v 0.147391 0.067048 0.064160
v -0.057984 0.001833 0.074718
v 0.202573 0.009820 0.081414
v 0.109916 0.098619 -0.025519
v 0.155283 0.091905 -0.015774
v 0.201485 0.028784 0.080764
v 0.033993 0.076779 -0.014152
v -0.148023 0.016271 0.034954
v 0.217758 0.024592 0.044970
v -0.196674 0.010124 0.051105
v -0.169534 -0.000629 0.060946
v -0.045869 -0.000629 0.078658
v -0.006212 0.049202 -0.049500
v 0.083282 0.028113 -0.070927
v -0.152807 0.014275 0.037557
v 0.047034 0.045552 -0.056420
v -0.056371 0.024349 0.010778
v 0.143987 0.077714 0.056853
v 0.045723 0.094220 0.004214
v -0.069055 0.031042 0.004856
v 0.142698 0.067437 -0.024199
v 0.023971 0.057602 0.033842
v 0.017697 0.035154 -0.067916
v -0.117080 0.031818 -0.051126
v -0.193772 0.015544 0.022764
v 0.018393 0.006259 0.065256
v 0.033413 0.049412 0.056556
v 0.044105 0.010145 0.111749
v 0.212907 0.064058 -0.008368
v 0.035909 0.038725 0.048440
v 0.166290 0.098553 0.003492
v -0.131097 0.007113 0.035208
v -0.203140 0.004965 0.033189
v -0.021747 0.008831 0.025936
v 0.074430 0.112807 -0.029230
v -0.088129 0.053767 0.001835
v -0.017983 0.049542 -0.033261
v -0.047849 0.039633 -0.063299
v 0.216604 0.046943 -0.026135
v 0.085774 0.054850 0.068388
v -0.076964 0.013342 0.037752
v 0.080750 0.132034 -0.019958
v -0.036852 0.036370 -0.034712
v -0.099909 0.033932 -0.061769
v 0.095821 0.007492 0.123592
v 0.194926 0.091154 0.050542
v 0.207688 0.069170 -0.009665
v -0.001138 0.037281 -0.001619
v 0.156012 0.074673 0.057728
v 0.019465 0.061993 0.007439
v 0.096185 0.100969 0.002359
v -0.178255 0.014273 -0.017080
v 0.186083 0.010009 0.091459
v -0.233988 0.004016 0.009913
v 0.198309 0.094773 0.041893
v -0.051641 0.047940 0.011865
v 0.061957 0.088491 -0.018179
v 0.129017 0.103156 0.033494
v 0.234508 0.024685 0.017959
v 0.020051 0.018091 0.036009
v 0.211827 0.085942 -0.011854
v -0.193259 -0.000629 0.050961
v -0.199109 0.005360 -0.033160
v 0.078277 0.126422 -0.012085
v 0.032895 0.026003 -0.001500
v 0.229277 0.048074 0.004161
v 0.215866 0.083481 -0.009381
v 0.079866 0.020307 0.084242
v 0.074474 0.019212 -0.074852
v 0.071880 0.111293 -0.033050
v 0.204046 0.058074 -0.030338
v -0.180064 0.003033 -0.039183
v 0.188048 0.035982 0.080558
v 0.066331 0.108778 -0.014428
v 0.028580 0.039292 -0.057783
v 0.053129 0.079165 0.046931
v -0.116159 0.005902 -0.069504
v 0.068579 0.077789 -0.025045
v 0.076409 0.012419 -0.086030
v 0.099508 -0.000629 -0.114221
v 0.043299 0.039880 0.069128
v 0.094971 0.087656 0.051536
v 0.108912 0.106624 0.018860
v -0.226587 0.019300 0.016118
v 0.233959 -0.000629 0.031091
v 0.225124 0.048075 0.010728
v 0.012548 0.042894 -0.020859
v 0.009795 0.042191 -0.014764
v 0.236109 -0.000629 0.008171
v 0.161176 0.063722 -0.026128
v -0.065025 0.028059 -0.065071
v 0.217708 0.038658 -0.031202
v 0.089830 0.044546 0.088759
v 0.150640 0.094046 0.041759
v 0.028950 0.016817 0.005912
v 0.149524 0.016825 0.081100
v 0.232876 0.025160 0.011938
v -0.094337 0.011812 0.026103
v -0.087755 0.028646 -0.069864
v -0.126029 0.008845 -0.066411
v -0.027123 0.043064 -0.028462
v -0.141353 0.004599 0.040041
v -0.018323 -0.000629 -0.143704
v -0.226762 -0.000629 -0.004780
v -0.027456 0.044564 -0.101076
v 0.160965 0.065461 -0.017654
v -0.020712 0.002160 0.045678
v -0.028503 0.016811 0.024345
v 0.002851 0.036851 -0.003372
v -0.033006 0.014438 0.026063
v -0.040939 -0.000629 0.079845
v -0.120708 -0.000629 0.064171
v -0.152522 -0.000629 -0.075689
v 0.109649 0.089306 0.043492
v -0.164725 0.029213 -0.018328
v -0.040854 0.003083 0.038410
v 0.200812 0.019267 0.079884
v 0.214633 0.053012 -0.027927
v 0.158110 0.083927 0.050536
v 0.179879 0.094743 0.003884
v 0.057153 0.076892 -0.016046
v -0.211679 0.006415 0.042784
v 0.222870 0.025441 0.031477
v 0.069104 0.009304 -0.086565
v -0.168726 0.013984 -0.069947
v -0.062766 0.021122 0.039040
v 0.199369 0.066727 0.031950
v -0.121118 -0.000629 -0.083809
v -0.030781 0.048202 -0.062504
v -0.057176 0.003009 0.048489
v 0.180323 0.093971 -0.011051
v -0.000108 0.044210 -0.071798
v 0.041269 0.051401 -0.044449
v 0.192412 0.021273 0.081899
v 0.138359 0.112552 -0.011205
v -0.208365 0.019824 0.050780
v 0.044742 0.048116 0.073715
v -0.012044 0.024004 0.018769
v 0.203694 -0.000629 0.072964
v 0.106559 0.108576 0.000869
v 0.121430 0.040050 0.096083
v 0.142380 0.053935 0.085371
v 0.190325 0.043530 -0.053700
v 0.042867 0.041563 -0.052503
v -0.016635 0.006893 0.050235
v 0.114919 0.109705 -0.021870
v 0.073832 0.113602 -0.000749
v -0.145270 0.046839 -0.003174
v 0.099474 0.023449 -0.070833
v -0.041869 -0.000629 -0.137796
v -0.142641 0.014590 -0.064748
v 0.084413 -0.000629 0.136369
v 0.148995 0.059482 -0.019624
v 0.198795 0.052065 0.049113
v -0.021225 0.022642 0.025077
v 0.182792 0.022453 -0.062253
v 0.128510 0.033268 0.094792
v 0.089642 -0.000629 -0.119198
v -0.029012 0.012854 0.063719
v -0.126235 0.044065 -0.011424
v -0.036714 0.049028 -0.003926
v -0.113385 0.011048 -0.064270
v 0.157207 0.014760 -0.071470
v 0.181013 0.084649 0.059661
v 0.024831 0.049201 0.034679
v 0.027349 0.039969 0.006806
v 0.181809 0.065631 -0.025805
v -0.184747 0.013055 0.025308
v 0.059792 0.026592 -0.071206
v -0.208563 0.012311 0.041780
v -0.055842 0.051193 0.009248
v 0.165550 0.098722 0.024280
v -0.121596 0.006048 0.039543
v 0.052513 0.045613 0.085248
v 0.085418 0.006312 0.136619
v -0.054438 0.002832 0.034045
v -0.081582 0.038057 0.012817
v 0.103043 0.011604 -0.086210
v -0.047151 0.035261 0.018318
v 0.033503 0.020041 0.003477
v -0.062200 0.003358 0.038371
v 0.238045 0.005985 0.007054
v 0.101130 0.057219 -0.046071
v -0.168352 0.017021 -0.023126
v 0.010907 0.021843 -0.110165
v -0.072772 0.050073 0.007875
v -0.168264 0.016258 -0.063235
v 0.129418 0.111327 -0.011353
v 0.160407 0.033276 -0.056446
v 0.142338 0.057288 0.078280
v 0.146903 0.042868 -0.052383
v 0.040265 0.077792 -0.023304
v -0.034827 0.046948 -0.107593
v 0.056896 0.088806 0.011733
v -0.175595 0.036907 0.011605
v 0.200980 0.090780 -0.024111
v 0.028399 0.052487 -0.046763
v 0.171956 0.080406 0.067240
v -0.144056 0.040207 0.000965
v 0.044399 0.103721 -0.003700
v -0.096308 0.049095 0.005480
v 0.084812 0.050193 0.071995
v -0.002600 0.043424 -0.020065
v 0.057050 0.089064 0.039994
v 0.049565 0.028850 0.071142
v -0.158674 0.002140 0.041652
v 0.204710 0.043736 -0.042154
v 0.046239 0.087351 -0.008749
v 0.069197 0.016600 -0.079518
v -0.017795 0.044044 -0.095659
v 0.015936 0.045709 -0.008340
v 0.056450 0.079962 -0.042673
v 0.198538 0.065273 0.039544
v 0.187800 0.083238 0.055710
v 0.195192 0.063173 0.046260
v -0.202697 0.020367 0.018755
v -0.023563 0.015179 0.027973
v 0.040633 0.074601 0.052297
v 0.044431 0.029589 -0.067516
v -0.041415 0.048255 0.008624
v 0.116499 0.048878 0.084161
v -0.215539 0.018573 -0.003181
v 0.019759 0.018737 0.047316
v 0.081625 0.122841 -0.027474
v 0.160656 0.074528 0.063922
v 0.049357 0.019677 -0.085228
v 0.204524 0.007547 0.078062
v 0.237366 -0.000629 0.019528
v -0.053590 0.045281 -0.084304
v 0.087685 0.047276 -0.056099
v 0.095549 0.124058 -0.017101
v 0.039819 0.065728 0.023153
v -0.009171 -0.000629 -0.143359
v 0.212332 0.066101 0.007089
v 0.215593 0.079013 -0.007340
v 0.110819 0.051591 0.073897
v -0.173839 0.016591 -0.011052
v -0.116966 0.019637 0.022180
v 0.044163 0.012448 -0.093053
v -0.055523 0.050234 -0.041413
v 0.037296 0.055454 0.057467
v -0.176238 0.029292 0.034222
v 0.131117 0.054772 0.079156
v 0.136370 0.112719 -0.010615
v -0.020544 0.012945 0.059779
v 0.113785 0.088143 -0.031167
v -0.136389 0.009595 0.022493
v 0.058078 0.063760 0.046647
v 0.142184 0.104705 0.000404
v 0.054512 0.059972 0.043362
v 0.054352 0.012718 0.116121
v -0.095029 0.006470 0.046580
v 0.166193 0.092926 -0.006782
v -0.104909 0.008275 -0.085130
v -0.037976 0.049089 -0.065267
v -0.165069 0.006860 0.040975
v 0.150865 0.105397 -0.003927
v 0.107379 0.036300 0.084367
v -0.001285 0.007626 0.051855
v -0.041265 0.052327 -0.073529
v -0.019146 0.012170 -0.134956
v -0.144351 0.001164 0.046610
v 0.083830 0.016963 -0.082439
v 0.050637 0.021721 0.061335
v 0.144245 0.075656 -0.021310
v -0.182829 0.009815 -0.028350
v -0.022832 0.012339 0.064547
v -0.069985 0.049803 -0.035613
v 0.135219 0.000874 -0.082782
v -0.158246 0.031436 -0.020841
v 0.077962 0.117427 -0.008702
v 0.049398 0.081502 0.036760
v 0.171292 0.085146 0.045593
v 0.079654 0.116670 -0.014690
v 0.189029 0.031185 -0.065727
v -0.102359 0.018541 0.015085
v 0.155024 0.005763 -0.075276
v 0.233856 0.015767 0.003990
v -0.009035 0.027652 0.012267
v 0.038045 0.047120 0.066691
v 0.097418 0.058870 0.067290
v -0.124768 0.037171 -0.031531
v 0.213049 0.024015 -0.044647
v 0.123721 0.076226 -0.036746
v 0.217646 0.017307 -0.040802
v 0.020687 0.019018 -0.092004
v 0.044471 0.024258 0.052356
v -0.145042 0.033879 -0.018386
v -0.162090 0.024138 0.023979
v 0.106757 0.105712 0.027767
v 0.088178 0.086385 0.039791
v 0.193565 0.100721 -0.005182
v 0.232855 0.025091 -0.004543
v 0.088784 -0.000629 0.134764
v -0.027880 0.036397 -0.117235
v 0.040370 0.050686 -0.032879
v 0.100879 0.045431 0.072277
v 0.112362 0.042241 0.073988
v 0.053648 0.090296 0.025090
v 0.086291 0.046531 0.087345
v 0.047790 0.059390 -0.054337
v 0.065655 0.045286 -0.062755
v -0.073621 0.056166 -0.023911
v 0.009020 0.019739 -0.090706
v 0.136603 0.016742 0.091478
v -0.224660 0.027276 0.016175
v -0.090162 0.002161 0.050568
v -0.167652 0.035530 0.005055
v 0.077974 0.080882 0.064797
v 0.208114 0.026229 0.060699
v -0.044814 0.042968 -0.035407
v -0.184247 0.034382 0.020370
v -0.059458 0.053789 -0.034763
v 0.033081 0.058746 -0.026189
v -0.041226 0.049448 0.005647
v -0.169834 0.016774 -0.027948
v -0.164028 0.030976 0.030772
v 0.046228 0.074967 0.034931
v -0.082920 0.043742 -0.043311
v 0.133436 0.021941 0.079022
v 0.236524 0.015496 0.024982
v 0.203708 0.087771 0.005444
v -0.186063 0.016256 0.024939
v -0.223909 0.006714 -0.006628
v 0.014552 0.047347 -0.056100
v -0.134438 0.014018 -0.068928
v 0.008637 0.023916 -0.001440
v 0.039461 0.015926 -0.083887
v 0.090794 0.076177 -0.032126
v 0.079467 0.017771 0.088709
v -0.140633 0.013469 0.025674
v -0.053322 0.046727 -0.093023
v 0.103108 0.091641 0.036227
v -0.123320 0.006297 0.027581
v 0.002904 0.022662 0.008206
v 0.104934 0.059959 0.079419
v -0.208655 0.013331 0.050063
v -0.176624 0.004086 -0.040367
v 0.126229 0.077071 0.065562
v -0.008697 0.014294 0.060385
v -0.029354 0.038119 -0.040210
v 0.166787 0.018766 -0.064592
v -0.158777 0.007194 0.038326
v 0.047454 0.090345 0.005519
v 0.025781 0.008979 -0.107975
v 0.086295 0.017351 0.112181
v 0.036197 0.065472 0.011755
v 0.000788 0.003146 0.067857
v 0.088287 0.076736 -0.040562
v -0.005677 0.039525 0.001641
v -0.180891 0.010603 0.047512
v 0.213445 0.046492 -0.033441
v -0.146664 0.025468 -0.005928
v 0.144554 0.056873 0.097742
v 0.058421 0.101117 0.020336
v 0.057575 0.096394 0.017743
v 0.198799 0.057700 0.054572
v -0.141903 0.045658 0.000532
v -0.072740 0.005715 -0.095148
v -0.047959 0.021144 -0.131781
v -0.221076 0.007727 0.026136
v -0.105216 -0.000629 0.063293
v 0.096520 0.001182 0.126232
v -0.055765 0.017162 0.039554
v -0.072456 0.031334 -0.101508
v -0.070185 0.031442 -0.063450
v 0.051454 0.085813 0.006370
v 0.212637 0.089879 0.018349
v 0.074840 0.108326 0.007866
v -0.208619 0.020490 -0.018188
v 0.135575 0.082818 0.056716
v -0.112227 0.002796 -0.073832
v 0.062027 0.074933 0.066594
v -0.006208 0.011413 0.069381
v 0.109699 0.116621 -0.020359
v -0.060047 0.039976 -0.052315
v 0.053034 0.088297 -0.036245
v 0.011654 0.016906 -0.101737
v -0.195472 0.028557 0.014909
v -0.158884 0.016924 -0.049658
v 0.195036 0.066720 0.048919
v 0.117052 0.004703 0.120516
v 0.181136 0.100514 -0.002299
v 0.154414 0.065900 0.075080
v 0.079343 0.092137 -0.024079
v -0.209825 0.012304 0.047983
v 0.040340 0.053193 0.062859
v 0.085472 0.093464 -0.041181
v 0.058248 0.107452 0.019889
v 0.043093 0.049828 -0.048334
v -0.005970 0.005067 0.036432
v -0.192262 -0.000629 -0.056986
v -0.023929 0.056235 -0.089169
v 0.142365 0.100502 0.029632
v -0.113712 0.012370 0.022641
v -0.107958 0.007157 -0.073807
v -0.064440 0.037012 -0.052158
v 0.131227 0.110727 0.008251
v -0.134498 0.002378 0.060172
v 0.182449 0.044809 -0.057056
v -0.207707 0.020855 0.003901
v -0.044106 0.012503 0.029939
v -0.117891 -0.000629 -0.086009
v -0.056020 0.010423 0.064910
v 0.020613 0.037826 -0.010687
v -0.058162 0.054302 -0.032154
v -0.134690 -0.000629 0.064572
v -0.001432 0.045069 -0.077117
v -0.104814 0.006057 0.052333
v 0.069628 -0.000629 -0.122669
v 0.001449 0.013919 -0.128015
v -0.109868 0.001385 0.057211
v -0.187332 0.004977 0.046297
v 0.161696 0.025590 -0.063597
v -0.008021 0.047808 -0.082904
v 0.213182 0.062354 0.026010
v -0.008286 0.039587 0.009070
v -0.170919 0.027135 -0.002927
v -0.194180 0.012249 0.048774
v 0.055522 0.092309 0.023301
v -0.140790 0.034553 0.023738
v -0.142370 0.036859 0.011042
v 0.214929 0.020006 0.047681
v 0.220138 0.040406 -0.025037
v 0.102546 0.112540 -0.003002
v -0.209600 0.018165 0.019999
v -0.122264 0.007000 0.033337
v 0.183287 0.015793 0.091518
v 0.169134 0.059976 -0.026049
v 0.077043 0.093851 -0.044055
v -0.226681 0.026077 0.015677
v -0.067276 0.027038 0.017559
v -0.047900 0.053338 -0.084079
v -0.074789 0.016737 0.026699
v 0.111038 0.018768 0.083616
v 0.142508 0.096511 0.034787
v -0.216918 0.007356 0.029139
v 0.168530 0.084319 -0.009891
v -0.186501 0.024676 0.029920
v 0.077034 0.100681 -0.020579
v -0.044118 0.046765 -0.028083
v 0.064169 0.096571 0.004912
v 0.074704 0.010786 -0.107449
v 0.059105 0.055082 0.060641
v -0.038776 0.034724 0.036850
v 0.093036 0.100043 -0.035635
v -0.033614 0.045893 -0.055630
v -0.211064 0.002772 0.041270
v 0.083302 0.083552 0.054463
v 0.219949 0.064751 -0.001782
v -0.161677 0.015328 -0.059923
v -0.110906 0.039037 0.018039
v 0.218707 0.064715 0.008811
v -0.008963 0.042629 -0.089337
v 0.213218 0.023913 0.055652
v -0.036429 0.050584 -0.071988
v -0.174694 0.000291 0.058702
v 0.058448 0.015684 0.085651
v -0.138792 0.026748 0.024231
v 0.044009 0.013152 0.098798
v 0.125511 0.110006 -0.019922
v -0.131808 0.005197 0.041664
v 0.049434 0.008192 0.117424
v 0.027329 0.035487 -0.010941
v -0.024621 0.040151 -0.052141
v 0.066568 0.111702 -0.009358
v 0.120218 0.091100 -0.026107
v -0.088043 0.054618 -0.014284
v 0.079073 0.042570 -0.062069
v 0.221694 -0.000629 -0.040166
v 0.053226 0.075766 -0.044945
v 0.200006 0.003140 0.083566
v 0.039227 0.003049 -0.118742
v -0.038039 0.046356 -0.110408
v 0.016458 0.016278 0.060543
v 0.199879 0.083428 0.038235
v 0.059235 0.110337 -0.007372
v -0.098415 -0.000629 -0.102131
v 0.013301 0.017054 0.018624
v 0.025911 0.019724 -0.007742
v 0.198935 0.076395 0.050125
v -0.173510 0.034740 0.027829
v 0.099836 0.098646 0.024224
v -0.221530 -0.000629 0.026581
v -0.105642 -0.000629 -0.097066
v 0.075375 0.053522 -0.052955
v 0.048267 0.077411 -0.010279
v 0.197667 -0.000629 0.082729
v -0.045167 0.040798 0.026113
v -0.103777 -0.000629 -0.099010
v -0.150343 0.008407 0.038963
v -0.163742 0.023190 -0.037764
v -0.087160 0.010781 -0.079446
v -0.162864 0.014997 0.037099
v 0.006799 -0.000629 0.095115
v 0.095212 0.071766 0.069315
v 0.108109 0.119074 -0.007974
v 0.074040 0.069206 -0.050454
v -0.046857 0.008556 0.070780
v 0.049681 0.080121 -0.004772
v 0.025836 -0.000629 -0.129718
v -0.056847 0.035626 -0.114270
v 0.093027 0.104649 0.000993
v 0.171100 0.060423 0.079663
v 0.074033 0.090527 -0.033007
v -0.185899 0.011730 0.046748
v 0.152314 0.047397 -0.044222
v -0.172586 0.011259 -0.041222
v 0.192222 0.048361 -0.043097
v 0.011622 0.010746 0.031832
v -0.006933 0.008697 0.075842
v -0.029104 0.002398 0.044212
v -0.090505 0.001652 -0.102520
v 0.025803 0.055870 0.043512
v -0.131350 -0.000629 -0.079060
v 0.088255 0.106242 -0.037664
v 0.044564 0.090278 -0.007649
v 0.213576 0.088445 0.006291
v 0.093668 0.071308 -0.034863
v 0.206481 0.079635 0.010437
v 0.047064 0.052973 -0.034140
v -0.000938 0.036816 -0.091433
v 0.174094 0.081025 -0.014546
v 0.114526 0.081867 -0.034453
v 0.168068 0.098324 0.008936
v -0.223497 0.013846 0.016072
v -0.060086 0.052941 -0.025231
v 0.087769 0.001816 -0.117935
v -0.059682 0.036698 -0.106636
v -0.167071 0.011840 0.043651
v 0.173265 0.098291 0.004467
v 0.055758 0.007981 -0.096959
v 0.031794 0.030956 0.016887
v 0.174543 0.068697 -0.022231
v -0.136539 0.011841 0.022629
v 0.196506 0.090378 -0.025096
v 0.023580 0.026233 -0.075927
v -0.048989 0.031162 -0.126175
v -0.028445 0.051437 -0.016539
v 0.125501 0.020629 -0.066448
v 0.065363 0.099478 -0.036117
v -0.067941 0.001839 -0.106956
v 0.081801 0.124540 -0.024537
v -0.059436 0.009502 0.034544
v 0.029347 0.007005 0.092590
v 0.014532 0.044609 -0.023617
v 0.139444 0.017437 0.078336
v -0.044397 0.000510 0.044469
v 0.220069 0.009586 -0.030493
v 0.005673 0.039976 -0.018347
v -0.070379 0.035025 -0.082068
v -0.066552 -0.000629 0.075073
v 0.163019 0.057307 0.087683
v 0.219761 0.018044 0.042463
v -0.016353 0.050053 -0.042957
v 0.065198 0.076847 -0.021923
v 0.082863 0.131398 -0.017454
v 0.214595 -0.000629 -0.044447
v 0.094740 -0.000629 0.129401
v 0.126014 0.017367 -0.077480
v 0.154055 -0.000629 0.105013
v -0.011108 0.046367 -0.003186
v -0.085611 0.053283 -0.004075
v -0.157564 0.028292 -0.030300
v 0.172768 0.029263 0.089015
v -0.162753 0.023429 -0.026922
v -0.114915 0.050929 0.001385
v 0.146697 0.106242 -0.018756
v 0.125683 0.108100 0.022275
v -0.012133 0.008845 0.076856
v 0.018513 -0.000629 -0.133145
v 0.232204 0.017716 0.009312
v 0.048839 0.106021 -0.002488
v 0.148828 -0.000629 0.109521
v 0.129956 0.061068 -0.031480
v -0.088182 0.050652 -0.029771
v -0.142272 0.025701 -0.035964
v -0.206018 0.017495 -0.024644
v 0.032994 0.027316 0.019763
v 0.156903 0.105002 0.000073
v 0.180466 0.061504 0.071879
v 0.002690 0.032247 -0.103867
v 0.103174 0.123517 -0.016423
v 0.124194 0.038634 0.097298
v 0.161850 0.019421 0.087293
v -0.048960 0.011962 0.030508
v 0.222682 -0.000629 -0.038541
v 0.186835 0.095737 0.046114
v -0.064415 0.026738 0.022649
v 0.213382 0.039019 0.045119
v -0.217091 -0.000629 -0.028057
v -0.129203 0.034817 0.021213
v -0.019510 0.042742 -0.101705
v 0.189615 0.075131 -0.019762
v -0.091717 0.008844 -0.064824
v -0.111164 0.034755 -0.053335
v 0.120151 -0.000629 -0.103174
v -0.001378 0.042299 -0.017674
v 0.037147 0.012067 0.099033
v 0.177383 0.056818 0.074460
v -0.039484 -0.000629 -0.138180
v -0.002395 0.043520 -0.046787
v -0.181143 0.007596 -0.055103
v 0.086317 0.095785 0.015391
v -0.057004 0.021776 0.038723
v -0.052260 0.047382 -0.100643
v 0.050418 0.094462 0.006467
v 0.098751 0.100031 0.017826
v 0.099716 0.054001 -0.050856
v 0.175489 0.080655 0.055076
v 0.104224 0.032411 -0.065924
v 0.010364 0.026238 -0.004453
v 0.153006 0.056890 0.090189
v -0.141300 0.037412 -0.014724
v -0.060334 0.041828 0.014898
v 0.014365 0.045048 -0.026006
v 0.200161 0.101481 -0.007704
v -0.183711 0.006005 -0.054773
v -0.055018 0.050893 -0.039011
v 0.168870 0.054259 -0.029963
v 0.035431 0.013773 0.089258
v 0.201689 0.099321 -0.003831
v 0.088133 0.019082 0.091782
v 0.167590 -0.000629 -0.075510
v 0.206083 0.036044 0.068999
v 0.132010 0.050932 0.094808
v 0.066592 0.011832 0.118247
v 0.050193 -0.000629 0.113926
v 0.077205 0.089414 -0.030291
v 0.207249 0.037466 0.061988
v 0.155832 -0.000629 -0.080364
v 0.050986 0.016792 -0.088726
v 0.124021 0.022175 -0.074591
v 0.191579 0.045438 0.072207
v 0.144303 0.007783 -0.071672
v -0.183010 0.034871 0.014177
v 0.079120 0.113176 -0.018176
v 0.126697 0.060187 0.071755
v -0.043660 0.025428 0.030365
v -0.000461 0.037891 -0.011058
v 0.063910 0.062972 0.063487
v 0.094496 0.043610 -0.054508
v 0.033659 0.025204 0.028789
v 0.096103 0.114895 -0.030512
v -0.102032 0.009746 -0.063029
v 0.019662 0.006994 0.073430
v 0.183276 0.094053 0.002843
v -0.133800 0.032589 -0.027584
v -0.054951 0.051531 0.002259
v -0.160646 -0.000629 0.063248
v 0.181207 0.082062 0.061765
v 0.209283 0.014237 0.065530
v 0.024729 0.013154 0.076672
v 0.192105 0.093632 0.018615
v 0.014185 0.016481 -0.001340
v -0.060507 0.027258 -0.070253
v -0.145121 0.002092 0.058844
v 0.037092 0.028559 -0.064682
v -0.095262 0.007192 -0.081802
v 0.192545 0.059441 0.067060
v 0.039675 0.007394 -0.110112
v -0.024655 0.053217 0.014195
v 0.117759 0.048112 0.078633
v 0.050493 0.005143 -0.106661
v 0.010038 0.029683 -0.093202
v 0.110183 0.059099 -0.039689
v 0.086771 0.058529 -0.049633
v -0.108748 0.002474 0.026057
v 0.230151 0.032377 0.010024
v 0.230844 0.041646 -0.005142
v -0.197333 0.008748 -0.031225
v 0.127778 0.034734 -0.057238
v 0.011017 0.011394 0.038470
v -0.079940 0.004331 0.050873
v 0.017140 0.049793 -0.006250
v 0.035869 0.027972 0.029724
v 0.128696 0.076287 0.062810
v 0.063113 0.096935 0.028980
v -0.204778 0.005297 -0.029358
v 0.122282 0.097299 0.045406
v -0.048805 0.031456 0.010570
v 0.124062 0.018351 0.100050
v -0.131113 0.000722 -0.074939
v 0.131219 0.012965 0.105830
v 0.181016 0.088081 -0.017260
v 0.131698 0.063127 0.068451
v -0.025111 -0.000629 0.084241
v 0.193136 0.069318 0.052566
v 0.079360 0.116612 -0.032504
v 0.205557 0.093281 -0.012554
v -0.008447 0.050635 -0.051985
v 0.151296 0.019232 0.080403
v 0.155314 0.030781 0.101990
v -0.177234 0.013317 0.041307
v -0.162830 0.021748 -0.032202
v 0.095957 0.023337 -0.076396
v -0.112071 0.024012 -0.056991
v -0.076802 0.038753 0.012742
v -0.115585 0.041259 0.002718
v 0.075677 0.115334 -0.011785
v 0.039073 0.038642 -0.056031
v -0.099990 0.002144 0.032851
v 0.083523 0.130197 -0.025586
v 0.047499 0.078898 0.039930
v 0.165798 0.025043 0.090436
v 0.053679 0.070879 -0.028175
v -0.035982 0.047344 0.019523
v -0.024798 0.034914 0.029910
v 0.160821 0.082044 0.064176
v 0.201980 0.084146 0.031868
v -0.163504 0.013287 -0.041548
v 0.052721 0.012045 0.093207
v -0.066433 0.018493 -0.115223
v -0.091412 0.003438 0.029122
v -0.046537 0.001595 0.048609
v 0.032275 0.030147 -0.007236
v 0.173863 0.075666 0.082051
v 0.084640 0.017140 0.085281
v -0.211959 0.013367 -0.021696
v 0.027036 0.037792 0.013414
v 0.215079 0.083991 0.009512
v 0.216361 0.062790 0.014324
v 0.074500 0.108275 0.009483
v 0.097711 -0.000629 -0.115656
v 0.095626 0.070726 0.069746
v -0.067550 0.005298 -0.102905
v -0.072154 0.024080 0.006693
v -0.162824 0.019257 -0.018841
v 0.208624 0.067020 -0.009620
v 0.140811 0.042039 -0.050130
v 0.200598 0.062312 -0.026367
v 0.030941 0.007800 -0.119184
v -0.165567 -0.000629 0.062038
v 0.201134 0.048742 0.047151
v 0.181323 0.048331 -0.049610
v 0.103814 0.104364 0.029559
v -0.120343 0.034958 -0.045178
v 0.087364 0.091329 0.030911
v -0.144617 0.009719 -0.065047
v -0.047598 0.017628 0.031068
v 0.159308 0.074037 -0.014787
v 0.015379 0.013838 -0.110229
v -0.189671 0.032880 0.015371
v 0.107911 0.037140 0.079851
v 0.169441 0.028623 -0.058507
v 0.033720 0.049670 -0.048779
v -0.053255 0.001461 0.035605
v -0.100053 -0.000629 0.063688
v 0.167670 0.087800 0.038992
v 0.066676 0.042804 0.086111
v -0.145875 0.026124 -0.033213
v 0.113112 0.050070 0.073005
v 0.053221 0.068103 0.056831
v -0.071321 0.004202 0.050415
v 0.202353 0.050867 0.036707
v 0.051246 0.067605 0.034819
v -0.032163 0.010941 -0.132787
v 0.014937 0.031353 -0.007010
v -0.024025 0.044333 -0.030663
v 0.012723 0.008691 0.054570
v -0.016620 0.021244 0.019385
v 0.060704 0.005639 -0.106835
v 0.025748 0.024498 0.025572
v 0.144878 0.092930 0.047478
v 0.072433 0.016657 0.099215
v -0.165736 0.027555 -0.021506
v -0.168456 -0.000629 -0.072295
v -0.179225 0.006041 0.046945
v -0.147408 0.014140 -0.062782
v 0.195642 0.047788 0.066023
v 0.033743 0.067289 0.000253
v 0.151417 0.111441 0.024370
v 0.077857 0.084372 0.055954
v -0.141509 0.021731 0.030933
v -0.100952 0.044911 -0.026865
v 0.020781 0.053787 -0.041258
v -0.145902 0.026750 0.024392
v 0.019063 0.018177 0.010794
v -0.056894 0.036744 -0.109074
v -0.044468 0.032594 -0.125686
v 0.048826 0.020994 -0.082659
v 0.023609 0.020150 0.012314
v -0.194236 0.005155 -0.035302
v 0.114447 -0.000629 -0.105546
v -0.159347 0.043644 0.000372
v 0.057492 0.082980 -0.041335
v 0.049770 0.045839 -0.063188
v 0.164656 0.094166 0.030940
v -0.103174 0.052778 -0.020495
v 0.009261 0.006483 0.046590
v 0.204932 0.062133 0.031235
v -0.064407 0.034552 0.009243
v 0.008413 0.042218 -0.061828
v -0.076202 0.034041 -0.058571
v 0.041708 0.023804 0.041151
v 0.195090 0.094293 0.023676
v 0.125968 0.111842 -0.012696
v 0.199165 0.034367 0.077086
v 0.004631 -0.000629 -0.138939
v 0.204834 0.073881 0.004368
v 0.130143 0.048170 0.097968
v 0.174986 -0.000629 -0.071368
v 0.156820 0.070814 0.062076
v -0.176857 -0.000629 -0.069585
v -0.055766 0.045805 -0.054360
v 0.119112 0.083803 -0.034227
v -0.177136 0.030234 0.004954
v -0.030434 0.018695 -0.128693
v 0.205217 0.007372 -0.055315
v -0.076444 0.055766 -0.004084
v 0.107994 0.037920 -0.066613
v -0.029438 -0.000629 -0.144387
v 0.148092 0.053520 -0.026916
v -0.150215 -0.000629 0.063055
v 0.027598 0.018844 -0.003600
v 0.014571 0.015348 -0.092115
v -0.117547 0.049764 -0.008999
v 0.045149 0.077116 0.043506
v -0.093491 -0.000629 0.066036
v -0.096059 0.001295 0.060626
v 0.037484 0.062375 0.029399
v -0.021064 0.047762 -0.039931
v 0.090564 0.126480 -0.017668
v -0.009500 0.002469 0.041408
v 0.120032 0.106728 -0.023477
v 0.014722 -0.000629 0.097579
v -0.154333 0.021884 -0.015870
v 0.188630 0.076933 0.053764
v -0.056799 0.024577 0.014216
v 0.085658 0.129069 -0.025090
v -0.024836 0.045380 0.020642
v 0.040375 0.032923 -0.065038
v 0.046037 0.022769 -0.071342
v 0.074923 0.012900 0.119438
v 0.040168 0.021682 -0.068539
v 0.210564 0.043281 0.035196
v 0.017006 0.007725 -0.120594
v 0.064459 0.003781 0.126556
v 0.067235 0.074759 -0.029099
v -0.139200 0.006848 0.031868
v 0.005815 0.046810 -0.045080
v 0.094584 0.074219 0.068126
v 0.083540 0.131939 -0.019996
v 0.095322 0.049056 0.066219
v 0.131456 -0.000629 -0.094831
v 0.132334 0.056392 -0.032271
v -0.164024 0.045517 0.002635
v -0.001733 0.004050 0.065642
v 0.054515 0.104059 -0.010697
v 0.150382 0.026332 0.092356
v 0.153905 0.104755 -0.002619
v 0.052940 0.052296 -0.058135
v 0.214850 0.016427 0.058600
v 0.096224 0.068573 0.070195
v 0.171371 0.055123 0.084410
v 0.015200 0.017245 0.009159
v -0.195681 0.012576 0.051887
v -0.087261 0.023158 -0.073921
v -0.092242 0.044738 -0.050387
v 0.050306 0.001585 0.111989
v 0.074433 0.087307 0.049693
v 0.182955 0.043375 0.076633
v 0.216800 0.051605 -0.017201
v -0.003070 -0.000629 -0.142658
v 0.055100 0.018742 0.071258
v 0.047003 0.053870 -0.049959
v -0.020927 0.041682 -0.051223
v 0.096070 0.045252 0.084963
v -0.053354 0.033667 -0.054836
v 0.144606 0.108569 -0.009956
v 0.004494 0.025950 -0.001272
v -0.083000 0.004714 0.063626
v 0.181575 0.078270 0.069145
v 0.077933 0.016100 0.094661
v -0.212217 0.008129 0.037493
v 0.136389 0.086831 -0.026755
v 0.087196 0.005113 -0.108953
v 0.002351 0.023870 -0.108240
v 0.102051 0.090934 0.042799
v 0.065725 0.092412 0.040810
v 0.075715 0.085683 -0.045549
v 0.195859 -0.000629 -0.061903
v -0.012865 0.013871 0.057033
v 0.018134 0.004263 0.088528
v -0.234122 -0.000629 0.008359
v -0.090116 0.053970 -0.023680
v 0.177885 0.098823 0.000077
v -0.051219 0.026770 0.030544
v 0.091729 0.022132 -0.077921
v 0.076411 0.072590 0.069531
v 0.210286 0.075552 -0.011324
v 0.146359 -0.000629 -0.082178
v -0.089203 0.006625 0.023832
v -0.081471 0.003039 -0.092571
v 0.039958 0.021065 0.040491
v -0.197390 0.023944 -0.004853
v 0.116466 -0.000629 0.123901
v 0.218465 0.034163 0.039837
v -0.003383 0.022205 -0.123291
v 0.042353 0.072963 0.053988
v 0.005196 0.033967 -0.085795
v -0.053689 0.033824 -0.074373
v 0.069409 0.082151 0.061932
v -0.062958 0.031450 -0.056019
v 0.052008 0.078420 -0.041183
v 0.099658 0.020178 0.111240
v 0.049015 0.055998 -0.042662
v -0.171729 0.002325 0.046507
v -0.050215 0.055742 -0.016911
v -0.130776 0.029451 -0.040666
v 0.134153 0.062202 0.069107
v 0.015452 0.028122 -0.084751
v -0.063129 0.022402 0.035382
v -0.080884 0.010383 0.026071
v 0.209572 0.024018 -0.048998
v -0.177175 0.011459 0.032383
v 0.011469 0.050693 -0.046607
v -0.058662 0.008684 0.062450
v 0.149471 0.109058 0.012832
v 0.165188 0.063682 0.078900
v 0.155593 0.106206 0.027944
v -0.051593 0.033849 -0.065194
v 0.036133 -0.000629 -0.125665
v -0.087398 0.006301 0.035794
v 0.096834 0.026506 -0.068248
v 0.133642 0.065036 0.062701
v 0.082432 -0.000629 0.135734
vn -0.6624 -0.1828 0.7265
vn -0.4741 -0.2214 0.8522
vn -0.3158 -0.2200 0.9230
vn 0.3494 0.8024 0.4839
vn -0.3145 0.7745 0.5488
vn 0.2314 0.8189 0.5252
vn 0.2580 0.9461 0.1959
vn -0.3237 0.9199 0.2212
vn 0.0194 0.9768 0.2131
vn 0.3219 0.2436 -0.9149
vn 0.5743 -0.0998 -0.8125
vn 0.3232 0.2139 -0.9218
vn -0.4301 0.8582 -0.2802
vn -0.4888 0.7921 -0.3656
vn -0.2701 0.8631 -0.4268
vn -0.1541 0.6920 0.7053
vn -0.0770 0.7388 0.6695
vn -0.1862 0.6910 0.6985
vn 0.1624 0.9788 0.1248
vn 0.1962 0.9792 -0.0519
vn 0.5293 0.7246 -0.4414
vn 0.2970 0.8492 -0.4366
vn 0.2915 0.9331 -0.2106
vn 0.3553 0.8238 0.4417
vn 0.3316 0.7481 0.5747
vn 0.4264 0.7252 0.5406
vn -0.5866 -0.8050 -0.0887
vn -0.7544 -0.6029 0.2597
vn -0.5837 -0.8120 0.0059
vn -0.0313 0.7032 0.7103
vn -0.0394 0.8141 0.5794
vn 0.0374 0.6855 0.7271
vn -0.0903 0.9795 0.1798
vn -0.2038 0.9556 0.2129
vn -0.1294 0.9447 0.3012
vn 0.5824 0.7935 -0.1766
vn 0.4831 0.8685 -0.1112
vn 0.5092 0.8238 -0.2491
vn -0.9962 -0.0866 -0.0005
vn -0.9488 -0.2466 -0.1974
vn -0.9894 -0.1451 -0.0061
vn 0.0824 0.2382 -0.9677
vn 0.3643 0.2709 -0.8910
vn 0.1619 0.2181 -0.9624
vn -0.2536 0.5291 -0.8098
vn -0.2967 0.5196 -0.8012
vn 0.0501 0.5100 -0.8587
vn 0.2477 0.8265 0.5054
vn 0.2935 0.6328 0.7166
vn 0.2046 0.9386 0.2777
vn -0.8385 -0.5214 -0.1584
vn -0.9696 -0.2355 0.0659
vn -0.7100 -0.6977 -0.0955
vn -0.8118 0.1784 0.5559
vn -0.7439 0.4121 0.5261
vn -0.7052 0.1409 0.6949
vn 0.3119 0.6831 0.6604
vn -0.1363 0.8398 0.5255
vn 0.2582 0.6563 0.7090
vn -0.0151 0.8199 0.5723
vn -0.8375 -0.4206 0.3488
vn -0.8688 -0.3997 0.2922
vn -0.8475 -0.4421 0.2938
vn -0.1265 0.7823 -0.6100
vn -0.1556 0.6813 -0.7153
vn 0.0035 0.7235 -0.6903
vn 0.1369 0.9880 0.0717
vn 0.3376 0.9408 0.0300
vn 0.0713 0.9326 0.3538
vn -0.1798 0.0713 -0.9811
vn -0.1165 0.1103 -0.9871
vn -0.1614 0.0165 -0.9867
vn 0.2707 0.2739 0.9229
vn 0.4263 0.2546 0.8680
vn 0.4780 0.0322 0.8777
vn -0.2255 0.9395 0.2578
vn -0.4170 0.8345 0.3602
vn -0.0037 0.9924 0.1233
vn 0.4130 0.8868 0.2073
vn 0.3471 0.9258 -0.1495
vn 0.5205 0.8019 -0.2933
vn -0.0891 -0.2340 0.9681
vn -0.0619 -0.2268 0.9720
vn -0.0279 -0.1850 0.9823
vn -0.7679 -0.5254 0.3666
vn -0.7678 -0.1708 0.6175
vn -0.7584 -0.3934 0.5197
vn 0.9272 -0.1643 0.3366
vn 0.9400 -0.2639 0.2163
vn 0.8294 -0.3269 0.4529
vn 0.4355 0.4515 0.7788
vn 0.1969 0.1240 0.9726
vn 0.3424 0.4509 0.8243
vn -0.7770 0.5469 0.3117
vn -0.7444 0.3691 0.5564
vn -0.7403 0.2479 0.6248
vn 0.9692 0.2025 0.1401
vn 0.8752 0.4487 0.1811
vn 0.9902 0.1038 0.0939
vn 0.8817 -0.1547 -0.4457
vn 0.9773 -0.0377 -0.2086
vn 0.9335 -0.0454 -0.3556
vn 0.0944 0.8924 0.4412
vn 0.2897 0.8678 0.4037
vn 0.0734 0.8796 0.4701
vn 0.0195 0.9400 0.3406
vn 0.1570 0.9342 0.3205
vn 0.0169 0.9311 0.3645
vn 0.0232 -0.3212 0.9467
vn -0.2620 -0.4402 0.8588
vn -0.1299 -0.2804 0.9510
vn -0.2092 0.9001 -0.3822
vn -0.1665 0.8212 -0.5458
vn 0.0782 0.7998 -0.5952
vn 0.6331 -0.7108 0.3065
vn 0.5709 -0.7741 0.2736
vn 0.6457 -0.7005 0.3040
vn 0.9151 0.2196 0.3382
vn 0.8371 0.1164 0.5346
vn 0.7932 0.5174 0.3210
vn -0.3458 0.6093 -0.7136
vn 0.0179 0.5035 -0.8638
vn -0.0386 0.4087 -0.9119
vn 0.1156 -0.2418 0.9634
vn -0.1979 -0.2876 0.9371
vn -0.2693 -0.6209 0.7362
vn -0.4591 0.8825 0.1020
vn -0.2535 0.9559 0.1480
vn -0.2322 0.9508 0.2050
vn -0.1264 0.8347 -0.5359
vn -0.0230 0.9465 -0.3218
vn -0.1312 0.8144 -0.5653
vn -0.1938 0.9808 -0.0224
vn 0.0045 0.9938 0.1109
vn 0.0846 0.9852 0.1491
vn -0.3155 0.7667 -0.5591
vn -0.1141 0.8312 -0.5442
vn -0.0519 0.9314 -0.3602
vn -0.8949 -0.1026 -0.4343
vn -0.8241 0.2101 -0.5261
vn -0.8871 0.1041 -0.4496
vn 0.5410 0.1934 0.8185
vn 0.6463 0.1006 0.7565
vn 0.6692 0.1153 0.7341
vn -0.2752 0.9569 0.0925
vn -0.1195 0.9502 0.2879
vn -0.0597 0.9412 0.3325
vn 0.1353 0.9888 -0.0632
vn 0.0775 0.9817 0.1741
vn 0.1918 0.8949 0.4029
vn -0.5674 0.8114 0.1400
vn -0.2297 0.9678 -0.1034
vn -0.5658 0.7882 -0.2423
vn 0.7182 -0.6093 0.3362
vn 0.0449 0.9705 0.2368
vn -0.0713 0.9773 0.1997
vn 0.0263 0.9877 0.1543
vn -0.1323 0.3513 0.9269
vn -0.2261 0.0253 0.9738
vn -0.0881 0.1868 0.9784
vn -0.5480 0.8362 0.0197
vn -0.6207 0.7488 -0.2326
vn -0.3271 0.9286 0.1753
vn -0.8817 0.4538 -0.1289
vn -0.9370 0.3410 -0.0761
vn -0.8316 0.4779 -0.2829
vn -0.5582 -0.2995 0.7737
vn -0.5563 -0.0171 0.8308
vn -0.6080 -0.3530 0.7111
vn -0.0775 0.9931 0.0882
vn -0.1060 0.9930 0.0522
vn -0.1206 0.9925 0.0191
vn 0.8145 0.4091 0.4114
vn 0.6782 0.5921 0.4353
vn 0.7227 0.4668 0.5097
vn 0.1851 0.8778 -0.4417
vn 0.4080 0.7402 -0.5345
vn 0.1282 0.8367 -0.5325
vn 0.2797 0.9041 -0.3232
vn 0.1326 0.9653 -0.2251
vn 0.4432 0.6551 -0.6119
vn 0.2304 0.9684 -0.0956
vn 0.0917 0.9939 -0.0610
vn 0.1375 0.9845 -0.1091
vn -0.2369 0.8134 -0.5313
vn -0.6680 0.6140 -0.4204
vn -0.5231 0.7564 -0.3928
vn -0.4629 0.1865 -0.8665
vn -0.3597 0.2116 -0.9088
vn -0.3950 0.3645 -0.8432
vn 0.5307 -0.1143 -0.8398
vn 0.7078 -0.3893 -0.5894
vn 0.6347 -0.3994 -0.6616
vn 0.0312 -0.3982 0.9168
vn -0.0386 0.1095 0.9932
vn 0.0196 -0.4116 0.9112
vn -0.7373 -0.1594 0.6565
vn -0.9050 -0.3723 0.2059
vn -0.8128 -0.4437 0.3774
vn 0.7993 0.1143 0.5899
vn 0.5202 0.0302 0.8535
vn 0.5267 -0.2428 0.8146
vn -0.3160 0.5200 -0.7936
vn -0.2962 0.1346 -0.9456
vn -0.8952 0.4454 -0.0169
vn -0.4664 0.8126 -0.3494
vn -0.5038 0.7562 -0.4176
vn -0.3523 0.7657 0.5382
vn -0.0685 0.6963 0.7145
vn -0.0419 0.5439 0.8381
vn 0.1913 0.4809 -0.8557
vn 0.0762 0.0805 -0.9938
vn 0.1969 0.7075 -0.6787
vn 0.3013 0.1662 -0.9389
vn 0.3647 0.1281 -0.9223
vn -0.2702 0.3779 -0.8855
vn -0.5616 0.6740 -0.4799
vn -0.3290 0.3920 -0.8591
vn 0.5517 0.1721 -0.8161
vn 0.7256 0.0769 -0.6838
vn 0.5409 0.3390 -0.7698
vn -0.1118 0.3166 -0.9420
vn 0.0596 0.8001 -0.5969
vn -0.2614 0.7299 -0.6316
vn 0.1355 0.0127 -0.9907
vn 0.1405 -0.2076 -0.9681
vn 0.0508 0.3673 -0.9287
vn 0.2248 0.9515 -0.2101
vn -0.0991 0.9062 -0.4111
vn -0.1227 0.9233 -0.3639
vn -0.0959 0.9653 0.2428
vn -0.3315 0.9191 -0.2128
vn -0.1947 0.9601 0.2008
vn -0.4523 0.8880 -0.0830
vn -0.2585 0.9656 -0.0266
vn -0.4386 0.8432 0.3110
vn 0.2470 0.9294 0.2742
vn 0.5939 0.7166 0.3656
vn 0.6245 0.7585 0.1864
vn 0.7321 -0.5444 -0.4095
vn 0.1808 0.8184 -0.5455
vn 0.4246 0.6735 -0.6050
vn -0.0151 0.8605 -0.5093
vn 0.2996 0.5104 0.8060
vn 0.2298 0.5271 0.8181
vn 0.0599 0.9583 0.2795
vn 0.3512 0.6342 0.6888
vn 0.3761 0.6818 0.6275
vn -0.2364 0.5703 -0.7867
vn -0.3978 0.8093 -0.4322
vn -0.2708 0.9156 -0.2973
vn 0.2015 0.3073 -0.9300
vn 0.2498 0.3245 -0.9123
vn 0.1984 0.1643 -0.9662
vn 0.5347 0.2644 -0.8026
vn 0.4486 0.6395 -0.6243
vn 0.3751 0.2981 -0.8778
vn 0.4255 0.8866 -0.1810
vn 0.4127 0.8749 -0.2536
vn 0.4166 0.8573 -0.3026
vn 0.8156 0.2158 0.5369
vn 0.2788 0.8228 0.4953
vn 0.4671 0.8200 0.3307
vn 0.1879 0.9782 0.0883
vn 0.1004 0.9947 0.0215
vn -0.3114 0.9038 -0.2935
vn -0.1816 0.9704 -0.1591
vn 0.0736 0.9965 -0.0391
vn -0.9249 -0.3798 0.0201
vn -0.9249 -0.3798 0.0189
vn -0.9578 -0.2815 0.0577
vn -0.4136 0.5088 -0.7550
vn -0.0351 0.4995 -0.8656
vn -0.2697 0.6284 -0.7296
vn 0.9101 -0.0302 -0.4132
vn 0.9345 0.1081 -0.3391
vn 0.8877 0.1755 -0.4257
vn 0.0479 -0.5854 0.8093
vn -0.0088 -0.6148 0.7886
vn 0.2344 -0.6329 0.7379
vn -0.1420 0.9251 0.3521
vn -0.2919 0.8547 0.4293
vn -0.2804 0.9517 0.1248
vn -0.3696 0.5901 -0.7178
vn -0.2759 0.6224 -0.7325
vn 0.0044 0.6199 -0.7847
vn 0.7651 0.4648 0.4456
vn 0.8765 -0.1302 0.4635
vn 0.8426 -0.2015 0.4993
vn 0.0767 0.7763 0.6256
vn -0.7142 0.5640 0.4145
vn -0.3880 0.5242 0.7581
vn 0.0725 0.9366 0.3428
vn 0.0147 0.8783 0.4780
vn 0.0956 0.9288 0.3579
vn 0.0243 -0.0005 -0.9997
vn -0.0550 0.0708 -0.9960
vn -0.3917 0.0053 -0.9201
vn 0.7217 0.3784 0.5796
vn 0.5349 0.5071 0.6758
vn 0.6144 0.3219 0.7203
vn 0.3758 0.4926 -0.7850
vn 0.3785 0.5491 -0.7452
vn 0.4778 0.1289 -0.8690
vn 0.4807 0.1178 -0.8689
vn 0.4332 0.1815 -0.8828
vn -0.3409 0.1430 -0.9292
vn -0.3061 0.3493 -0.8856
vn -0.5355 0.1298 -0.8345
vn -0.4174 0.8886 -0.1903
vn -0.3780 0.9160 -0.1341
vn -0.1211 0.8548 -0.5046
vn 0.0795 0.4820 -0.8726
vn -0.1900 0.8664 -0.4618
vn -0.3674 0.4642 -0.8059
vn -0.5178 0.6745 -0.5262
vn -0.6801 0.5669 -0.4649
vn 0.1907 0.5921 -0.7830
vn -0.2463 0.6620 -0.7079
vn -0.5124 0.6319 -0.5815
vn -0.5013 0.6595 -0.5602
vn -0.4807 0.6508 -0.5877
vn -0.9165 -0.3196 0.2407
vn -0.8006 -0.5298 0.2800
vn -0.8097 -0.5381 0.2340
vn -0.0753 0.9952 0.0620
vn -0.2030 0.9781 -0.0461
vn -0.1373 0.9852 0.1030
vn -0.2839 0.8148 -0.5056
vn -0.2301 0.8603 -0.4549
vn -0.1743 0.7744 -0.6083
vn 0.0610 0.3403 -0.9383
vn 0.0072 0.3979 -0.9174
vn 0.0552 0.5097 -0.8586
vn -0.8193 0.4236 0.3863
vn -0.6811 0.4608 0.5690
vn -0.8747 0.2825 0.3939
vn 0.7750 -0.0497 0.6299
vn 0.1687 -0.2296 0.9586
vn 0.4447 -0.1790 0.8776
vn 0.4939 0.8491 -0.1872
vn 0.5031 0.8182 -0.2782
vn 0.3768 0.9031 0.2060
vn 0.2165 0.7978 -0.5627
vn 0.1729 0.8835 -0.4354
vn -0.0372 0.7903 -0.6115
vn 0.1550 0.2590 -0.9534
vn 0.1507 0.4379 -0.8863
vn 0.1673 0.1641 -0.9722
vn 0.3307 0.3580 -0.8732
vn 0.2059 0.2876 -0.9354
vn 0.5199 0.8322 0.1925
vn 0.4612 0.8684 0.1823
vn 0.4169 0.8980 0.1407
vn -0.0348 0.5460 0.8371
vn 0.0654 0.1738 0.9826
vn 0.3061 0.2826 0.9091
vn 0.0227 0.1397 0.9899
vn -0.0298 0.1196 0.9924
vn 0.0265 -0.0421 0.9988
vn -0.3898 0.5394 -0.7464
vn -0.4829 0.6772 -0.5551
vn -0.5510 0.3446 -0.7600
vn 0.7516 0.4313 -0.4991
vn 0.6290 0.6771 -0.3820
vn 0.6459 0.5497 -0.5298
vn -0.0147 0.7747 -0.6322
vn -0.2483 0.9203 -0.3023
vn 0.1061 0.9943 -0.0112
vn 0.8017 0.2879 0.5238
vn 0.8640 0.1569 0.4784
vn 0.7954 0.3349 0.5052
vn 0.2471 -0.7589 0.6025
vn 0.1268 -0.6916 0.7111
vn 0.2079 -0.7243 0.6573
vn -0.4074 0.5037 0.7618
vn -0.4298 0.7537 0.4972
vn -0.5307 0.5576 0.6383
vn -0.2541 -0.2857 0.9240
vn -0.4777 -0.5248 0.7045
vn 0.4324 0.8705 -0.2350
vn 0.1606 0.9154 -0.3692
vn -0.9812 0.1778 -0.0756
vn -0.9146 0.0087 0.4042
vn -0.8708 0.0295 0.4907
vn -0.0757 0.9524 -0.2953
vn 0.3096 0.8774 -0.3664
vn -0.0516 0.8378 -0.5435
vn 0.7095 0.6989 0.0902
vn 0.9282 0.3708 0.0313
vn 0.8953 0.3966 0.2027
vn 0.3855 0.8809 -0.2746
vn 0.4465 0.8356 0.3200
vn 0.2305 0.9600 -0.1590
vn 0.2869 0.9517 -0.1097
vn -0.2710 0.6505 -0.7095
vn -0.1153 0.9165 -0.3831
vn -0.2588 0.7473 -0.6121
vn 0.1077 0.5960 -0.7958
vn -0.0069 0.6766 -0.7363
vn 0.0410 0.5028 -0.8634
vn 0.0401 0.7688 -0.6382
vn -0.3791 -0.0183 0.9252
vn -0.5643 0.4263 0.7070
vn -0.0841 0.3733 0.9239
vn 0.5216 0.0946 0.8479
vn 0.5796 0.2955 0.7594
vn -0.4944 0.8115 0.3116
vn -0.7662 0.6309 0.1216
vn -0.8102 0.4222 0.4065
vn 0.5006 0.3289 0.8007
vn 0.7404 -0.0720 0.6683
vn 0.1573 -0.5484 0.8213
vn 0.1676 -0.5895 0.7902
vn 0.2895 -0.6810 0.6726
vn -0.5648 0.7294 0.3860
vn -0.4321 0.8922 -0.1312
vn 0.2979 0.8944 -0.3335
vn 0.2435 0.9083 -0.3402
vn 0.1608 0.8965 -0.4127
vn -0.0774 0.9166 0.3923
vn -0.2647 0.9150 0.3044
vn -0.1627 0.9781 0.1294
vn -0.2840 0.7669 -0.5755
vn -0.0595 0.9160 -0.3968
vn -0.2256 0.9261 -0.3023
vn 0.1347 0.9885 0.0692
vn 0.3207 0.9383 0.1292
vn 0.1813 0.9780 0.1027
vn -0.2065 0.8851 -0.4170
vn 0.6506 -0.1601 -0.7424
vn 0.6187 -0.2420 -0.7474
vn 0.6975 -0.2987 -0.6514
vn 0.9584 0.1567 0.2384
vn 0.9607 0.2141 -0.1769
vn 0.9548 0.2561 -0.1509
vn 0.3271 0.8363 0.4400
vn 0.7753 0.1960 0.6004
vn 0.2951 0.7437 0.5999
vn -0.0248 0.9901 0.1382
vn -0.2928 0.9504 0.1053
vn -0.1159 0.9781 0.1731
vn -0.7333 0.6783 -0.0465
vn -0.3945 0.7161 0.5758
vn -0.6652 0.6499 0.3676
vn -0.7885 0.4727 0.3934
vn -0.5654 0.3067 0.7656
vn 0.0285 0.9989 0.0364
vn 0.0009 0.9954 0.0959
vn -0.0127 0.9963 0.0851
vn 0.1022 0.9575 0.2698
vn 0.0858 0.9702 0.2265
vn 0.1789 0.9815 0.0676
vn 0.1295 0.9575 -0.2577
vn 0.0870 0.9744 -0.2073
vn 0.1634 0.9623 -0.2176
vn 0.5267 0.8494 0.0325
vn 0.3347 0.9405 -0.0590
vn 0.1785 0.9313 -0.3174
vn -0.7624 0.5159 0.3906
vn -0.5100 0.8158 0.2727
vn -0.5896 0.6878 0.4236
vn 0.4242 0.7608 -0.4912
vn 0.1914 0.9234 -0.3326
vn -0.0215 0.3036 -0.9525
vn -0.2473 0.2912 -0.9241
vn -0.1931 0.0566 -0.9795
vn -0.3479 0.0755 -0.9345
vn -0.5195 0.0937 -0.8493
vn -0.4373 0.0736 -0.8963
vn -0.5944 0.1660 -0.7868
vn -0.1460 0.9867 0.0720
vn -0.2097 0.9474 -0.2417
vn -0.1060 0.9818 -0.1576
vn -0.3292 0.9255 0.1871
vn -0.4674 0.8266 0.3135
vn -0.3694 0.8787 0.3023
vn -0.1904 0.9477 0.2562
vn -0.8643 0.5027 -0.0173
vn -0.7534 0.6575 0.0107
vn -0.8961 0.3647 0.2531
vn -0.1586 0.8831 0.4416
vn -0.5206 0.8217 0.2318
vn -0.4213 0.8863 0.1924
vn -0.4335 0.8936 0.1166
vn -0.2258 0.0191 -0.9740
vn -0.3069 0.5873 -0.7489
vn -0.2313 0.2476 -0.9408
vn -0.0111 0.7012 0.7129
vn 0.1361 0.5261 0.8394
vn -0.1155 0.5159 0.8488
vn -0.2527 0.4134 -0.8748
vn -0.2529 0.3933 -0.8840
vn 0.1747 0.4158 -0.8925
vn 0.4011 0.6790 -0.6149
vn 0.5215 0.5038 -0.6887
vn 0.4677 0.4198 -0.7778
vn 0.5226 0.8412 -0.1390
vn 0.5851 0.8103 -0.0316
vn 0.3650 0.8303 -0.4212
vn 0.5112 0.2430 0.8244
vn 0.5577 0.3926 0.7313
vn 0.6267 0.1752 0.7593
vn -0.6740 0.7384 -0.0247
vn -0.5520 0.8299 0.0813
vn 0.4535 0.8121 0.3672
vn 0.3626 0.7849 0.5025
vn 0.5133 0.8239 0.2401
vn -0.2166 0.7151 -0.6647
vn -0.1991 0.6755 -0.7100
vn -0.4509 0.6454 -0.6166
vn -0.4006 0.3689 -0.8387
vn -0.4244 0.8676 -0.2592
vn -0.4766 0.8492 -0.2274
vn -0.2590 0.9553 -0.1428
vn 0.0968 0.7559 -0.6475
vn -0.6260 0.7635 0.1588
vn -0.7463 0.5948 0.2986
vn 0.4485 0.8904 0.0772
vn 0.5621 0.6681 0.4876
vn -0.1364 0.9827 0.1253
vn 0.0122 0.9342 0.3566
vn 0.1689 0.8698 0.4635
vn 0.1741 0.8896 0.4222
vn -0.1194 0.9888 0.0895
vn -0.7363 0.6737 -0.0626
vn -0.3682 0.9200 -0.1341
vn 0.5416 0.7910 -0.2845
vn 0.2338 0.7837 -0.5755
vn -0.1154 0.9126 -0.3923
vn -0.3050 0.8685 -0.3907
vn -0.2818 0.9382 -0.2011
vn -0.1348 0.9299 -0.3421
vn 0.4151 0.9094 -0.0262
vn 0.6149 0.7713 -0.1643
vn -0.7349 -0.5030 0.4550
vn -0.0426 -0.3288 0.9434
vn -0.2778 -0.4495 0.8490
vn 0.5258 0.0125 -0.8505
vn 0.4895 -0.0102 -0.8719
vn 0.5537 -0.0239 -0.8324
vn -0.7859 0.4410 -0.4334
vn -0.7110 0.6989 -0.0777
vn -0.5959 0.2475 0.7640
vn -0.3674 0.7029 -0.6091
vn -0.9846 0.1725 0.0269
vn -0.9966 0.0584 -0.0581
vn -0.6896 0.7157 0.1108
vn -0.6185 0.4277 0.6591
vn -0.6452 0.5057 0.5727
vn -0.0660 0.6459 0.7606
vn -0.1327 0.5342 0.8349
vn 0.0792 0.5250 0.8474
vn 0.0242 0.9373 -0.3477
vn 0.0775 0.9669 -0.2431
vn 0.1569 0.7113 -0.6851
vn -0.2802 -0.8644 0.4176
vn -0.2171 -0.8279 0.5171
vn -0.1568 -0.8974 0.4124
vn -0.1800 0.8355 0.5191
vn -0.0847 0.5648 0.8209
vn -0.2074 0.8047 0.5563
vn -0.0273 -0.2538 -0.9669
vn -0.0734 0.0559 -0.9957
vn -0.0631 -0.3203 -0.9452
vn -0.4459 0.8769 -0.1797
vn -0.0382 0.9697 -0.2412
vn -0.0900 0.9956 0.0272
vn 0.4228 0.8719 0.2470
vn 0.2704 0.9571 -0.1044
vn 0.2860 0.9579 0.0259
vn 0.3541 0.7550 -0.5519
vn 0.1004 0.7798 -0.6179
vn 0.1990 0.8994 -0.3893
vn 0.2212 0.8391 0.4969
vn 0.0423 0.9834 0.1767
vn 0.1913 -0.1912 -0.9627
vn -0.0963 0.9952 -0.0173
vn -0.3282 0.8368 -0.4383
vn 0.7647 0.5972 -0.2421
vn 0.3349 0.7650 -0.5502
vn 0.7494 0.6091 -0.2596
vn -0.8426 0.4986 0.2036
vn -0.9700 -0.2206 0.1023
vn -0.9869 -0.1325 0.0920
vn -0.6699 -0.6051 0.4301
vn 0.0802 -0.5151 0.8534
vn -0.0039 -0.3916 0.9201
vn 0.3770 -0.0898 0.9218
vn 0.5803 -0.4885 0.6516
vn 0.1870 -0.7143 0.6744
vn 0.6699 -0.3210 0.6695
vn -0.9533 -0.1819 0.2410
vn -0.7997 0.4309 0.4181
vn -0.8638 0.5000 -0.0621
vn -0.7601 0.6485 -0.0413
vn -0.8178 0.5750 -0.0248
vn -0.6770 0.7156 -0.1721
vn 0.2312 0.8598 -0.4553
vn 0.3916 0.8891 -0.2368
vn 0.5065 0.7829 -0.3612
vn 0.0211 0.5294 -0.8481
vn 0.1284 0.6189 -0.7749
vn -0.0097 0.6744 -0.7383
vn 0.2304 0.3650 -0.9020
vn 0.5197 0.3693 -0.7704
vn 0.2667 0.2608 -0.9278
vn 0.0610 0.0507 0.9968
vn 0.0015 -0.1665 0.9860
vn -0.0201 -0.0520 0.9984
vn -0.1072 0.9933 0.0430
vn -0.0665 0.9972 -0.0350
vn -0.1494 0.9765 0.1554
vn -0.1610 0.9223 -0.3512
vn -0.0267 0.9156 -0.4012
vn -0.0228 0.9135 -0.4061
vn 0.5799 0.6803 -0.4482
vn 0.7394 0.2616 -0.6204
vn 0.9641 0.2604 -0.0524
vn 0.1278 0.0628 0.9898
vn 0.1761 0.1357 0.9750
vn 0.2162 -0.1153 0.9695
vn 0.1256 0.4292 0.8944
vn 0.3143 0.1024 0.9438
vn 0.1555 0.4051 0.9009
vn 0.4256 0.5468 0.7210
vn 0.5476 0.0166 0.8366
vn 0.5663 -0.0289 0.8237
vn -0.3105 0.1757 -0.9342
vn -0.4169 -0.0186 -0.9088
vn -0.2501 -0.0135 -0.9681
vn -0.9852 0.1696 0.0250
vn -0.9089 0.3725 -0.1873
vn -0.9454 -0.0148 -0.3255
vn 0.0336 0.8629 -0.5043
vn 0.2200 0.8509 -0.4770
vn 0.0517 0.9300 -0.3639
vn -0.0190 0.7613 0.6481
vn -0.4015 0.4191 0.8143
vn 0.1176 0.6229 0.7734
vn -0.6466 0.4611 0.6077
vn -0.1425 0.9617 0.2340
vn 0.0236 0.9978 -0.0612
vn -0.1691 0.9632 0.2089
vn -0.7026 0.6949 -0.1534
vn -0.6484 0.6325 -0.4236
vn -0.7398 0.6688 0.0738
vn -0.1581 0.9781 -0.1355
vn -0.2878 0.7662 -0.5745
vn 0.0248 0.5808 -0.8137
vn -0.4539 0.7867 -0.4184
vn -0.3879 0.8397 -0.3800
vn 0.0567 -0.8671 0.4949
vn -0.2789 -0.8242 0.4929
vn -0.3474 -0.4734 0.8094
vn 0.5488 0.8293 -0.1046
vn 0.8145 0.5801 0.0060
vn 0.7305 0.6756 0.1003
vn 0.2129 0.9382 -0.2730
vn 0.1078 0.9875 -0.1151
vn 0.2197 0.7957 -0.5644
vn 0.3554 0.8068 -0.4719
vn 0.2350 0.7459 -0.6233
vn 0.0803 0.5094 -0.8567
vn -0.2543 0.5427 -0.8005
vn 0.1369 0.5995 -0.7886
vn 0.0391 0.4250 -0.9043
vn 0.0861 0.4513 -0.8882
vn -0.6406 0.7224 -0.2603
vn -0.1271 0.9222 -0.3652
vn -0.0409 0.9991 -0.0130
vn 0.0551 0.3704 -0.9272
vn -0.0091 0.4103 -0.9119
vn 0.2242 0.9587 -0.1749
vn -0.0978 0.9278 -0.3601
vn 0.0071 0.8734 -0.4869
vn 0.3549 -0.1171 0.9275
vn 0.3528 -0.3377 0.8726
vn 0.0380 0.3016 0.9527
vn 0.2349 0.3000 0.9246
vn -0.0256 0.3061 0.9516
vn -0.1493 0.9202 -0.3620
vn 0.0122 0.9747 -0.2230
vn -0.1076 0.9112 -0.3978
vn -0.8353 -0.3870 0.3906
vn -0.8319 -0.4448 0.3319
vn -0.5958 0.7414 0.3088
vn -0.5075 0.7945 0.3336
vn -0.7264 0.6477 0.2298
vn -0.9823 0.1334 0.1312
vn -0.9391 0.2107 -0.2717
vn -0.6910 0.0898 0.7173
vn -0.8083 -0.4073 0.4252
vn 0.9915 -0.1255 0.0350
vn 0.9937 -0.0481 0.1011
vn 0.9915 -0.1064 0.0755
vn 0.6646 0.3368 0.6670
vn 0.9824 0.1000 -0.1576
vn 0.9375 0.1026 -0.3325
vn 0.9634 0.2669 -0.0256
vn 0.0341 0.8347 -0.5496
vn 0.3984 0.7211 -0.5668
vn 0.2155 0.8808 -0.4216
vn -0.1279 -0.2093 -0.9694
vn 0.6305 -0.2257 -0.7427
vn 0.1811 -0.2704 -0.9456
vn 0.1307 0.7951 0.5922
vn 0.0766 0.7131 0.6968
vn 0.4180 0.5656 0.7109
vn 0.6014 0.4589 0.6540
vn 0.6560 0.6091 0.4458
vn 0.7144 0.6734 0.1902
vn 0.7659 0.5972 0.2382
vn 0.6819 0.6996 0.2134
vn 0.3515 0.7265 0.5905
vn 0.2231 0.7417 0.6325
vn 0.1181 0.8862 0.4480
vn -0.8734 -0.4541 0.1758
vn -0.8927 -0.4248 0.1505
vn -0.8537 -0.4679 0.2286
vn 0.1054 0.9920 0.0696
vn 0.0134 0.8496 -0.5273
vn -0.0649 0.9963 -0.0564
vn 0.2441 0.6041 -0.7586
vn 0.1786 0.6969 -0.6946
vn 0.1532 0.5879 -0.7943
vn 0.6337 -0.7364 0.2369
vn 0.8561 0.5019 0.1232
vn 0.5785 0.8155 0.0152
vn 0.1974 0.5881 -0.7843
vn 0.2198 0.8208 -0.5272
vn 0.4458 0.3644 0.8176
vn 0.5523 0.5051 0.6632
vn 0.6095 0.2622 0.7482
vn 0.4161 0.4041 0.8146
vn 0.4594 0.3727 0.8063
vn -0.0863 0.7797 -0.6202
vn -0.0255 0.9460 -0.3233
vn -0.1396 0.9480 -0.2861
vn -0.0902 0.9899 0.1095
vn 0.3399 -0.5622 0.7539
vn 0.5058 -0.5520 0.6629
vn 0.5910 -0.4733 0.6532
vn 0.2416 0.4107 0.8792
vn -0.2621 0.7118 0.6517
vn 0.5616 -0.3243 0.7612
vn 0.6139 -0.2784 0.7386
vn 0.5700 0.1016 0.8154
vn -0.5687 0.7733 0.2803
vn -0.2520 0.9556 0.1529
vn -0.6665 0.5979 0.4453
vn -0.0818 0.9839 0.1587
vn 0.6721 -0.1729 0.7200
vn 0.5053 -0.3586 0.7849
vn -0.3714 0.0931 -0.9238
vn -0.5579 0.2217 -0.7997
vn -0.4611 0.1977 -0.8650
vn 0.3469 0.4412 -0.8276
vn 0.4831 0.5026 -0.7169
vn 0.3395 0.5957 -0.7280
vn 0.6283 0.4407 -0.6410
vn 0.1618 0.7985 -0.5798
vn 0.4056 0.6338 -0.6586
vn 0.0991 0.9214 -0.3757
vn -0.0100 0.9998 -0.0192
vn -0.2038 0.9723 -0.1145
vn 0.3077 0.8653 0.3956
vn 0.2408 0.9347 0.2614
vn 0.2908 0.8886 0.3547
vn -0.2218 0.9462 0.2356
vn 0.4780 0.1492 -0.8656
vn 0.4027 0.0137 -0.9152
vn 0.2989 0.0591 -0.9524
vn -0.4563 0.8714 0.1798
vn -0.5078 0.7227 0.4688
vn -0.4389 0.6409 0.6297
vn 0.0260 0.9263 0.3759
vn 0.1313 0.8824 0.4518
vn 0.0941 0.9317 0.3510
vn 0.1953 0.1067 0.9749
vn 0.3252 0.1938 0.9256
vn -0.5724 0.6506 -0.4991
vn -0.0891 0.7019 -0.7067
vn -0.2881 0.4116 -0.8646
vn 0.4959 0.0804 0.8647
vn 0.4542 0.0855 0.8868
vn 0.8159 0.0493 0.5761
vn 0.3148 0.6780 -0.6642
vn 0.3521 0.7058 -0.6148
vn 0.5338 0.4649 -0.7063
vn 0.8425 0.1490 -0.5176
vn 0.7874 -0.0896 -0.6099
vn 0.8461 -0.0429 -0.5314
vn -0.6975 0.6971 0.1662
vn -0.9478 -0.1480 0.2825
vn -0.9202 0.3274 -0.2145
vn -0.8640 0.4823 -0.1444
vn -0.2845 0.8436 0.4553
vn -0.1408 0.9719 0.1888
vn -0.2942 0.9557 -0.0075
vn -0.1446 0.6161 -0.7743
vn -0.3340 -0.0660 -0.9403
vn 0.0588 0.9145 -0.4002
vn -0.1951 0.8748 -0.4435
vn 0.2808 0.8775 -0.3889
vn 0.2305 0.9534 -0.1948
vn 0.4787 0.8328 -0.2780
vn 0.3536 0.8950 0.2720
vn 0.0115 0.7287 0.6847
vn -0.1231 0.9548 0.2705
vn -0.4709 0.4755 0.7431
vn -0.7486 0.5038 0.4310
vn -0.9691 -0.2296 0.0904
vn -0.8439 0.4485 0.2944
vn -0.9399 0.2715 0.2069
vn -0.9657 0.2521 0.0618
vn 0.9801 -0.1362 0.1446
vn 0.5528 0.1389 0.8216
vn 0.1498 0.7066 0.6916
vn -0.4910 0.8179 0.2999
vn -0.5564 0.7562 -0.3443
vn 0.1359 0.5834 -0.8008
vn 0.1734 0.6069 -0.7756
vn 0.1388 0.6007 -0.7874
vn 0.9277 -0.2267 0.2966
vn 0.9540 -0.2243 0.1990
vn 0.1547 0.6395 -0.7530
vn -0.0556 0.4775 0.8768
vn -0.5314 0.8208 0.2094
vn 0.1052 0.8979 0.4275
vn -0.0540 0.9746 0.2176
vn 0.0192 0.8624 0.5059
vn 0.6581 0.6892 -0.3032
vn -0.2884 0.7751 -0.5622
vn 0.1998 0.6938 -0.6919
vn -0.1587 0.7023 -0.6940
vn 0.3699 0.0825 -0.9254
vn 0.3773 -0.1827 -0.9079
vn 0.1470 0.9866 -0.0702
vn -0.0107 0.9828 -0.1841
vn 0.0544 0.9985 -0.0055
vn -0.8873 0.1439 -0.4382
vn -0.8268 0.5294 -0.1899
vn -0.9822 -0.0108 -0.1876
vn 0.4339 0.6583 -0.6151
vn 0.5440 0.3293 -0.7717
vn 0.3557 0.5011 -0.7889
vn -0.5678 0.4592 0.6832
vn -0.9031 0.0068 0.4293
vn -0.0925 0.5871 0.8042
vn 0.6232 0.6074 -0.4927
vn 0.1136 0.9127 -0.3925
vn 0.9154 -0.3699 0.1588
vn 0.8160 -0.5778 0.0188
vn 0.8367 0.3796 0.3947
vn 0.8054 0.4547 0.3802
vn 0.2810 0.6188 -0.7335
vn 0.3303 0.6313 -0.7017
vn -0.7638 0.6053 0.2243
vn 0.1836 0.6018 -0.7772
vn -0.3323 0.9389 -0.0892
vn -0.3147 0.9486 -0.0324
vn -0.2273 0.9718 -0.0633
vn -0.0884 0.7877 -0.6097
vn -0.3233 0.8065 -0.4951
vn -0.1245 0.8337 -0.5379
vn -0.9542 -0.2971 -0.0353
vn -0.9682 -0.2225 0.1141
vn 0.7247 0.5242 0.4472
vn 0.6519 0.4443 0.6145
vn 0.5379 0.7644 0.3556
vn -0.9913 -0.0288 0.1281
vn 0.1434 0.9539 -0.2636
vn 0.2609 0.8543 -0.4495
vn 0.2265 0.9517 -0.2070
vn -0.1451 0.9757 -0.1643
vn -0.3552 0.8330 0.4242
vn -0.2504 0.8471 0.4687
vn -0.5601 0.8276 0.0386
vn -0.6782 0.7075 0.1987
vn -0.7079 0.6884 0.1580
vn -0.0104 0.9979 0.0634
vn -0.0214 0.9814 0.1909
vn -0.2663 0.8296 0.4908
vn 0.4986 0.8459 0.1892
vn 0.2349 0.9231 0.3045
vn -0.3042 0.7355 0.6054
vn 0.1183 0.6593 0.7426
vn -0.5284 0.5754 0.6242
vn -0.2115 0.1988 -0.9569
vn 0.4311 0.1583 -0.8883
vn 0.1184 0.4777 -0.8705
vn 0.1322 0.6411 -0.7560
vn 0.3229 0.8522 0.4117
vn 0.1937 0.9534 0.2312
vn 0.2294 0.8961 0.3801
vn 0.0130 0.9979 0.0633
vn -0.1003 0.9946 0.0251
vn -0.0802 0.9420 0.3259
vn -0.1226 0.8444 0.5215
vn -0.3404 0.9058 0.2522
vn 0.2509 0.6359 0.7298
vn 0.1878 0.8803 0.4357
vn 0.4710 0.7523 0.4607
vn -0.7735 0.4608 0.4351
vn -0.8806 0.2661 0.3921
vn -0.6841 0.6145 0.3928
vn 0.9413 0.0510 -0.3338
vn 0.9098 0.0633 -0.4102
vn 0.9560 0.1232 -0.2664
vn -0.8445 0.3792 0.3782
vn -0.6347 0.7126 -0.2990
vn -0.8154 0.5760 -0.0582
vn 0.5070 0.8170 0.2747
vn 0.8574 0.4710 0.2073
vn 0.5950 0.7608 0.2592
vn 0.5529 0.8084 0.2022
vn -0.2319 0.9270 0.2947
vn -0.0239 0.9862 0.1641
vn 0.2603 0.3533 -0.8986
vn 0.4493 0.5391 -0.7124
vn -0.2807 0.8493 0.4471
vn -0.2663 0.8229 0.5019
vn -0.1152 0.7880 0.6048
vn 0.5318 0.8343 -0.1451
vn 0.4334 0.8980 -0.0760
vn 0.3310 0.9427 -0.0409
vn -0.1220 0.8724 0.4733
vn -0.0520 0.8583 0.5105
vn 0.5696 0.7415 0.3546
vn -0.7222 0.6885 0.0663
vn -0.9757 0.1664 -0.1424
vn -0.8974 0.3709 -0.2388
vn 0.6625 0.5907 -0.4607
vn 0.6372 0.3478 -0.6878
vn 0.4141 0.6419 -0.6453
vn 0.1646 0.9710 0.1734
vn 0.1850 -0.0351 0.9821
vn -0.0482 -0.3494 0.9357
vn -0.0352 -0.2296 0.9727
vn -0.4246 0.0143 0.9053
vn -0.6514 -0.0353 0.7579
vn -0.8720 0.1367 0.4700
vn -0.7749 0.5978 -0.2054
vn -0.7262 0.6413 -0.2477
vn -0.2197 0.9622 -0.1609
vn 0.2386 0.9692 -0.0614
vn 0.7363 0.4979 -0.4582
vn -0.7010 0.5070 -0.5016
vn -0.6838 0.7008 0.2031
vn -0.3029 0.7504 0.5874
vn -0.2988 0.9204 0.2521
vn -0.1158 0.8708 0.4778
vn 0.1551 0.6648 -0.7307
vn 0.1594 0.4555 -0.8758
vn 0.1753 0.8877 -0.4256
vn 0.2889 0.8944 -0.3413
vn 0.2253 0.9407 -0.2536
vn 0.2293 0.9004 -0.3697
vn -0.9498 0.2415 0.1988
vn -0.9964 0.0393 -0.0754
vn -0.9928 -0.0150 -0.1186
vn 0.5326 0.6644 -0.5243
vn 0.5519 0.7137 -0.4314
vn -0.1411 0.6002 0.7873
vn -0.1624 0.7539 0.6366
vn -0.2148 0.7430 0.6338
vn -0.0282 -0.3393 -0.9402
vn -0.2602 0.5579 -0.7881
vn -0.2100 0.7607 -0.6142
vn -0.0725 0.6851 0.7249
vn -0.1565 0.8259 0.5417
vn -0.0351 0.8381 0.5444
vn -0.1455 -0.5790 0.8022
vn 0.2265 -0.6841 0.6934
vn 0.1349 -0.6527 0.7455
vn -0.6087 0.7183 0.3369
vn -0.1682 0.9720 0.1643
vn -0.6170 0.6742 0.4059
vn -0.8156 0.5781 0.0242
vn -0.7023 0.3129 0.6394
vn 0.1922 0.1116 0.9750
vn -0.0560 0.5467 0.8355
vn 0.1406 0.9850 -0.1002
vn 0.1328 0.4947 -0.8589
vn 0.0017 0.8580 -0.5136
vn -0.0435 0.6640 -0.7464
vn -0.1201 0.1988 -0.9727
vn 0.2243 0.5440 -0.8085
vn 0.1942 0.5075 -0.8395
vn 0.3790 0.3623 -0.8515
vn -0.0957 0.7322 -0.6744
vn -0.2157 0.6623 -0.7175
vn 0.0259 0.7016 -0.7121
vn 0.0270 0.4906 -0.8710
vn -0.0009 0.9922 -0.1247
vn -0.0408 0.9747 -0.2199
vn 0.3515 0.6584 0.6655
vn 0.5501 -0.0481 0.8337
vn 0.7786 0.3324 0.5323
vn -0.1923 0.7584 0.6228
vn 0.4063 0.9074 -0.1070
vn 0.3766 0.8905 0.2552
vn 0.0152 0.9879 0.1543
vn 0.2477 0.9276 0.2798
vn 0.0399 0.9713 0.2344
vn 0.5013 0.8530 -0.1452
vn -0.5013 0.1233 -0.8565
vn -0.4417 0.4352 -0.7845
vn 0.0333 0.9961 0.0817
vn 0.0393 0.9800 0.1950
vn 0.1394 0.8759 0.4619
vn -0.3354 0.9404 0.0567
vn -0.2090 0.8877 0.4103
vn -0.2292 0.2974 0.9268
vn -0.3156 0.4714 0.8235
vn -0.2001 0.3479 0.9159
vn 0.4342 -0.2060 0.8770
vn 0.3243 -0.0561 0.9443
vn 0.4994 -0.0913 0.8615
vn 0.0438 -0.1673 0.9849
vn -0.1004 0.8997 0.4248
vn 0.2029 -0.1088 0.9731
vn -0.0676 0.2337 0.9699
vn 0.0853 0.4088 0.9087
vn -0.1214 0.7925 0.5976
vn -0.1330 0.6509 0.7475
vn -0.0584 0.4420 0.8951
vn -0.1718 0.9335 -0.3148
vn -0.0533 0.4367 -0.8980
vn 0.4355 0.4613 -0.7730
vn -0.1733 0.8566 0.4861
vn -0.2623 0.6727 0.6919
vn 0.5282 0.5859 0.6146
vn 0.5304 0.4458 0.7210
vn -0.0811 0.2767 -0.9575
vn 0.8530 0.0119 0.5217
vn 0.9432 0.0104 0.3320
vn 0.8700 -0.4385 0.2254
vn 0.1866 0.8921 0.4114
vn 0.1068 0.7099 0.6962
vn -0.0093 0.4178 0.9085
vn -0.2204 0.9744 0.0439
vn -0.9109 -0.3764 -0.1689
vn -0.8868 -0.4401 -0.1409
vn -0.9591 -0.2446 -0.1427
vn 0.0872 0.6723 0.7351
vn -0.4305 0.8216 -0.3738
vn -0.4117 0.6333 -0.6553
vn -0.3819 0.6638 -0.6430
vn 0.3832 0.0538 -0.9221
vn -0.5801 0.2026 -0.7889
vn -0.5917 0.3884 -0.7064
vn -0.5104 0.2826 -0.8122
vn 0.1617 0.7046 0.6910
vn -0.0531 0.8869 0.4589
vn -0.2348 0.7223 0.6504
vn 0.0173 0.9390 0.3434
vn -0.4771 0.4754 0.7392
vn -0.2861 0.9560 0.0656
vn -0.2137 0.9748 0.0636
vn -0.0831 0.9866 0.1406
vn 0.1253 0.9920 -0.0130
vn -0.0729 0.8187 0.5696
vn 0.0812 0.9541 0.2884
vn 0.9844 -0.0829 0.1549
vn 0.9577 0.1227 0.2601
vn 0.8462 0.4137 0.3357
vn 0.7393 0.5691 0.3599
vn 0.7520 0.4362 0.4942
vn -0.1729 -0.1933 0.9658
vn 0.1041 -0.1602 0.9816
vn -0.8608 0.1886 0.4726
vn -0.4718 0.8804 -0.0477
vn -0.7590 0.1849 0.6242
vn 0.3060 0.9181 -0.2518
vn 0.5999 0.6772 -0.4261
vn 0.3995 0.8626 -0.3104
vn 0.2263 0.7308 -0.6440
vn 0.6747 0.3703 -0.6385
vn 0.4225 0.4880 -0.7638
vn 0.8483 0.4442 0.2883
vn 0.6984 0.5184 0.4935
vn 0.5784 0.7948 0.1835
vn -0.5866 0.0005 0.8099
vn -0.6966 0.0763 0.7134
vn -0.8059 0.3330 0.4895
vn -0.2616 -0.2349 0.9362
vn 0.1758 0.8962 0.4073
vn -0.2175 0.9266 0.3068
vn 0.1973 0.7885 0.5826
vn 0.2172 0.5569 0.8017
vn -0.0981 0.9940 -0.0486
vn -0.9952 0.0437 0.0876
vn 0.1088 0.5618 -0.8201
vn 0.0886 0.5674 -0.8187
vn -0.2803 0.1537 0.9475
vn -0.1628 0.4300 0.8880
vn 0.0437 0.6536 -0.7556
vn -0.0945 0.8047 -0.5861
vn 0.1191 0.9762 0.1813
vn 0.0858 0.9888 0.1225
vn -0.5891 0.6335 0.5016
vn -0.0149 0.9117 0.4105
vn -0.0773 0.9790 -0.1888
vn -0.3076 0.9273 0.2135
vn -0.2583 0.8767 0.4058
vn -0.0837 0.9589 0.2711
vn 0.3714 -0.1090 -0.9220
vn -0.2146 0.9061 0.3647
vn -0.1713 0.9563 0.2370
vn 0.3524 0.2723 0.8953
vn 0.3388 0.4977 0.7985
vn 0.2172 0.1758 0.9602
vn -0.3598 0.5600 0.7463
vn -0.1460 0.7777 -0.6115
vn -0.7659 -0.4097 0.4956
vn -0.6666 -0.3278 0.6695
vn -0.6558 -0.1922 0.7301
vn 0.0825 0.8552 -0.5116
vn -0.2959 0.9271 0.2300
vn 0.2400 0.7540 0.6114
vn 0.2307 0.0747 0.9702
vn 0.4504 0.1821 0.8741
vn -0.1664 0.9832 0.0749
vn -0.0272 0.9957 0.0883
vn -0.0413 0.9975 0.0569
vn -0.3902 0.9196 0.0456
vn -0.2331 0.9669 0.1041
vn -0.2824 0.9147 0.2891
vn -0.7526 -0.4435 0.4868
vn -0.1910 0.9459 -0.2624
vn -0.2570 0.9590 -0.1191
vn -0.2381 0.9540 0.1821
vn 0.0271 0.9159 0.4006
vn 0.1222 0.9414 0.3142
vn 0.3254 0.5607 -0.7615
vn 0.3465 0.5641 -0.7495
vn 0.1449 0.6325 -0.7609
vn 0.0695 0.8296 -0.5539
vn -0.0601 0.7877 -0.6131
vn 0.0585 0.8689 -0.4915
vn -0.8030 -0.3025 0.5135
vn -0.8892 -0.4329 0.1483
vn -0.2210 0.9388 0.2641
vn -0.3385 0.9246 0.1746
vn -0.2116 0.9773 0.0128
vn -0.7450 0.5574 0.3665
vn -0.4927 0.6359 0.5941
vn -0.2332 0.6625 0.7118
vn 0.5448 -0.1132 -0.8309
vn 0.6156 0.1387 -0.7758
vn 0.4544 0.4724 -0.7552
vn 0.2798 0.9297 -0.2394
vn -0.9835 0.0160 -0.1802
vn -0.9671 -0.0572 -0.2480
vn -0.7245 0.0631 -0.6864
vn -0.8214 -0.1093 -0.5598
vn 0.4955 0.8586 -0.1317
vn -0.2585 0.7886 -0.5580
vn -0.1637 0.8339 -0.5270
vn -0.0109 0.9341 -0.3569
vn -0.2519 0.8953 -0.3674
vn -0.7054 0.7067 0.0549
vn -0.4331 0.8858 0.1669
vn 0.0628 0.9668 0.2476
vn 0.0958 0.9498 0.2979
vn 0.7038 0.0726 0.7067
vn 0.7054 0.2286 0.6709
vn 0.5821 0.1014 0.8067
vn 0.0069 0.8655 0.5009
vn -0.7904 -0.5769 0.2062
vn 0.9221 0.0079 0.3869
vn -0.7042 0.7083 0.0484
vn -0.4873 0.8425 0.2295
vn 0.5183 0.7965 -0.3115
vn 0.3849 0.7058 -0.5947
vn 0.5118 0.7364 -0.4425
vn 0.2177 0.6390 0.7377
vn -0.2644 0.5435 0.7967
vn -0.1097 0.2101 0.9715
vn -0.2405 0.8647 0.4409
vn -0.7237 0.6771 0.1330
vn 0.9965 0.0753 0.0353
vn -0.0251 -0.1032 0.9943
vn 0.0784 -0.4137 0.9070
vn 0.2282 0.7434 0.6287
vn 0.2286 0.5264 0.8190
vn 0.1257 0.6982 0.7048
vn 0.2548 0.4530 -0.8543
vn 0.0428 0.5287 -0.8478
vn 0.0307 0.4560 -0.8895
vn -0.1120 0.6898 -0.7153
vn -0.1052 0.8411 -0.5306
vn -0.2647 0.5940 -0.7597
vn -0.1972 0.8030 0.5625
vn -0.1427 0.8728 0.4667
vn 0.1432 0.7996 0.5832
vn 0.2450 0.2872 -0.9260
vn -0.6681 0.7437 -0.0219
vn 0.6545 0.5923 -0.4699
vn 0.6473 0.6158 -0.4492
vn 0.8998 0.0492 0.4335
vn 0.9305 0.1360 0.3401
vn 0.7314 0.0784 0.6774
vn 0.2282 0.3019 0.9256
vn -0.2560 0.4902 0.8332
vn -0.8552 0.4650 0.2290
vn -0.4121 0.8960 0.1653
vn 0.7073 0.6850 0.1750
vn 0.7749 0.5355 0.3360
vn 0.2124 0.4390 0.8730
vn 0.4462 0.2546 0.8579
vn 0.6738 0.6097 -0.4174
vn 0.0119 0.9267 0.3756
vn -0.1589 0.9122 0.3776
vn -0.1071 0.6484 0.7537
vn -0.0657 0.4178 -0.9061
vn 0.0195 0.5993 -0.8003
vn 0.0672 0.7354 0.6743
vn 0.0688 0.6035 0.7944
vn 0.3969 0.2451 -0.8845
vn 0.6268 0.1346 -0.7675
vn 0.6408 0.0353 0.7669
vn -0.3675 0.8225 0.4340
vn -0.7240 0.6523 0.2243
vn 0.1429 0.8428 -0.5189
vn 0.2249 0.8852 -0.4072
vn 0.2022 0.8662 -0.4570
vn 0.3063 0.8797 -0.3637
vn -0.7095 0.2473 0.6599
vn -0.0114 -0.1132 0.9935
vn -0.4241 -0.2744 0.8631
vn -0.7941 -0.2570 0.5508
vn -0.8122 -0.3075 0.4958
vn 0.0340 0.9829 0.1808
vn 0.0043 0.9672 0.2540
vn -0.0314 0.9407 0.3379
vn -0.5269 0.5733 0.6274
vn -0.3893 0.6795 -0.6219
vn -0.2491 0.7912 -0.5585
vn -0.8986 0.3959 -0.1894
vn -0.5345 0.7829 0.3184
vn -0.4336 0.8958 0.0979
vn -0.3125 0.9148 0.2559
vn -0.0420 0.4073 0.9123
vn -0.4942 -0.1897 0.8484
vn 0.9368 -0.0661 -0.3436
vn 0.9023 -0.1550 -0.4022
vn -0.7444 0.3079 0.5925
vn -0.5854 -0.7835 0.2085
vn 0.4667 0.6303 0.6204
vn 0.3946 0.7793 0.4868
vn -0.0017 0.7099 0.7043
vn 0.5130 0.8420 -0.1668
vn 0.0792 0.9966 -0.0239
vn -0.0460 0.9968 0.0647
vn 0.0123 0.9965 -0.0827
vn -0.2062 0.9487 0.2396
vn 0.5064 -0.1086 -0.8554
vn 0.5367 -0.0335 -0.8431
vn 0.4983 -0.0193 -0.8668
vn -0.1383 -0.2344 0.9623
vn -0.1809 -0.2253 0.9573
vn 0.3131 0.0370 0.9490
vn 0.7971 -0.3733 0.4746
vn 0.3579 0.1912 -0.9140
vn 0.4782 0.1491 -0.8655
vn 0.2980 0.1708 -0.9391
vn 0.2117 0.3662 -0.9061
vn 0.4103 0.2898 -0.8647
vn 0.6943 -0.1923 -0.6936
vn 0.9088 0.0241 0.4165
vn 0.8871 0.1041 0.4497
vn 0.2589 0.9480 -0.1852
vn -0.5134 0.7253 0.4587
vn -0.3029 0.3992 0.8654
vn -0.2453 0.7242 0.6445
vn 0.1283 0.9287 0.3479
vn -0.9070 0.4191 -0.0407
vn 0.0671 0.7298 -0.6803
vn -0.6676 0.6560 -0.3521
vn -0.7612 0.1681 0.6264
vn -0.6022 0.5335 0.5939
vn -0.4816 0.1170 -0.8685
vn -0.6244 -0.2042 -0.7539
vn -0.4443 -0.1098 -0.8891
vn 0.9032 -0.0702 -0.4235
vn 0.8654 -0.3181 -0.3871
vn 0.8222 0.5624 -0.0874
vn 0.9800 0.1992 0.0033
vn 0.9315 0.3618 -0.0372
vn 0.4742 0.8016 0.3642
vn 0.3274 0.8087 0.4887
vn -0.0266 0.9554 -0.2941
vn 0.0121 0.9211 -0.3890
vn -0.1214 0.8628 -0.4908
vn 0.2369 0.8989 0.3687
vn 0.1929 0.9166 0.3502
vn 0.2830 0.8457 0.4523
vn 0.1230 0.9644 0.2340
vn -0.0801 0.9729 -0.2171
vn -0.0562 0.9975 -0.0427
vn 0.0928 0.9737 0.2083
vn -0.1205 0.9642 0.2361
vn -0.5084 0.8611 0.0048
vn -0.3640 0.8906 -0.2728
vn 0.3447 -0.0113 0.9386
vn 0.5820 -0.0063 0.8131
vn 0.2505 0.1302 0.9593
vn 0.2933 0.9555 -0.0310
vn 0.1351 0.8005 0.5840
vn 0.0101 0.9393 0.3430
vn 0.1137 0.8989 0.4231
vn -0.2368 0.7410 0.6283
vn -0.8844 0.1760 0.4324
vn -0.2584 0.9002 0.3504
vn -0.1380 0.9514 0.2755
vn -0.1637 0.9229 0.3485
vn 0.4945 0.7281 0.4747
vn 0.5833 0.0953 0.8066
vn 0.3800 0.6444 0.6636
vn 0.1426 0.9561 -0.2558
vn 0.1160 0.9261 -0.3591
vn -0.2181 0.9755 0.0302
vn -0.2067 0.9764 0.0621
vn -0.2074 0.9689 0.1348
vn -0.0742 0.8967 0.4363
vn -0.0930 0.6307 0.7705
vn 0.3113 0.3844 0.8691
vn 0.9938 0.0533 -0.0978
vn -0.4641 0.8339 -0.2988
vn -0.8322 0.3373 -0.4402
vn -0.2018 -0.7855 0.5851
vn 0.4145 0.1666 -0.8947
vn 0.1657 0.7919 -0.5877
vn 0.1415 0.8926 -0.4281
vn 0.8587 0.2194 -0.4632
vn 0.8782 0.3928 -0.2727
vn 0.3629 0.3714 -0.8546
vn 0.2937 0.3684 -0.8821
vn 0.1346 0.3462 -0.9285
vn -0.5075 0.8494 -0.1447
vn -0.8336 0.5408 -0.1127
vn -0.6946 0.6456 -0.3174
vn -0.8553 0.3012 -0.4216
vn -0.4788 0.7505 0.4554
vn -0.4536 0.6412 0.6189
vn -0.5385 0.1097 0.8355
vn -0.1762 -0.1137 0.9778
vn -0.8892 0.1680 -0.4255
vn -0.4433 0.7528 0.4866
vn -0.6996 0.3861 0.6012
vn 0.0286 0.9915 0.1271
vn -0.2396 0.9478 0.2104
vn -0.2675 0.7804 0.5652
vn -0.2375 0.7352 0.6349
vn 0.2342 0.1868 0.9541
vn 0.1040 0.7185 0.6877
vn 0.2892 -0.1513 0.9452
vn -0.4097 0.3436 -0.8450
vn -0.4504 0.3348 -0.8276
vn -0.7519 0.5418 -0.3755
vn -0.2431 0.9488 0.2015
vn 0.4694 -0.0579 0.8811
vn 0.5476 -0.5382 0.6407
vn -0.5682 0.8146 0.1166
vn -0.4751 0.8498 -0.2282
vn -0.2443 0.8607 -0.4466
vn -0.2123 0.9583 -0.1911
vn -0.2696 0.8460 -0.4600
vn -0.5306 0.8106 -0.2479
vn 0.2799 0.9445 -0.1718
vn 0.4189 0.9055 -0.0679
vn -0.9938 0.0961 -0.0552
vn 0.2216 0.8857 -0.4080
vn 0.2539 0.9468 -0.1976
vn 0.0964 0.9234 -0.3716
vn -0.5920 0.7347 -0.3314
vn 0.1099 0.1319 -0.9851
vn -0.3301 0.4494 -0.8301
vn 0.3153 0.9434 0.1028
vn 0.4528 0.8916 -0.0018
vn 0.9443 0.2096 0.2539
vn 0.5251 0.3437 0.7785
vn 0.4695 0.8444 -0.2580
vn 0.4692 0.7719 -0.4290
vn -0.1830 0.9831 -0.0031
vn -0.0357 0.9843 -0.1729
vn 0.2348 0.9673 -0.0959
vn 0.1438 0.3109 -0.9395
vn -0.4547 0.5585 -0.6937
vn 0.2554 0.9494 -0.1829
vn 0.3022 0.8963 -0.3246
vn -0.4935 0.5801 -0.6480
vn -0.1675 0.7208 -0.6726
vn 0.5735 0.3875 0.7218
vn 0.5953 0.1857 0.7817
vn 0.6705 0.4523 0.5882
vn 0.6460 0.6367 -0.4210
vn 0.6123 0.6840 -0.3966
vn 0.5674 0.7001 -0.4336
vn -0.0981 -0.6697 0.7361
vn -0.1941 -0.4470 0.8732
vn -0.2934 0.6561 0.6953
vn 0.4834 0.6271 -0.6108
vn 0.4231 0.6078 -0.6720
vn -0.9257 0.3124 -0.2130
vn -0.6180 0.7299 -0.2921
vn -0.7713 0.6270 -0.1091
vn -0.5200 0.8127 0.2630
vn -0.6037 0.0863 -0.7925
vn -0.6032 0.7913 -0.0998
vn -0.1909 0.7736 0.6043
vn -0.0550 0.8208 0.5685
vn 0.1040 0.9688 0.2251
vn 0.1242 0.9498 0.2871
vn -0.2273 -0.6642 0.7121
vn -0.2095 -0.2864 0.9349
vn -0.1244 -0.7170 0.6859
vn 0.2172 0.9448 -0.2454
vn -0.3732 0.8591 -0.3502
vn -0.4831 0.8472 -0.2210
vn -0.0587 0.9895 0.1318
vn -0.2614 0.9611 0.0888
vn -0.2581 0.9388 0.2281
vn -0.0726 0.7673 0.6372
vn -0.0012 0.8915 0.4531
vn 0.1326 0.8143 -0.5651
vn 0.0672 0.5957 -0.8004
vn -0.4036 0.1690 -0.8992
vn -0.0339 0.6717 -0.7401
vn -0.0892 0.8425 -0.5313
vn 0.1442 0.4088 -0.9012
vn 0.0937 0.4310 -0.8975
vn 0.0489 0.4449 -0.8943
vn -0.2404 0.8853 0.3980
vn 0.0319 0.9961 0.0828
vn -0.2044 0.9249 0.3204
vn -0.3885 0.9145 0.1133
vn 0.1411 0.6908 -0.7091
vn 0.3080 0.8882 -0.3410
vn 0.3063 0.8896 -0.3388
vn -0.8569 0.0462 -0.5135
vn -0.8283 -0.0284 -0.5595
vn -0.7870 0.1008 -0.6087
vn -0.1363 0.1560 0.9783
vn -0.3514 -0.1715 0.9204
vn -0.1801 -0.0090 0.9836
vn 0.3313 0.8979 0.2900
vn -0.1955 0.9673 0.1614
vn -0.5393 0.6182 -0.5718
vn -0.7892 0.6011 0.1263
vn 0.2783 0.2195 0.9351
vn 0.0194 0.2870 0.9577
vn 0.0986 0.3293 0.9390
vn 0.5637 0.8095 0.1643
vn 0.3139 0.9471 -0.0663
vn 0.3658 0.9194 -0.1444
vn 0.3093 0.9509 0.0058
vn 0.1508 0.9271 -0.3432
vn 0.1297 0.7790 -0.6135
vn -0.4065 0.8987 -0.1646
vn 0.1321 0.7441 -0.6548
vn 0.0122 0.6237 -0.7815
vn -0.7709 -0.3789 -0.5119
vn -0.4368 0.4127 -0.7993
vn 0.7124 0.7017 -0.0079
vn 0.9234 0.3590 0.1360
vn 0.9930 0.0175 0.1170
vn -0.0623 0.9919 -0.1110
vn 0.3559 0.8874 -0.2929
vn 0.1916 0.9477 0.2553
vn 0.0625 0.6540 0.7539
vn -0.0962 0.9189 -0.3825
vn -0.7012 0.6904 0.1781
vn 0.4139 0.7552 -0.5083
vn 0.3855 0.5368 -0.7505
vn -0.3936 0.7753 -0.4940
vn -0.0274 0.8406 0.5410
vn -0.3577 0.7957 0.4888
vn -0.3385 0.9257 -0.1690
vn -0.2140 0.8781 -0.4281
vn -0.3201 0.9473 -0.0103
vn 0.0268 0.8296 -0.5577
vn -0.4977 0.0617 -0.8651
vn -0.8010 0.1432 -0.5812
vn -0.3857 0.8482 -0.3630
vn -0.2589 0.8219 -0.5074
vn 0.2547 0.8703 -0.4215
vn -0.9213 0.1616 -0.3536
vn -0.8483 0.1139 -0.5172
vn 0.1690 0.9856 0.0039
vn -0.1587 0.9652 -0.2078
vn 0.2789 0.5689 0.7737
vn 0.3949 0.6080 0.6887
vn -0.7703 0.6290 -0.1046
vn 0.0435 0.5512 -0.8332
vn 0.8788 0.1378 0.4568
vn 0.9097 0.0468 0.4125
vn 0.8276 0.1607 0.5378
vn 0.9914 -0.0643 0.1138
vn -0.1092 0.9809 0.1612
vn -0.2109 0.9614 0.1764
vn -0.4336 0.8956 0.0990
vn -0.9313 0.1776 -0.3180
vn -0.8850 0.4655 -0.0062
vn 0.9259 -0.2874 0.2452
vn 0.9179 -0.2643 0.2958
vn 0.1349 0.4265 -0.8944
vn 0.0171 0.3264 -0.9451
vn 0.5919 0.6987 0.4019
vn 0.7573 0.5896 0.2808
vn -0.9952 -0.0907 0.0380
vn -0.8697 0.4927 0.0297
vn -0.5046 0.6302 -0.5901
vn 0.1254 0.9030 -0.4109
vn -0.2664 0.8263 -0.4963
vn 0.3351 0.1947 -0.9218
vn 0.4910 0.3092 -0.8144
vn -0.3700 0.7870 -0.4936
vn -0.3028 0.5769 -0.7586
vn -0.2206 0.7909 -0.5707
vn 0.7525 0.5575 0.3506
vn 0.6208 0.7839 -0.0107
vn 0.4049 0.9132 -0.0470
vn -0.1364 0.9896 0.0451
vn -0.1028 0.8043 -0.5853
vn -0.3301 0.8699 -0.3666
vn 0.0538 0.9659 0.2531
vn 0.3136 0.6731 -0.6698
vn 0.6471 0.7552 -0.1046
vn 0.3517 0.9181 -0.1826
vn -0.1148 0.9923 0.0476
vn 0.3797 0.8639 -0.3309
vn -0.2241 0.4893 -0.8428
vn -0.1229 0.4068 -0.9052
vn -0.2760 0.4002 -0.8739
vn 0.1418 0.6431 0.7525
vn 0.6837 0.0161 -0.7295
vn -0.0854 0.9726 0.2164
vn -0.2322 0.8824 -0.4092
vn -0.0634 0.7415 -0.6680
vn 0.7320 0.2559 0.6314
vn 0.7685 0.1845 0.6127
vn 0.2652 0.7263 0.6341
vn -0.4325 0.5841 -0.6868
vn 0.1430 0.4264 -0.8932
vn -0.5164 0.6515 -0.5557
vn -0.3159 0.8900 -0.3286
vn -0.7183 0.1628 -0.6765
vn -0.9109 0.1999 -0.3611
vn 0.4532 0.8823 -0.1271
vn 0.7333 0.6131 -0.2941
vn -0.6077 -0.0929 0.7887
vn -0.1463 0.9704 -0.1922
vn 0.4073 0.7903 -0.4578
vn 0.3585 0.6809 -0.6387
vn 0.4243 0.7226 -0.5457
vn 0.2572 0.7343 -0.6282
vn 0.7116 -0.2075 0.6713
vn 0.4538 0.5204 0.7234
vn -0.0315 0.9991 0.0291
vn -0.5255 0.8480 0.0693
vn -0.7627 0.4581 0.4566
vn -0.7927 0.4913 0.3609
vn 0.0613 0.9916 0.1140
vn 0.0383 0.4959 -0.8675
vn -0.9182 -0.1270 0.3752
vn -0.9508 0.1122 0.2887
vn 0.0635 0.4101 -0.9098
vn 0.2551 0.0869 0.9630
vn -0.1305 0.9914 -0.0075
vn 0.2690 0.6753 0.6867
vn -0.3998 0.6686 0.6270
vn 0.1339 0.7436 0.6551
vn 0.1282 0.4768 0.8696
vn -0.0640 0.3659 0.9285
vn 0.0876 -0.4545 0.8864
vn -0.1892 0.8205 0.5395
vn -0.0045 0.2732 0.9620
vn -0.1265 0.9008 0.4155
vn -0.6792 0.7336 -0.0235
vn -0.2418 0.6006 -0.7621
vn 0.1253 0.6380 -0.7598
vn 0.0033 0.4552 -0.8904
vn 0.0890 0.3535 -0.9312
vn -0.0973 0.7749 0.6245
vn -0.0472 0.4215 0.9056
vn -0.1863 0.9766 0.1077
vn -0.5855 0.5225 -0.6198
vn -0.2870 0.7389 0.6097
vn -0.0992 0.9868 0.1282
vn 0.3415 -0.2001 -0.9183
vn 0.1914 -0.1935 -0.9622
vn 0.3160 0.0538 -0.9472
vn 0.0803 0.6873 -0.7220
vn -0.1625 0.2158 -0.9628
vn 0.1108 0.7762 -0.6207
vn 0.1530 0.6582 -0.7371
vn -0.1408 0.8773 0.4588
vn -0.3996 0.7636 0.5072
vn -0.1751 0.9002 -0.3987
vn -0.2791 0.8469 0.4526
vn 0.1003 0.9244 0.3680
vn 0.9022 0.1620 0.3998
vn 0.8532 0.3524 0.3844
vn 0.8097 0.3341 0.4824
vn 0.7249 -0.2579 0.6387
vn -0.8158 -0.4797 0.3232
vn 0.0127 0.8052 0.5928
vn 0.0843 0.9633 0.2547
vn 0.0620 0.8869 0.4579
vn -0.0523 0.5758 0.8159
vn -0.0800 0.6059 0.7915
vn -0.2876 0.5728 0.7676
vn -0.0167 0.6670 0.7449
vn -0.7312 0.5609 0.3884
vn 0.1942 -0.1439 0.9704
vn 0.2218 0.4969 0.8390
vn -0.0180 0.9783 0.2065
vn -0.4656 0.8154 0.3439
vn -0.3207 0.9231 0.2121
vn 0.1403 0.6489 -0.7478
vn -0.0046 0.8257 0.5641
vn 0.0303 0.8287 0.5589
vn 0.4347 -0.2603 0.8621
vn 0.3213 -0.4372 0.8400
vn 0.5232 -0.2725 0.8075
vn -0.1487 0.9799 0.1327
vn -0.4099 0.9006 0.1449
vn 0.9140 -0.4009 0.0632
vn -0.2215 0.9218 -0.3181
vn -0.4695 0.6867 -0.5550
vn 0.1228 0.3436 -0.9310
vn 0.5835 0.1495 0.7982
vn 0.4772 0.1580 0.8645
vn 0.4907 0.4037 0.7721
vn -0.3403 0.1849 -0.9220
vn -0.4574 0.1621 -0.8744
vn -0.4804 -0.0552 -0.8753
vn -0.2552 0.8039 0.5372
vn -0.4035 0.7407 0.5372
vn -0.2730 0.7582 0.5921
vn 0.5662 0.6110 0.5532
vn 0.4826 0.2128 0.8496
vn -0.4485 0.8291 -0.3338
vn -0.4899 0.6359 0.5964
vn -0.4769 0.7046 0.5254
vn -0.4963 0.8205 0.2837
vn -0.2596 0.9508 0.1692
vn -0.2231 0.9665 0.1266
vn 0.6443 0.7605 0.0807
vn 0.3970 0.8989 0.1853
vn 0.7313 0.2314 -0.6416
vn -0.1239 0.4503 -0.8842
vn -0.0028 0.6819 -0.7314
vn -0.2672 0.8749 0.4038
vn -0.8747 0.4357 0.2122
vn -0.0815 0.9150 0.3951
vn 0.0923 0.9182 0.3853
vn 0.1755 0.9758 0.1304
vn -0.3446 0.8971 0.2764
vn 0.2866 0.9110 -0.2967
vn 0.5140 0.8219 0.2453
vn -0.3549 0.8069 0.4722
vn 0.0068 -0.3965 0.9180
vn -0.0292 -0.3756 0.9263
vn -0.0043 0.3431 -0.9393
vn -0.2156 0.9386 -0.2694
vn -0.0506 0.9840 -0.1708
vn -0.2214 0.9359 -0.2741
vn -0.1021 0.9912 0.0840
vn -0.0445 0.9641 -0.2617
vn -0.1186 0.9920 -0.0423
vn -0.2853 0.8478 -0.4470
vn -0.0427 0.9554 0.2923
vn 0.2326 0.9448 0.2306
vn -0.0177 0.9902 0.1384
vn -0.0564 0.9903 0.1273
vn 0.5173 -0.0481 0.8544
vn -0.2527 0.7462 0.6159
vn -0.4810 0.5974 0.6416
vn -0.1616 0.7689 -0.6186
vn -0.5691 0.5074 -0.6471
vn -0.0857 0.8540 -0.5132
vn -0.0114 0.9568 -0.2906
vn 0.4785 0.8691 -0.1256
vn 0.5458 0.7571 -0.3592
vn 0.5066 0.7972 -0.3283
vn -0.0702 0.8425 -0.5341
vn 0.0539 0.7939 -0.6057
vn -0.2357 0.9539 0.1858
vn 0.1028 0.4328 0.8956
vn 0.2300 0.4769 -0.8483
vn 0.7127 0.6860 0.1465
vn 0.1193 0.7459 -0.6553
vn -0.5664 0.7380 0.3666
vn -0.2972 0.8092 -0.5068
vn 0.2711 0.1705 -0.9473
vn -0.3385 0.3271 -0.8823
vn -0.3113 0.8108 -0.4957
vn -0.7241 0.5671 -0.3925
vn -0.5105 0.4750 -0.7168
vn -0.2856 0.4403 -0.8512
vn 0.2023 0.9709 0.1285
vn -0.0900 0.9927 0.0805
vn -0.7672 0.6360 -0.0827
vn -0.9949 0.0575 -0.0826
vn -0.2943 0.9557 0.0057
vn 0.4073 0.5678 0.7153
vn 0.2832 0.5746 0.7679
vn 0.1773 0.4318 -0.8844
vn -0.0506 0.3671 -0.9288
vn -0.3700 0.9251 0.0847
vn -0.2216 0.9653 0.1385
vn 0.4830 0.8569 0.1803
vn 0.5715 0.7523 0.3276
vn 0.0718 0.9178 0.3905
vn -0.0203 0.9563 0.2917
vn -0.1176 0.9914 0.0578
vn -0.3568 -0.4467 0.8205
vn 0.0453 0.7691 -0.6375
vn -0.2955 0.7866 -0.5422
vn -0.6819 -0.5448 0.4881
vn 0.9870 0.1599 -0.0156
vn 0.4894 0.4039 -0.7729
vn 0.5684 0.4856 -0.6642
vn 0.5677 0.6957 -0.4401
vn -0.1929 0.7331 0.6522
vn -0.5105 0.0537 0.8582
vn 0.1506 0.7872 -0.5981
vn 0.4376 0.7016 -0.5624
vn 0.4091 0.8235 -0.3931
vn 0.3022 0.6795 -0.6686
vn 0.2645 0.6927 -0.6709
vn 0.9809 0.1780 -0.0787
vn 0.9947 0.0115 0.1019
vn -0.1433 0.9872 0.0696
vn -0.5938 0.7741 0.2195
vn 0.2049 0.3858 0.8995
vn -0.3705 -0.1523 -0.9162
vn -0.4786 0.0703 -0.8752
vn -0.0615 0.9894 0.1318
vn -0.1457 0.9735 0.1764
vn -0.2569 0.0516 -0.9651
vn -0.6092 0.1687 -0.7749
vn -0.4971 0.1425 -0.8559
vn 0.6814 -0.0251 -0.7315
vn 0.5081 -0.1790 -0.8425
vn 0.6911 0.0566 -0.7206
vn 0.8284 0.4457 -0.3392
vn 0.5381 0.8146 0.2163
vn 0.5149 0.8224 0.2420
vn 0.6126 0.7821 -0.1145
vn 0.2338 0.8967 0.3758
vn -0.0014 0.9575 0.2885
vn -0.2756 0.7806 0.5610
vn 0.2377 0.5605 -0.7933
vn 0.0461 0.6140 -0.7880
vn -0.5227 0.5270 -0.6701
vn -0.3479 0.3578 -0.8665
vn -0.6325 0.4045 -0.6605
vn -0.0339 0.8134 -0.5808
vn 0.0014 0.9422 0.3351
vn 0.0466 0.9685 -0.2445
vn 0.0583 0.9833 -0.1723
vn -0.3638 0.9041 -0.2241
vn 0.1521 0.9087 0.3888
vn 0.3875 0.8514 0.3535
vn 0.1567 0.8724 0.4629
vn 0.6125 0.0812 -0.7863
vn 0.5349 0.0480 -0.8435
vn -0.4589 0.6631 0.5914
vn -0.8711 0.2165 0.4407
vn -0.4958 0.8112 -0.3101
vn -0.2957 0.8569 -0.4223
vn -0.1339 0.7040 -0.6975
vn 0.5683 0.5337 -0.6262
vn -0.0525 0.8699 0.4904
vn 0.0944 0.9047 0.4154
vn 0.1853 0.8808 0.4357
vn 0.1704 0.9436 0.2838
vn 0.2593 0.9370 0.2340
vn -0.1936 0.7689 0.6093
vn -0.4098 0.4668 0.7837
vn 0.0308 0.6774 0.7350
vn -0.4059 0.7619 -0.5048
vn -0.5678 0.7885 -0.2362
vn 0.3537 0.8755 0.3292
vn 0.1878 0.8552 0.4831
vn 0.7328 0.1577 0.6619
vn -0.0877 0.6458 -0.7584
vn -0.7217 0.5927 0.3576
vn -0.5010 0.8413 0.2031
vn -0.0727 0.5797 -0.8116
vn 0.1753 0.5229 0.8341
vn 0.9042 0.4012 0.1467
vn 0.9610 0.2611 0.0913
vn 0.0182 0.5795 -0.8148
vn -0.3433 0.6519 -0.6762
vn -0.0519 0.9926 0.1099
vn 0.1893 0.9666 0.1726
vn -0.1526 0.9794 -0.1326
vn -0.2085 0.8916 -0.4020
vn -0.0776 0.9872 0.1392
vn 0.0945 0.9924 0.0791
vn 0.4146 0.5612 -0.7163
vn 0.0859 0.7450 -0.6616
vn 0.3765 0.1329 -0.9169
vn -0.2949 0.7573 -0.5826
vn -0.9686 0.1681 -0.1834
vn -0.9025 -0.0602 -0.4265
vn -0.5710 0.8192 0.0524
vn -0.5359 0.2153 0.8164
vn -0.5622 0.6044 0.5644
vn -0.9081 0.2035 -0.3660
vn -0.8998 -0.0512 -0.4333
vn 0.4453 0.3145 -0.8383
vn -0.2066 0.5920 0.7790
vn -0.4457 0.2617 0.8561
vn -0.3693 0.4239 0.8270
vn -0.0554 0.5291 0.8468
vn -0.0123 0.4024 0.9154
vn -0.6271 0.7200 0.2973
vn 0.2310 0.9026 -0.3631
vn 0.0985 0.9414 -0.3227
vn 0.0096 0.9482 -0.3174
vn 0.0199 0.9124 -0.4089
vn 0.2261 0.5917 0.7738
vn 0.8102 -0.5858 -0.0211
vn 0.0619 0.8803 0.4703
vn -0.6767 0.6518 -0.3425
vn -0.5966 0.0578 -0.8004
vn 0.1002 0.3247 -0.9405
vn -0.4257 0.3727 -0.8245
vn -0.4610 0.7606 -0.4571
vn -0.5270 0.5856 -0.6159
vn -0.9725 -0.2052 -0.1100
vn 0.9984 0.0428 -0.0359
vn 0.9251 0.1227 -0.3593
vn 0.9905 0.1131 0.0785
vn -0.9977 -0.0471 -0.0485
vn 0.6762 0.4722 0.5656
vn 0.2645 0.9638 -0.0333
vn -0.0993 0.9943 -0.0391
vn 0.1049 0.7876 -0.6071
vn -0.0434 0.9942 0.0984
vn -0.0893 -0.5085 0.8564
vn -0.3419 0.7977 0.4968
vn -0.1897 -0.8739 0.4476
vn -0.0350 -0.7244 0.6885
vn -0.0064 0.9071 0.4208
vn -0.0847 0.9842 0.1555
vn -0.1657 0.8857 -0.4338
vn -0.0922 0.9667 -0.2387
vn -0.1288 0.8444 0.5200
vn 0.1867 0.2409 0.9524
vn 0.0752 0.6034 0.7939
vn 0.0802 0.4509 -0.8889
vn -0.0145 0.9568 -0.2903
vn -0.0130 0.9510 -0.3088
vn 0.1317 0.9207 -0.3674
vn -0.3854 0.3557 -0.8515
vn -0.5936 0.6234 -0.5090
vn -0.6796 0.2532 -0.6884
vn 0.1831 0.1435 -0.9726
vn 0.0873 0.8554 -0.5105
vn -0.1043 0.9811 0.1627
vn -0.1100 0.9792 0.1705
vn -0.1601 0.8591 0.4862
vn -0.0417 0.9982 -0.0420
vn -0.2435 0.9694 -0.0320
vn -0.4806 -0.5663 0.6695
vn -0.2606 -0.4594 0.8491
vn 0.5005 0.8627 0.0725
vn 0.6130 0.7559 -0.2301
vn -0.2537 0.9625 0.0957
vn 0.6926 0.3397 0.6363
vn 0.9480 0.3007 0.1043
vn 0.9081 0.3767 0.1830
vn -0.2473 -0.2020 0.9477
vn -0.3697 -0.2148 0.9040
vn -0.3284 0.8866 0.3257
vn -0.1808 0.6792 0.7113
vn -0.3400 0.9351 -0.1003
vn 0.3439 0.5808 -0.7378
vn -0.0761 0.5157 -0.8534
vn -0.1122 -0.0689 -0.9913
vn 0.1305 0.8851 0.4467
vn 0.1034 0.9911 0.0835
vn 0.3183 0.4470 0.8360
vn 0.2027 0.8633 0.4621
vn -0.0833 0.4954 -0.8646
vn 0.0786 0.4002 -0.9131
vn -0.1974 0.6351 -0.7468
vn -0.9080 0.3066 -0.2856
vn 0.4889 0.7167 0.4973
vn -0.0416 0.5813 -0.8127
vn -0.1682 0.8240 0.5410
vn -0.1653 0.8211 0.5463
vn 0.1797 0.4717 -0.8633
vn 0.1609 0.7966 -0.5826
vn -0.2775 -0.5265 0.8036
vn -0.6203 0.1947 0.7598
vn -0.2017 0.4696 -0.8596
vn 0.0867 0.5371 0.8391
vn -0.7990 0.3882 -0.4592
vn -0.8917 0.1665 -0.4208
vn -0.2970 0.3175 -0.9005
vn 0.5247 0.5768 0.6260
vn -0.4037 0.2051 -0.8916
vn -0.3876 0.8423 -0.3745
vn -0.6367 0.3339 -0.6951
vn -0.6451 0.4223 -0.6368
vn -0.8513 0.2512 0.4606
vn -0.9884 0.0845 0.1264
vn -0.2025 0.8417 -0.5005
vn 0.2047 0.8122 -0.5463
vn -0.0359 0.4634 0.8854
vn -0.2756 0.9056 -0.3224
vn 0.0656 0.8939 -0.4434
vn 0.5717 0.6915 0.4416
vn -0.0738 0.9741 -0.2135
vn -0.6717 0.2687 0.6904
vn -0.3812 -0.1548 0.9114
vn -0.5239 0.4596 0.7172
vn -0.5530 0.7871 0.2733
vn 0.1283 0.9647 0.2300
vn 0.1178 0.9462 0.3012
vn -0.8772 0.4325 0.2085
vn -0.9997 0.0229 -0.0080
vn 0.1166 0.9921 0.0471
vn -0.0686 0.9962 -0.0544
vn 0.1317 0.8382 -0.5292
vn 0.0642 0.9072 -0.4157
vn 0.1681 0.9401 -0.2966
vn -0.9945 0.0365 -0.0986
vn -0.9505 0.0939 -0.2960
vn -0.0566 0.3925 0.9180
vn 0.9277 0.0465 -0.3704
vn 0.6836 0.7183 0.1294
vn 0.4835 0.8480 -0.2172
vn 0.6047 0.7826 0.1477
vn 0.6967 0.4118 0.5874
vn 0.1992 0.8008 0.5648
vn -0.8411 -0.4807 0.2477
vn -0.8733 -0.3777 0.3077
vn -0.9466 -0.1935 0.2580
vn 0.9214 -0.2497 0.2978
vn -0.0776 0.9499 0.3029
vn -0.1124 0.8258 -0.5527
vn -0.1257 0.9911 0.0430
vn 0.4762 0.7305 -0.4896
vn 0.8407 0.3334 0.4268
vn 0.2229 0.3474 0.9109
vn 0.2746 0.6743 -0.6855
vn 0.1127 0.4889 0.8650
vn 0.6043 -0.3181 0.7305
vn -0.1575 0.8223 0.5469
vn -0.0931 0.9809 0.1705
vn -0.8439 0.3145 -0.4346
vn -0.5134 0.7768 -0.3646
vn -0.7374 0.4910 -0.4638
vn 0.2535 0.4985 0.8290
vn 0.0145 0.7725 0.6348
vn 0.7198 0.3454 0.6022
vn 0.2147 0.8806 0.4223
vn 0.2788 0.6826 0.6755
vn 0.0236 0.9997 0.0025
vn -0.1433 0.9206 0.3632
vn -0.8008 0.5494 0.2386
vn -0.8810 0.4135 0.2298
vn 0.7638 0.5954 0.2492
vn 0.8856 0.1918 0.4230
vn 0.2763 0.7253 0.6306
vn 0.4581 0.7946 0.3985
vn -0.9210 -0.3468 -0.1777
vn -0.7667 -0.3141 -0.5599
vn -0.9003 -0.1398 -0.4123
vn -0.6331 0.1702 0.7551
vn -0.8679 -0.1284 0.4799
vn -0.1656 -0.3270 0.9304
vn 0.9538 0.1711 0.2468
vn -0.5035 0.8584 -0.0982
vn -0.0019 0.8814 -0.4724
vn -0.6487 0.6039 0.4632
vn -0.4719 0.8024 0.3653
vn 0.5777 0.7294 0.3664
vn 0.6083 0.6356 0.4754
vn 0.4173 0.5001 -0.7588
vn 0.2752 0.4484 -0.8504
vn -0.4757 0.4817 -0.7360
vn 0.2624 0.5562 0.7885
vn -0.1753 0.5823 0.7938
vn -0.1728 0.9831 -0.0606
vn -0.2781 0.8638 0.4201
vn -0.2340 0.8107 0.5367
vn -0.0291 0.9565 0.2902
vn -0.8423 0.0378 0.5377
vn 0.3408 -0.0393 0.9393
vn -0.2739 0.2541 0.9276
vn 0.0527 -0.2779 0.9592
vn 0.0033 0.9298 0.3680
vn 0.9074 0.2441 0.3421
vn 0.9667 0.2472 0.0660
vn 0.9636 0.1148 0.2414
vn -0.9520 0.1171 -0.2827
vn 0.3843 0.7466 0.5431
vn 0.1337 -0.1358 0.9817
vn -0.0209 -0.2227 0.9747
vn 0.0641 -0.1118 0.9917
vn 0.3121 0.4876 0.8154
vn -0.0483 0.8844 0.4642
vn -0.3672 -0.2805 -0.8869
vn -0.7948 0.1346 -0.5918
vn -0.0514 0.9059 -0.4204
vn 0.9320 0.1930 0.3069
vn 0.9735 0.0579 0.2211
vn -0.0286 0.9187 -0.3938
vn 0.1285 0.9835 0.1270
vn -0.0947 0.6262 -0.7739
vn 0.2925 0.6947 -0.6571
vn 0.2519 0.2901 -0.9232
vn -0.1940 0.9674 0.1626
vn -0.1272 0.6599 -0.7405
vn -0.1010 0.8067 -0.5823
vn 0.4388 0.8861 0.1491
vn 0.5945 0.5016 0.6284
vn -0.0828 0.2331 0.9689
vn -0.4582 0.8743 -0.1599
vn 0.1540 0.9694 -0.1913
vn 0.7185 0.5235 0.4580
vn -0.1168 0.9228 0.3671
vn -0.0355 0.9200 0.3904
vn 0.5121 0.7057 0.4897
vn 0.1782 0.7674 0.6159
vn 0.0362 0.5299 -0.8473
vn -0.0402 0.4101 -0.9112
vn -0.1596 0.7665 -0.6221
vn -0.0425 0.8471 -0.5298
vn -0.8101 0.4008 0.4279
vn -0.1288 0.7421 0.6578
vn 0.5740 -0.0101 0.8188
vn 0.5504 0.2317 0.8021
vn -0.2494 0.5098 -0.8233
vn -0.4014 0.5502 -0.7322
vn 0.1870 0.4762 -0.8592
vn -0.4518 0.8871 0.0942
vn 0.2379 0.8127 -0.5319
vn -0.3465 0.8970 -0.2746
vn 0.0462 0.9546 -0.2942
vn 0.0184 0.8512 0.5245
vn -0.1221 0.9651 -0.2315
vn 0.9804 0.1965 -0.0168
vn -0.2387 0.5773 -0.7808
vn -0.4029 0.9042 -0.1420
vn 0.8183 -0.5382 0.2019
vn 0.8764 -0.3721 -0.3058
vn 0.5301 0.8274 -0.1855
vn 0.8633 0.3274 -0.3841
vn 0.7488 0.3573 -0.5583
vn 0.9623 0.2608 -0.0765
vn 0.2123 0.7515 -0.6247
vn 0.0708 0.7715 -0.6323
vn -0.4379 0.5158 0.7363
vn -0.3215 -0.1285 0.9382
vn 0.2022 0.6636 0.7203
vn -0.2558 -0.3519 0.9004
vn 0.8539 0.1347 -0.5028
vn 0.3104 0.7303 -0.6085
vn 0.2535 0.5404 -0.8023
vn -0.1405 0.9752 0.1713
vn -0.2612 0.8727 0.4125
vn 0.4134 0.3868 0.8243
vn -0.4065 0.8829 0.2348
vn -0.4762 0.7886 0.3890
vn -0.0800 0.8645 0.4962
vn -0.7403 0.6470 0.1824
vn -0.7106 0.5027 0.4923
vn 0.5263 0.8033 0.2789
vn 0.2833 0.7705 0.5710
vn 0.3226 0.7138 0.6216
vn -0.9408 0.2674 -0.2081
vn -0.6872 0.6836 -0.2460
vn 0.0504 -0.4625 0.8852
vn -0.6888 -0.4410 0.5754
vn 0.0513 0.9116 -0.4079
vn 0.4743 0.3656 0.8009
vn -0.3121 0.7254 -0.6136
vn -0.0256 0.7033 -0.7104
vn -0.0465 0.6777 -0.7338
vn 0.4598 0.7033 -0.5421
vn 0.4886 0.5408 -0.6847
vn 0.3677 0.6998 0.6124
vn 0.3477 0.7446 0.5698
vn -0.2374 -0.0103 0.9714
vn 0.1602 0.2599 0.9523
vn 0.2655 0.8793 -0.3953
vn 0.2542 0.7612 -0.5966
vn 0.2946 0.7594 -0.5800
vn -0.3134 0.9008 0.3004
vn -0.7488 0.6400 0.1724
vn 0.5343 0.2709 -0.8007
vn -0.0813 0.6547 0.7515
vn 0.0230 0.5029 -0.8640
vn -0.4817 0.4630 -0.7441
vn -0.6249 0.7728 -0.1112
vn -0.0905 0.7445 0.6615
vn 0.5488 0.7142 -0.4345
vn 0.6388 0.6536 -0.4059
vn -0.0358 0.9485 0.3146
vn -0.0329 0.9401 0.3393
vn -0.0266 0.9644 0.2632
vn -0.3714 0.8536 0.3653
vn -0.1340 0.9485 0.2869
vn 0.4425 0.8291 0.3418
vn 0.0661 0.9470 -0.3144
vn 0.8660 0.4057 -0.2922
vn 0.5509 0.0312 -0.8340
vn -0.2214 -0.1035 0.9697
vn -0.1949 0.9269 0.3207
vn -0.0645 0.8580 0.5095
vn -0.8925 -0.2372 0.3836
vn 0.4129 0.6714 0.6154
vn -0.6981 0.6628 -0.2709
vn -0.4641 0.2691 -0.8439
vn 0.6445 -0.0845 -0.7599
vn 0.5100 0.1131 -0.8527
vn -0.0409 0.7381 0.6734
vn -0.1715 0.7862 0.5937
vn -0.2039 0.7927 0.5745
vn -0.3195 -0.3437 -0.8831
vn -0.0841 0.9213 -0.3798
vn 0.9256 -0.0348 0.3769
vn -0.4573 -0.1220 -0.8809
vn 0.3786 0.5704 -0.7289
vn 0.3820 0.5812 -0.7185
vn -0.7969 0.1377 0.5882
vn -0.3380 -0.1516 0.9289
vn 0.0497 0.3216 0.9456
vn -0.0719 0.9961 0.0518
vn -0.4586 0.7758 -0.4333
vn 0.2356 0.4494 0.8617
vn -0.7159 0.2349 -0.6575
vn -0.8984 0.0787 0.4322
vn -0.0386 0.8870 -0.4602
vn 0.1974 0.9445 -0.2624
vn -0.0652 0.3427 0.9372
vn 0.1064 -0.4118 0.9050
vn 0.0262 0.0188 0.9995
vn -0.0087 0.9953 0.0962
vn -0.0805 0.9388 0.3349
vn 0.4882 0.8560 -0.1699
vn 0.7663 0.0517 -0.6404
vn 0.0365 0.8405 0.5407
vn 0.1961 0.8098 0.5529
vn -0.5484 0.7902 0.2738
vn 0.9786 0.0661 0.1950
vn -0.6274 0.4657 0.6242
vn -0.6557 0.3138 0.6867
vn -0.4080 0.5588 0.7220
vn -0.8300 0.3342 -0.4466
vn -0.0237 0.9968 0.0757
vn -0.1530 0.9842 -0.0887
vn -0.4157 0.8737 0.2527
vn -0.1354 0.8239 0.5503
vn 0.0006 0.8275 0.5615
vn 0.0109 0.8054 0.5927
vn -0.3458 0.7103 0.6131
vn -0.0063 0.9097 -0.4153
vn -0.0216 0.9305 -0.3656
vn -0.0508 0.9856 0.1614
vn 0.5742 0.4651 -0.6738
vn -0.1239 0.2565 -0.9586
vn 0.0372 0.9953 -0.0894
vn 0.0185 0.2574 -0.9661
vn -0.9120 0.3561 -0.2038
vn -0.1613 0.9834 -0.0828
vn -0.1650 0.8029 0.5728
vn -0.0492 0.6775 0.7338
vn -0.0509 0.6744 0.7366
vn 0.0636 0.4445 0.8935
vn 0.0109 0.9494 0.3140
vn 0.2083 0.9777 -0.0262
vn -0.5803 -0.8132 -0.0438
vn 0.5283 0.6384 0.5598
vn 0.0562 0.7114 0.7005
vn -0.2737 0.9505 0.1468
vn -0.3152 0.9274 -0.2013
vn -0.5671 0.8213 0.0614
vn -0.0428 0.8369 0.5457
vn -0.0831 0.8048 -0.5878
vn -0.2116 0.7832 0.5846
vn -0.1146 0.9858 -0.1230
vn 0.6114 0.2229 0.7592
vn 0.9272 0.1869 0.3245
vn -0.0820 0.9640 -0.2529
vn -0.6070 0.7336 -0.3057
vn -0.8551 -0.2076 0.4751
vn -0.4133 0.8488 -0.3296
vn -0.1317 0.9910 -0.0235
vn 0.0536 0.5935 0.8031
vn -0.0077 0.6902 -0.7236
vn 0.1465 0.6274 -0.7648
vn 0.4401 0.7684 -0.4647
vn 0.8943 -0.2861 -0.3441
vn -0.1072 0.9921 0.0655
vn 0.0150 0.7870 0.6167
vn 0.8454 0.1928 0.4982
vn -0.0402 0.9047 0.4242
vn -0.2255 0.9279 0.2970
vn 0.6164 0.7575 0.2151
vn 0.2455 0.9694 -0.0022
vn -0.8859 0.3562 0.2970
vn 0.8665 0.4588 -0.1964
vn 0.8351 0.4620 -0.2984
vn 0.7199 0.6288 -0.2938
vn -0.2194 0.5228 -0.8237
vn -0.1521 0.5387 -0.8287
vn -0.8270 0.5218 0.2092
vn -0.0185 0.7541 -0.6565
vn -0.0048 0.7248 0.6890
vn 0.2552 -0.3449 0.9033
vn 0.1117 -0.0907 0.9896
vn 0.3621 -0.3535 0.8625
vn 0.0936 0.9543 -0.2838
vn 0.1316 0.6303 -0.7651
vn 0.2115 0.7390 -0.6396
vn 0.1386 0.9049 -0.4024
vn -0.9376 0.2656 -0.2245
vn 0.6153 -0.4072 0.6749
vn 0.3882 -0.4227 0.8189
vn 0.6269 0.7368 0.2533
vn -0.2455 -0.3774 0.8929
vn 0.0117 0.9896 0.1433
vn -0.6482 0.4781 0.5927
vn -0.2449 0.8962 -0.3699
vn 0.4788 0.8594 -0.1797
vn -0.8325 0.4431 0.3326
vn -0.6167 0.7537 0.2272
vn -0.3008 0.8525 0.4275
vn 0.0252 0.8689 -0.4944
vn 0.9119 0.1586 -0.3787
vn 0.6995 0.2341 0.6751
vn -0.4545 0.8641 0.2162
vn -0.4197 0.7891 0.4485
vn 0.2895 0.8643 -0.4113
vn -0.0207 0.9709 0.2386
vn 0.0526 0.9233 -0.3804
vn 0.0240 0.6847 -0.7284
vn -0.0198 0.6103 -0.7919
vn -0.9350 0.3094 -0.1732
vn -0.7721 0.2012 -0.6029
vn -0.0843 0.9873 0.1345
vn -0.2645 0.8790 -0.3968
vn -0.1005 0.8247 -0.5566
vn 0.1325 0.9793 0.1529
vn 0.4097 0.4728 -0.7801
vn 0.2721 0.6117 -0.7428
vn 0.0656 0.9276 -0.3678
vn -0.9462 0.2503 0.2051
vn -0.2385 0.6082 -0.7571
vn 0.6388 0.1829 -0.7473
vn -0.0521 0.9343 0.3526
vn -0.3704 0.9035 0.2157
vn 0.1358 0.9441 0.3003
vn -0.1830 0.9701 -0.1594
vn -0.4121 0.8862 -0.2118
vn -0.7172 0.6904 -0.0947
vn 0.0952 0.4794 -0.8724
vn 0.2569 0.0744 0.9636
vn 0.4078 0.0857 0.9090
vn -0.0810 0.6753 0.7330
vn 0.3171 0.7555 0.5733
vn 0.3008 0.6714 0.6774
vn -0.3590 0.9105 0.2052
vn 0.5627 0.7330 0.3821
vn -0.4744 0.0766 0.8770
vn -0.5147 0.4588 0.7243
vn 0.3451 0.7803 -0.5216
vn -0.8171 0.5704 -0.0839
vn -0.5599 0.8267 -0.0546
vn -0.3439 0.4636 -0.8166
vn -0.1864 -0.0060 0.9825
vn 0.7473 0.4264 -0.5096
vn 0.1504 0.3348 -0.9302
vn 0.1526 0.2126 0.9651
vn 0.5169 0.8277 -0.2185
vn -0.2170 0.9255 0.3104
vn -0.5029 0.8232 -0.2633
vn -0.9771 -0.1932 -0.0892
vn -0.9091 0.3256 -0.2600
vn -0.7318 0.4421 0.5187
vn 0.4807 0.0961 -0.8716
vn -0.8343 0.3468 0.4285
vn 0.8436 0.3254 0.4272
vn -0.1632 0.9400 0.2997
vn 0.8004 0.0381 -0.5982
vn -0.3040 0.7727 0.5573
vn -0.4028 0.1491 -0.9031
vn 0.0407 0.9839 0.1742
vn 0.5403 0.7806 0.3142
vn -0.5946 0.0336 -0.8033
vn -0.3316 0.6825 -0.6513
vn -0.2197 0.9603 0.1718
vn 0.0311 0.4520 0.8915
vn -0.3077 0.9123 0.2701
vn 0.4031 0.8819 0.2443
vn 0.4229 0.8807 0.2134
vn 0.4774 0.7234 0.4987
vn -0.5006 0.6245 0.5995
vn -0.7107 0.6095 -0.3512
vn -0.1380 0.9334 -0.3314
vn -0.3020 0.8847 -0.3550
vn 0.5490 -0.3905 -0.7390
vn 0.9250 0.3147 -0.2130
vn 0.1198 0.9922 0.0347
vn -0.8638 -0.5038 -0.0108
vn 0.2341 0.9495 0.2091
vn -0.9634 0.1442 -0.2261
vn -0.6979 0.7152 -0.0368
vn -0.1690 0.6357 -0.7532
vn 0.3381 -0.2108 0.9172
vn 0.2718 -0.1286 0.9537
vn 0.6851 0.3565 0.6353
vn -0.1961 0.6707 0.7154
vn 0.5737 0.2022 0.7938
vn 0.6226 0.3346 0.7074
vn -0.4095 -0.3065 -0.8593
vn -0.5294 -0.1543 -0.8342
vn -0.4632 0.8332 0.3021
vn -0.2372 0.9714 -0.0049
vn -0.5913 0.6469 -0.4815
vn 0.0729 0.0711 0.9948
vn 0.2516 -0.5039 0.8263
vn -0.0796 0.3975 0.9142
vn 0.9494 -0.0012 -0.3139
vn -0.8115 -0.4584 0.3625
vn 0.0172 -0.3821 0.9240
vn 0.7743 0.4244 0.4693
vn 0.8932 0.1322 0.4299
vn 0.5362 0.7471 -0.3929
vn -0.0551 0.9827 0.1769
vn -0.3607 0.9118 -0.1963
vn -0.0516 0.4074 0.9118
vn -0.8298 0.5294 -0.1764
vn -0.9450 0.1919 -0.2650
vn -0.1458 0.6151 0.7748
vn -0.0538 0.7687 0.6373
vn -0.2197 0.9629 0.1567
vn -0.6953 0.6295 -0.3467
vn 0.4988 0.7566 -0.4229
vn -0.2696 -0.1401 0.9527
vn -0.6304 -0.1601 0.7596
vn 0.1343 0.6705 -0.7297
vn -0.4643 0.0193 0.8855
vn -0.9832 0.1225 0.1356
vn 0.1243 0.9892 -0.0779
vn -0.9848 -0.1732 0.0155
vn -0.8533 0.0428 0.5196
vn -0.7193 0.3630 0.5923
vn 0.1078 0.1056 0.9885
vn -0.2038 0.3750 -0.9043
vn -0.6582 0.5784 -0.4820
vn -0.8020 0.5854 -0.1188
vn -0.4431 0.8309 0.3365
vn -0.9414 0.3362 0.0276
vn -0.0084 0.6706 -0.7418
vn -0.0682 0.9706 -0.2307
vn -0.0344 0.8737 -0.4852
vn -0.0206 0.8644 -0.5025
vn -0.3639 0.4675 -0.8056
vn -0.0663 0.4776 -0.8761
vn 0.2428 0.7558 0.6082
vn 0.4475 0.8365 -0.3164
vn -0.1809 0.8353 0.5191
vn 0.2921 0.6434 -0.7076
vn 0.3323 0.6773 -0.6564
vn -0.7566 0.0905 -0.6475
vn 0.1450 0.0224 -0.9892
vn -0.0339 0.9550 0.2945
vn 0.7608 0.5071 -0.4051
vn 0.1640 0.7803 -0.6036
vn 0.8568 0.5145 -0.0353
vn -0.5153 0.5960 -0.6158
vn -0.6844 0.7035 -0.1912
vn 0.0532 0.9971 0.0541
vn -0.1573 0.9876 -0.0020
vn -0.0042 -0.0316 -0.9995
vn 0.3272 0.8929 0.3094
vn -0.3147 0.9100 -0.2699
vn -0.1111 0.9795 -0.1679
vn -0.3678 0.9110 0.1867
vn -0.2235 0.5036 -0.8345
vn 0.2090 0.4934 0.8443
vn 0.2188 0.5232 0.8236
vn -0.5365 0.8415 0.0635
vn 0.7615 -0.2473 -0.5991
vn 0.2521 -0.1420 0.9572
vn -0.3056 0.8625 -0.4033
vn -0.4305 0.8252 -0.3657
vn 0.5332 0.6662 -0.5215
vn -0.1623 0.5706 0.8050
vn -0.0463 0.9746 -0.2192
vn 0.2406 0.9573 -0.1600
vn -0.9451 -0.3114 -0.0992
vn 0.0640 0.9931 0.0982
vn -0.3712 0.8925 -0.2562
vn -0.0092 -0.0645 0.9979
vn -0.1870 0.9599 -0.2090
vn 0.3082 -0.5758 0.7573
vn -0.1192 0.8953 0.4292
vn -0.0193 0.7745 -0.6322
vn -0.5350 0.7252 -0.4335
vn -0.4896 0.8075 0.3289
vn -0.1094 0.9763 -0.1866
vn -0.3299 0.8936 0.3043
vn -0.3979 0.5570 -0.7290
vn -0.3387 0.2180 -0.9153
vn -0.2999 0.6794 -0.6697
vn 0.0667 0.4451 -0.8930
vn -0.5280 0.8465 0.0677
vn 0.7552 0.3708 0.5405
vn -0.8969 0.2847 -0.3384
vn 0.2067 0.9501 0.2336
vn 0.0647 0.0928 0.9936
vn 0.2492 0.9503 -0.1868
vn -0.3801 0.5360 -0.7538
vn 0.3836 0.8003 -0.4608
vn 0.2911 -0.0420 0.9558
vn 0.3009 0.9006 0.3136
vn 0.5002 0.3986 0.7687
vn -0.2198 0.9622 0.1607
vn -0.7155 0.3152 0.6235
vn -0.3993 0.7113 0.5785
vn -0.5560 0.8029 0.2151
vn -0.4054 0.1156 0.9068
vn -0.1736 0.9767 0.1262
vn -0.5298 0.8443 0.0803
vn -0.2021 0.9620 0.1835
vn -0.1605 0.9451 0.2845
vn -0.1675 0.9852 -0.0373
vn 0.3877 -0.2696 0.8815
vn -0.3502 0.4777 -0.8057
vn -0.1401 0.7388 0.6592
vn -0.4656 0.8846 0.0273
vn -0.7962 0.5685 -0.2069
vn 0.4795 0.6829 -0.5511
vn -0.0045 0.7525 -0.6586
vn 0.5851 0.7938 -0.1659
vn 0.9934 0.1083 -0.0388
vn -0.7061 0.6097 -0.3602
vn 0.5722 0.7803 0.2524
vn 0.0178 -0.0477 -0.9987
vn 0.0336 0.9439 0.3285
vn 0.2874 0.5905 -0.7541
vn 0.7379 0.3020 0.6036
vn -0.1686 0.6859 0.7079
vn -0.0069 0.9763 0.2162
vn -0.4092 0.6573 -0.6329
vn -0.0552 -0.1679 0.9843
vn -0.7939 -0.1751 0.5824
vn 0.7122 0.5187 0.4731
vn 0.3185 0.9274 0.1964
vn -0.2528 0.1169 -0.9604
vn 0.2814 0.9491 0.1415
vn -0.1496 0.9328 -0.3278
vn -0.1952 0.4512 0.8708
vn -0.0904 0.9436 -0.3185
vn 0.9672 0.2298 0.1083
vn 0.2679 0.9037 -0.3341
vn 0.8011 0.5030 0.3244
vn 0.2072 0.8208 -0.5323
vn 0.4251 0.5642 -0.7078
vn 0.1670 0.8379 -0.5196
vn 0.1745 0.7572 0.6295
vn -0.5167 -0.2906 -0.8053
vn -0.2001 0.8983 0.3912
vn 0.1697 0.9835 -0.0625
vn 0.0188 0.5241 0.8515
vn 0.7557 0.4016 -0.5174
vn 0.8044 0.4572 -0.3792
vn 0.2654 0.9641 0.0102
vn -0.5688 0.7414 -0.3560
vn -0.4895 0.8265 0.2779
vn -0.1605 0.8642 -0.4769
vn -0.4122 0.3654 0.8346
vn -0.4240 0.7462 -0.5132
vn -0.0614 0.9706 0.2327
vn -0.7120 0.6490 0.2680
vn -0.0137 0.9670 0.2545
vn -0.0000 1.0000 -0.0000
vn 0.0222 0.8089 -0.5875
vn -0.0578 0.0510 0.9970
vn -0.3649 0.9219 0.1299
vn 0.0809 0.9018 0.4246
vn -0.1541 0.9747 0.1617
vn 0.2362 0.8270 -0.5102
vn -0.3094 0.8472 0.4318
vn -0.0622 0.9981 -0.0021
vn 0.5105 -0.5670 0.6465
vn -0.1033 0.4562 0.8838
vn 0.5041 0.7861 0.3578
vn -0.1438 0.8989 0.4139
vn -0.9290 0.2665 0.2567
vn -0.2467 0.9462 0.2095
vn 0.8040 0.5203 -0.2879
vn -0.3809 0.5844 0.7165
vn -0.3930 0.5288 0.7523
vn -0.3890 0.5820 0.7141
vn -0.4501 0.6010 0.6604
vn -0.1391 0.4668 -0.8734
vn -0.2911 0.5522 0.7812
vn -0.2644 0.8074 -0.5274
vn 0.4714 -0.2413 -0.8483
vn 0.9706 -0.2229 -0.0911
vn 0.7511 0.0265 0.6596
vn 0.2786 0.8685 0.4099
vn -0.8435 0.2395 0.4807
vn -0.0164 0.7979 0.6025
vn -0.3567 -0.5690 0.7409
vn 0.0850 0.9472 -0.3091
vn 0.0947 0.6268 -0.7734
vn -0.2565 0.3676 0.8939
vn 0.2294 0.9335 -0.2755
vn 0.2983 0.9178 -0.2620
vn 0.1218 0.9484 0.2926
vn -0.3271 0.1542 -0.9323
vn -0.0447 0.5809 0.8128
vn 0.2213 0.6743 -0.7045
vn 0.6263 0.4123 -0.6617
vn 0.1458 0.5970 0.7889
vn 0.5569 0.4825 -0.6760
vn 0.5063 0.4648 -0.7263
vn 0.4332 -0.5398 0.7218
vn -0.1950 0.9712 -0.1367
vn 0.3542 0.4729 -0.8068
vn 0.3469 0.8977 -0.2718
vn 0.4238 -0.2383 0.8739
vn 0.1093 0.2890 -0.9511
vn -0.2984 0.6424 0.7059
vn -0.6923 0.6992 -0.1786
vn 0.1162 0.8952 0.4303
vn -0.7111 0.5569 0.4292
vn -0.5944 0.7237 0.3507
vn -0.1343 0.9392 -0.3160
vn -0.5851 0.0196 -0.8107
vn -0.5189 0.8037 0.2912
vn -0.4245 0.6753 -0.6031
vn 0.3496 0.3257 -0.8785
vn -0.3509 0.9041 -0.2441
vn 0.7318 0.4379 -0.5223
vn 0.3204 -0.5766 0.7515
vn -0.2782 0.3612 -0.8900
vn -0.4807 0.5424 -0.6890
vn -0.1993 0.8098 0.5518
vn -0.2310 0.9692 0.0857
vn 0.4125 0.4173 -0.8098
vn -0.5478 0.7754 -0.3141
vn -0.1983 0.8217 0.5343
vn -0.1759 0.8292 0.5306
vn -0.7195 0.4945 0.4877
vn 0.2558 0.7785 -0.5732
vn -0.3065 0.8102 0.4997
vn -0.0048 0.9482 0.3175
vn -0.1471 0.8038 0.5764
vn -0.1572 0.8092 0.5661
vn -0.9177 0.1806 0.3539
vn 0.3924 0.0084 0.9198
vn 0.1417 0.7640 0.6295
vn 0.9672 0.1198 -0.2239
vt 0.168709 0.886230
vt 0.155899 0.903149
vt 0.151150 0.884592
vt 0.605167 0.245209
vt 0.631968 0.234899
vt 0.616353 0.260891
vt 0.615861 0.327800
vt 0.636999 0.327738
vt 0.634106 0.338499
vt 0.548197 0.126965
vt 0.532632 0.130816
vt 0.533366 0.110153
vt 0.165538 0.277808
vt 0.165530 0.305393
vt 0.144260 0.288156
vt 0.674145 0.220301
vt 0.683826 0.195390
vt 0.689003 0.220584
vt 0.596044 0.342488
vt 0.587897 0.326922
vt 0.310202 0.177253
vt 0.313799 0.194951
vt 0.299511 0.191271
vt 0.547153 0.833773
vt 0.563416 0.849931
vt 0.538161 0.852388
vt 0.854175 0.771229
vt 0.868020 0.791393
vt 0.829139 0.783438
vt 0.764392 0.406648
vt 0.737308 0.389129
vt 0.769159 0.365126
vt 0.845653 0.831863
vt 0.874007 0.853264
vt 0.819333 0.849025
vt 0.150797 0.613453
vt 0.148997 0.597083
vt 0.160050 0.609895
vt 0.032944 0.456711
vt 0.014288 0.467371
vt 0.019314 0.452243
vt 0.027961 0.532122
vt 0.039081 0.544218
vt 0.007618 0.536301
vt 0.491731 0.039075
vt 0.448077 0.033979
vt 0.464837 0.025013
vt 0.640476 0.472987
vt 0.675533 0.453572
vt 0.666056 0.481392
vt 0.618968 0.213916
vt 0.619589 0.230121
vt 0.608431 0.215471
vt 0.614066 0.006361
vt 0.628200 0.009241
vt 0.607596 0.011364
vt 0.537568 0.872806
vt 0.865199 0.180544
vt 0.858935 0.160897
vt 0.875621 0.158992
vt 0.819991 0.864815
vt 0.849363 0.870064
vt 0.824130 0.890298
vt 0.440464 0.193550
vt 0.432619 0.201136
vt 0.400188 0.193682
vt 0.592023 0.829871
vt 0.587125 0.809713
vt 0.606262 0.812290
vt 0.522621 0.164848
vt 0.480553 0.181157
vt 0.506124 0.145594
vt 0.896834 0.052522
vt 0.868217 0.082394
vt 0.874998 0.048895
vt 0.769916 0.926938
vt 0.797576 0.925814
vt 0.814799 0.952237
vt 0.603426 0.187390
vt 0.598380 0.200915
vt 0.604605 0.176066
vt 0.712974 0.834510
vt 0.703681 0.844931
vt 0.677122 0.816026
vt 0.752390 0.902806
vt 0.721381 0.891620
vt 0.746330 0.887600
vt 0.705506 0.687950
vt 0.704811 0.712323
vt 0.693008 0.695666
vt 0.459623 0.735678
vt 0.479408 0.728096
vt 0.504480 0.736015
vt 0.130227 0.903700
vt 0.146984 0.866594
vt 0.149953 0.921623
vt 0.643443 0.603909
vt 0.645811 0.579292
vt 0.652533 0.590788
vt 0.364131 0.450219
vt 0.387266 0.461725
vt 0.352458 0.457747
vt 0.203805 0.501685
vt 0.229459 0.498572
vt 0.214906 0.519685
vt 0.709051 0.816528
vt 0.730422 0.791614
vt 0.724321 0.824286
vt 0.771418 0.750220
vt 0.790825 0.778168
vt 0.768686 0.772935
vt 0.235114 0.121125
vt 0.243557 0.145829
vt 0.208309 0.148218
vt 0.551015 0.556319
vt 0.514066 0.561708
vt 0.545679 0.539567
vt 0.632795 0.580769
vt 0.612545 0.590280
vt 0.616215 0.581122
vt 0.551232 0.089872
vt 0.558726 0.115374
vt 0.533302 0.093472
vt 0.593211 0.748080
vt 0.611147 0.749107
vt 0.588973 0.751288
vt 0.812060 0.463865
vt 0.790017 0.490831
vt 0.784330 0.481346
vt 0.724856 0.172960
vt 0.735855 0.195665
vt 0.714934 0.223196
vt 0.114782 0.417491
vt 0.124342 0.434188
vt 0.103038 0.454635
vt 0.311623 0.069014
vt 0.336822 0.077463
vt 0.308115 0.080916
vt 0.068408 0.445081
vt 0.085669 0.450001
vt 0.058459 0.466281
vt 0.638087 0.283521
vt 0.678562 0.264328
vt 0.659336 0.288993
vt 0.748203 0.345874
vt 0.768405 0.336615
vt 0.747921 0.352708
vt 0.310679 0.716438
vt 0.320303 0.725015
vt 0.301211 0.743672
vt 0.125124 0.758051
vt 0.112415 0.771542
vt 0.096138 0.754994
vt 0.592317 0.546850
vt 0.904362 0.350232
vt 0.910510 0.297798
vt 0.929066 0.339973
vt 0.543247 0.976563
vt 0.533942 0.970415
vt 0.555821 0.973763
vt 0.320319 0.568151
vt 0.323785 0.574781
vt 0.312525 0.582876
vt 0.037788 0.955380
vt 0.044437 0.944842
vt 0.049722 0.964944
vt 0.655287 0.968159
vt 0.674336 0.972381
vt 0.666159 0.980722
vt 0.935240 0.271245
vt 0.936952 0.228819
vt 0.946668 0.250041
vt 0.590617 0.448520
vt 0.600232 0.434380
vt 0.613668 0.443566
vt 0.046256 0.663273
vt 0.073862 0.659460
vt 0.047195 0.676067
vt 0.442911 0.242861
vt 0.447275 0.263276
vt 0.438867 0.254295
vt 0.372635 0.924199
vt 0.344326 0.944449
vt 0.351207 0.914061
vt 0.199542 0.451343
vt 0.192703 0.439932
vt 0.222988 0.442642
vt 0.141846 0.809316
vt 0.109098 0.802840
vt 0.120504 0.787446
vt 0.508310 0.380376
vt 0.501056 0.402186
vt 0.493154 0.379481
vt 0.327319 0.882785
vt 0.355288 0.895587
vt 0.317543 0.888232
vt 0.961969 0.775961
vt 0.970649 0.792590
vt 0.950914 0.780863
vt 0.448567 0.738416
vt 0.458034 0.747175
vt 0.444963 0.757041
vt 0.197269 0.820589
vt 0.197708 0.833651
vt 0.185211 0.845284
vt 0.099793 0.454358
vt 0.086290 0.476320
vt 0.757778 0.185195
vt 0.762805 0.169637
vt 0.784594 0.190232
vt 0.153278 0.150494
vt 0.139887 0.122582
vt 0.159918 0.133563
vt 0.525443 0.117934
vt 0.498647 0.098444
vt 0.124304 0.078239
vt 0.142716 0.081319
vt 0.151641 0.096976
vt 0.078365 0.626216
vt 0.076668 0.637000
vt 0.061906 0.621908
vt 0.121217 0.885024
vt 0.106440 0.881649
vt 0.124113 0.867623
vt 0.104612 0.337740
vt 0.088006 0.323122
vt 0.100337 0.285286
vt 0.132011 0.525328
vt 0.106827 0.527943
vt 0.114345 0.509686
vt 0.177117 0.549372
vt 0.156852 0.545871
vt 0.163762 0.528672
vt 0.132131 0.184332
vt 0.128492 0.202498
vt 0.116443 0.184292
vt 0.842695 0.043692
vt 0.852066 0.059657
vt 0.830808 0.055920
vt 0.488141 0.399303
vt 0.450725 0.361612
vt 0.435975 0.364724
vt 0.434320 0.333710
vt 0.714078 0.435879
vt 0.710357 0.457012
vt 0.658979 0.424737
vt 0.678899 0.434594
vt 0.662764 0.439254
vt 0.227949 0.335292
vt 0.224962 0.309477
vt 0.242154 0.327964
vt 0.587531 0.096637
vt 0.587296 0.110417
vt 0.566353 0.095693
vt 0.607019 0.110803
vt 0.606156 0.122363
vt 0.591869 0.106100
vt 0.138427 0.588097
vt 0.127908 0.596492
vt 0.137616 0.563842
vt 0.674538 0.547933
vt 0.662108 0.526916
vt 0.675863 0.535135
vt 0.690114 0.506452
vt 0.668934 0.502412
vt 0.815852 0.039582
vt 0.824168 0.017697
vt 0.821655 0.047805
vt 0.905811 0.917413
vt 0.891924 0.916094
vt 0.892879 0.892008
vt 0.354959 0.224112
vt 0.340018 0.247142
vt 0.330020 0.230187
vt 0.340767 0.463374
vt 0.332862 0.465911
vt 0.329722 0.454865
vt 0.306226 0.819925
vt 0.300769 0.809505
vt 0.331119 0.822057
vt 0.345304 0.876879
vt 0.307516 0.864120
vt 0.335810 0.859811
vt 0.008933 0.547252
vt 0.027352 0.569824
vt 0.007494 0.576144
vt 0.609529 0.526327
vt 0.609366 0.537910
vt 0.566858 0.538000
vt 0.640410 0.520461
vt 0.648869 0.515549
vt 0.656793 0.522667
vt 0.769118 0.314484
vt 0.797002 0.321795
vt 0.776659 0.328524
vt 0.534002 0.209380
vt 0.545531 0.181408
vt 0.556132 0.196463
vt 0.734184 0.559488
vt 0.721619 0.548980
vt 0.759204 0.562918
vt 0.426640 0.332073
vt 0.418225 0.352110
vt 0.378731 0.356210
vt 0.346946 0.345619
vt 0.373691 0.333054
vt 0.127639 0.351977
vt 0.137654 0.330380
vt 0.152807 0.330006
vt 0.194832 0.308081
vt 0.186507 0.327430
vt 0.418447 0.292936
vt 0.402121 0.267759
vt 0.409344 0.237530
vt 0.210630 0.678780
vt 0.223496 0.677765
vt 0.220278 0.685537
vt 0.148286 0.558173
vt 0.150616 0.533385
vt 0.079278 0.147486
vt 0.087314 0.174059
vt 0.068239 0.168451
vt 0.903394 0.872179
vt 0.932202 0.888776
vt 0.914739 0.904953
vt 0.683860 0.089714
vt 0.672598 0.072235
vt 0.692044 0.058591
vt 0.241954 0.271573
vt 0.207060 0.236564
vt 0.221576 0.239957
vt 0.384530 0.241714
vt 0.371066 0.224312
vt 0.392554 0.230449
vt 0.691745 0.496783
vt 0.685531 0.480575
vt 0.704649 0.495442
vt 0.695037 0.541777
vt 0.699985 0.532635
vt 0.713891 0.549853
vt 0.579107 0.274848
vt 0.566253 0.242419
vt 0.583238 0.249206
vt 0.331248 0.125512
vt 0.310324 0.111345
vt 0.351220 0.086503
vt 0.372451 0.205592
vt 0.385432 0.183911
vt 0.403160 0.147046
vt 0.390874 0.174072
vt 0.388299 0.154543
vt 0.157959 0.435395
vt 0.093599 0.478036
vt 0.157575 0.423710
vt 0.796705 0.103930
vt 0.808825 0.126904
vt 0.795335 0.123999
vt 0.933855 0.279833
vt 0.936528 0.312589
vt 0.915218 0.263890
vt 0.538611 0.312335
vt 0.538193 0.330019
vt 0.520370 0.331748
vt 0.556600 0.255655
vt 0.569047 0.277112
vt 0.554453 0.281428
vt 0.084750 0.345609
vt 0.082658 0.362125
vt 0.078503 0.347966
vt 0.837793 0.112251
vt 0.863876 0.121109
vt 0.850358 0.140246
vt 0.827293 0.188660
vt 0.815449 0.198455
vt 0.816828 0.177100
vt 0.820169 0.317885
vt 0.802379 0.305200
vt 0.829781 0.296894
vt 0.777726 0.751097
vt 0.810574 0.774593
vt 0.124381 0.547453
vt 0.139812 0.541178
vt 0.159368 0.786374
vt 0.180360 0.769510
vt 0.156207 0.817717
vt 0.122986 0.652365
vt 0.150974 0.660495
vt 0.113594 0.674954
vt 0.614349 0.634612
vt 0.625916 0.659365
vt 0.604031 0.654395
vt 0.112470 0.533427
vt 0.239848 0.913640
vt 0.213535 0.925338
vt 0.220680 0.909626
vt 0.570444 0.190139
vt 0.579802 0.202320
vt 0.563216 0.201515
vt 0.491859 0.314236
vt 0.478035 0.316790
vt 0.478989 0.306887
vt 0.466583 0.343264
vt 0.754308 0.778977
vt 0.799480 0.801435
vt 0.736727 0.778826
vt 0.860937 0.055909
vt 0.860641 0.040118
vt 0.910580 0.968338
vt 0.897522 0.956606
vt 0.922518 0.961423
vt 0.709700 0.565819
vt 0.697219 0.562418
vt 0.895981 0.398216
vt 0.900246 0.371720
vt 0.910409 0.398432
vt 0.255603 0.100700
vt 0.262226 0.113540
vt 0.619032 0.400791
vt 0.607309 0.397827
vt 0.615907 0.384261
vt 0.651560 0.386372
vt 0.622516 0.401686
vt 0.625663 0.381705
vt 0.342984 0.068002
vt 0.430098 0.264027
vt 0.431929 0.299059
vt 0.926822 0.138318
vt 0.895180 0.121640
vt 0.929740 0.127355
vt 0.264306 0.128174
vt 0.320793 0.378692
vt 0.306653 0.378789
vt 0.304928 0.368750
vt 0.317373 0.420333
vt 0.333928 0.398277
vt 0.351712 0.406665
vt 0.768315 0.145453
vt 0.784079 0.136444
vt 0.778060 0.154808
vt 0.421576 0.993102
vt 0.411157 0.981991
vt 0.414321 0.957861
vt 0.648533 0.314132
vt 0.641535 0.308424
vt 0.684522 0.343835
vt 0.689237 0.329587
vt 0.697806 0.341257
vt 0.710341 0.956225
vt 0.729789 0.937261
vt 0.733451 0.960477
vt 0.446412 0.244216
vt 0.461313 0.224246
vt 0.464205 0.241206
vt 0.569896 0.522968
vt 0.552251 0.514457
vt 0.577359 0.495216
vt 0.228578 0.442222
vt 0.208530 0.476001
vt 0.210647 0.457028
vt 0.178358 0.474613
vt 0.194475 0.485743
vt 0.168117 0.497851
vt 0.163626 0.146900
vt 0.186631 0.138341
vt 0.410345 0.027138
vt 0.395857 0.008132
vt 0.402636 0.008372
vt 0.216491 0.690009
vt 0.205569 0.698650
vt 0.077927 0.845714
vt 0.098140 0.826208
vt 0.119496 0.845221
vt 0.901793 0.184699
vt 0.901908 0.157612
vt 0.913806 0.175904
vt 0.887030 0.169918
vt 0.887878 0.191775
vt 0.821967 0.929509
vt 0.834803 0.954771
vt 0.718120 0.039046
vt 0.742398 0.042533
vt 0.714799 0.060316
vt 0.243065 0.845295
vt 0.251538 0.835565
vt 0.263763 0.864703
vt 0.257017 0.868668
vt 0.195843 0.449599
vt 0.182560 0.452665
vt 0.184978 0.440859
vt 0.297023 0.047222
vt 0.302982 0.063690
vt 0.296199 0.070001
vt 0.060334 0.222349
vt 0.059210 0.208291
vt 0.077870 0.220897
vt 0.444894 0.174545
vt 0.457616 0.145349
vt 0.456756 0.169606
vt 0.579780 0.288742
vt 0.571500 0.303417
vt 0.568669 0.307835
vt 0.695806 0.268621
vt 0.684207 0.286198
vt 0.672059 0.284579
vt 0.679903 0.319368
vt 0.660115 0.325207
vt 0.255046 0.566642
vt 0.242342 0.561013
vt 0.266374 0.539298
vt 0.095463 0.533710
vt 0.080052 0.530918
vt 0.103197 0.505522
vt 0.133273 0.105290
vt 0.094259 0.144082
vt 0.094506 0.119482
vt 0.113037 0.128487
vt 0.423626 0.318198
vt 0.129016 0.167656
vt 0.098057 0.173857
vt 0.578161 0.442674
vt 0.562479 0.457259
vt 0.545645 0.449727
vt 0.071036 0.966474
vt 0.102506 0.950156
vt 0.085950 0.971795
vt 0.070294 0.368505
vt 0.082959 0.367400
vt 0.064213 0.380918
vt 0.172700 0.678337
vt 0.198276 0.669613
vt 0.186756 0.685665
vt 0.163616 0.696285
vt 0.184049 0.709068
vt 0.173456 0.717320
vt 0.241456 0.430241
vt 0.242164 0.452154
vt 0.942397 0.904249
vt 0.944956 0.916697
vt 0.933276 0.938100
vt 0.491766 0.237750
vt 0.475239 0.211486
vt 0.490576 0.206424
vt 0.241337 0.235646
vt 0.225314 0.234433
vt 0.219993 0.221803
vt 0.092265 0.501492
vt 0.111662 0.486509
vt 0.105872 0.496542
vt 0.097134 0.490875
vt 0.929172 0.454530
vt 0.948854 0.434883
vt 0.952617 0.450754
vt 0.913123 0.472686
vt 0.941191 0.469461
vt 0.943160 0.484231
vt 0.269228 0.622831
vt 0.264081 0.636086
vt 0.247188 0.642364
vt 0.613191 0.759117
vt 0.564832 0.780150
vt 0.553590 0.763449
vt 0.552182 0.806339
vt 0.531378 0.804533
vt 0.540608 0.793553
vt 0.095638 0.280285
vt 0.081016 0.295394
vt 0.088826 0.259155
vt 0.774661 0.092530
vt 0.758652 0.084761
vt 0.771899 0.072112
vt 0.542799 0.609456
vt 0.520382 0.608986
vt 0.541423 0.595205
vt 0.343882 0.022399
vt 0.340934 0.051890
vt 0.321507 0.047728
vt 0.311802 0.046751
vt 0.311368 0.023804
vt 0.537289 0.151582
vt 0.557510 0.358782
vt 0.533770 0.353678
vt 0.560345 0.332101
vt 0.530046 0.385938
vt 0.521814 0.363509
vt 0.545837 0.379003
vt 0.137203 0.177780
vt 0.646809 0.749933
vt 0.661445 0.760903
vt 0.635485 0.773861
vt 0.818491 0.158685
vt 0.805878 0.161629
vt 0.811621 0.147926
vt 0.542580 0.736425
vt 0.532099 0.753311
vt 0.521914 0.738119
vt 0.949255 0.793293
vt 0.967026 0.813169
vt 0.946712 0.804256
vt 0.917348 0.801026
vt 0.933626 0.785743
vt 0.916953 0.815819
vt 0.105498 0.704874
vt 0.120338 0.695107
vt 0.121768 0.720352
vt 0.446494 0.115893
vt 0.452648 0.127232
vt 0.434913 0.132239
vt 0.481734 0.064625
vt 0.481206 0.085009
vt 0.466717 0.089229
vt 0.673956 0.858855
vt 0.718078 0.855813
vt 0.728789 0.871793
vt 0.639763 0.900241
vt 0.647591 0.882175
vt 0.673894 0.907421
vt 0.132290 0.240529
vt 0.149811 0.218928
vt 0.170523 0.244560
vt 0.461444 0.399371
vt 0.470593 0.373537
vt 0.473413 0.400326
vt 0.372717 0.806484
vt 0.384142 0.829049
vt 0.335177 0.809873
vt 0.398114 0.852495
vt 0.353679 0.821576
vt 0.388809 0.838026
vt 0.653578 0.730076
vt 0.632412 0.736262
vt 0.671895 0.722228
vt 0.103059 0.910165
vt 0.050771 0.927352
vt 0.081027 0.898239
vt 0.940820 0.883751
vt 0.967988 0.878680
vt 0.966245 0.884477
vt 0.071107 0.722664
vt 0.083409 0.708770
vt 0.091802 0.734918
vt 0.663828 0.776801
vt 0.673759 0.768808
vt 0.689049 0.778733
vt 0.642665 0.780220
vt 0.115361 0.216493
vt 0.095600 0.207256
vt 0.099270 0.193857
vt 0.189596 0.812255
vt 0.186262 0.776040
vt 0.194800 0.792342
vt 0.885490 0.802175
vt 0.133121 0.644448
vt 0.139380 0.654851
vt 0.077594 0.888456
vt 0.256171 0.290292
vt 0.225850 0.291348
vt 0.264348 0.331842
vt 0.261843 0.307177
vt 0.552193 0.736243
vt 0.831614 0.558483
vt 0.824653 0.565929
vt 0.811633 0.575302
vt 0.507251 0.587147
vt 0.507174 0.580692
vt 0.538556 0.578458
vt 0.515916 0.601138
vt 0.507996 0.592238
vt 0.186125 0.430042
vt 0.165641 0.433979
vt 0.169312 0.422266
vt 0.383690 0.260646
vt 0.366754 0.245505
vt 0.420328 0.087461
vt 0.395164 0.085745
vt 0.419086 0.073200
vt 0.219956 0.538476
vt 0.234455 0.557616
vt 0.216344 0.555188
vt 0.403081 0.045796
vt 0.432044 0.040556
vt 0.245344 0.064768
vt 0.223616 0.074817
vt 0.228195 0.066096
vt 0.477456 0.764660
vt 0.452600 0.778815
vt 0.513086 0.797089
vt 0.488309 0.757488
vt 0.515264 0.765520
vt 0.016884 0.390493
vt 0.021447 0.411810
vt 0.005195 0.402889
vt 0.784905 0.873273
vt 0.781265 0.885735
vt 0.776787 0.272414
vt 0.746088 0.265009
vt 0.776371 0.251616
vt 0.914820 0.719761
vt 0.922714 0.742724
vt 0.915599 0.733075
vt 0.766476 0.891743
vt 0.604364 0.572273
vt 0.605175 0.547144
vt 0.622947 0.555908
vt 0.598077 0.594639
vt 0.383668 0.493443
vt 0.398808 0.503565
vt 0.398452 0.510081
vt 0.406808 0.308692
vt 0.411064 0.333092
vt 0.397861 0.309194
vt 0.365140 0.311597
vt 0.360035 0.325169
vt 0.352860 0.304273
vt 0.570669 0.932045
vt 0.574994 0.904850
vt 0.580083 0.934235
vt 0.853712 0.089903
vt 0.878804 0.092853
vt 0.900584 0.106334
vt 0.915344 0.090254
vt 0.918095 0.099708
vt 0.767670 0.556133
vt 0.746701 0.544480
vt 0.763038 0.531189
vt 0.861482 0.878283
vt 0.872238 0.897400
vt 0.839817 0.915657
vt 0.368356 0.160310
vt 0.362326 0.130261
vt 0.365258 0.117234
vt 0.412621 0.102805
vt 0.417749 0.119711
vt 0.396133 0.117289
vt 0.525569 0.547556
vt 0.525217 0.623539
vt 0.522697 0.615934
vt 0.086924 0.242104
vt 0.085258 0.208079
vt 0.499507 0.815895
vt 0.515049 0.826585
vt 0.504464 0.822055
vt 0.719620 0.596773
vt 0.677118 0.580041
vt 0.268382 0.057480
vt 0.288419 0.039746
vt 0.293430 0.054299
vt 0.300187 0.030224
vt 0.289361 0.029890
vt 0.408916 0.882334
vt 0.430377 0.910931
vt 0.412170 0.910416
vt 0.243263 0.867416
vt 0.251447 0.873795
vt 0.236542 0.872652
vt 0.218620 0.858573
vt 0.225353 0.849637
vt 0.739572 0.913637
vt 0.720424 0.914463
vt 0.715897 0.903681
vt 0.751863 0.924825
vt 0.811839 0.131158
vt 0.829356 0.144465
vt 0.433755 0.122833
vt 0.416820 0.139283
vt 0.424057 0.121634
vt 0.431502 0.109353
vt 0.366824 0.313429
vt 0.392378 0.307987
vt 0.369693 0.323211
vt 0.897496 0.502181
vt 0.880146 0.490471
vt 0.902313 0.489304
vt 0.607961 0.867053
vt 0.621098 0.835956
vt 0.689815 0.410594
vt 0.674382 0.405493
vt 0.673618 0.374091
vt 0.659387 0.415166
vt 0.562191 0.239787
vt 0.536596 0.230714
vt 0.555275 0.202283
vt 0.881448 0.241927
vt 0.902811 0.247518
vt 0.907008 0.261773
vt 0.329448 0.780592
vt 0.327250 0.771037
vt 0.353504 0.782603
vt 0.740282 0.619459
vt 0.739250 0.649570
vt 0.714937 0.645670
vt 0.222663 0.205957
vt 0.219997 0.193772
vt 0.236966 0.199505
vt 0.641023 0.546549
vt 0.628908 0.555931
vt 0.623257 0.538125
vt 0.472381 0.136651
vt 0.480894 0.153925
vt 0.471543 0.152502
vt 0.394411 0.393387
vt 0.385935 0.429269
vt 0.365856 0.409022
vt 0.132940 0.925311
vt 0.156002 0.959979
vt 0.165849 0.972767
vt 0.153990 0.968027
vt 0.946741 0.423772
vt 0.951333 0.406781
vt 0.955540 0.413581
vt 0.250215 0.160134
vt 0.254549 0.168579
vt 0.103843 0.218052
vt 0.100999 0.251395
vt 0.279403 0.093719
vt 0.290975 0.100145
vt 0.277895 0.115054
vt 0.293241 0.060098
vt 0.691384 0.397325
vt 0.676814 0.365406
vt 0.681206 0.362656
vt 0.850110 0.861886
vt 0.876698 0.868354
vt 0.849703 0.197131
vt 0.871370 0.208232
vt 0.856443 0.215565
vt 0.622350 0.572542
vt 0.644040 0.565006
vt 0.684336 0.255111
vt 0.654689 0.249215
vt 0.685013 0.244540
vt 0.023038 0.596641
vt 0.055038 0.594953
vt 0.037940 0.610092
vt 0.734399 0.702657
vt 0.723672 0.707383
vt 0.379161 0.104760
vt 0.252911 0.895496
vt 0.277512 0.897696
vt 0.304483 0.960726
vt 0.307512 0.937137
vt 0.324419 0.955453
vt 0.516657 0.375257
vt 0.262362 0.497346
vt 0.249981 0.478640
vt 0.277446 0.488336
vt 0.465303 0.192890
vt 0.492965 0.189311
vt 0.593733 0.522372
vt 0.583568 0.504694
vt 0.611791 0.507640
vt 0.142281 0.212943
vt 0.126662 0.218962
vt 0.141999 0.204936
vt 0.602022 0.156330
vt 0.562567 0.152549
vt 0.579603 0.132567
vt 0.985044 0.765970
vt 0.968942 0.773040
vt 0.962573 0.766378
vt 0.348901 0.199796
vt 0.357143 0.155746
vt 0.677733 0.718037
vt 0.696797 0.707583
vt 0.667469 0.586946
vt 0.668313 0.570753
vt 0.242643 0.663261
vt 0.251381 0.653982
vt 0.145973 0.498197
vt 0.061759 0.605468
vt 0.196816 0.069749
vt 0.219677 0.081084
vt 0.185141 0.089927
vt 0.873519 0.964495
vt 0.877827 0.952475
vt 0.882883 0.968810
vt 0.921741 0.945964
vt 0.909730 0.949550
vt 0.629498 0.688796
vt 0.614871 0.698326
vt 0.607571 0.682612
vt 0.989920 0.775046
vt 0.117367 0.728799
vt 0.139515 0.735224
vt 0.131620 0.738609
vt 0.111024 0.749665
vt 0.849237 0.933974
vt 0.853438 0.952174
vt 0.799919 0.055494
vt 0.767741 0.065815
vt 0.762787 0.048191
vt 0.368077 0.936438
vt 0.386117 0.968404
vt 0.557925 0.788566
vt 0.571328 0.820052
vt 0.568487 0.804635
vt 0.714269 0.393892
vt 0.720122 0.421044
vt 0.696959 0.389254
vt 0.448458 0.084848
vt 0.452735 0.079536
vt 0.442693 0.096490
vt 0.439505 0.082051
vt 0.262226 0.728889
vt 0.287871 0.730088
vt 0.255190 0.737056
vt 0.072639 0.856893
vt 0.066516 0.884939
vt 0.058903 0.870046
vt 0.956037 0.829825
vt 0.939859 0.819173
vt 0.969389 0.818126
vt 0.590219 0.904157
vt 0.606229 0.920254
vt 0.594091 0.925634
vt 0.707092 0.038480
vt 0.662488 0.034209
vt 0.670313 0.026602
vt 0.338601 0.415774
vt 0.325404 0.439086
vt 0.322630 0.430668
vt 0.174571 0.183308
vt 0.164073 0.184926
vt 0.157354 0.176128
vt 0.665372 0.633741
vt 0.639992 0.651859
vt 0.635718 0.644657
vt 0.900147 0.087660
vt 0.314711 0.566521
vt 0.302573 0.558886
vt 0.577878 0.178242
vt 0.592239 0.165759
vt 0.875826 0.352878
vt 0.876625 0.382741
vt 0.851824 0.392484
vt 0.273922 0.532981
vt 0.310772 0.532280
vt 0.279282 0.551111
vt 0.917162 0.106090
vt 0.770880 0.171671
vt 0.791646 0.168415
vt 0.658600 0.618680
vt 0.186167 0.025562
vt 0.191672 0.045723
vt 0.166920 0.053998
vt 0.169832 0.565827
vt 0.166952 0.574421
vt 0.157019 0.552184
vt 0.167702 0.555046
vt 0.290694 0.788475
vt 0.291123 0.816831
vt 0.271736 0.791044
vt 0.715025 0.530668
vt 0.705801 0.526181
vt 0.710099 0.508922
vt 0.250366 0.522467
vt 0.261832 0.505345
vt 0.282391 0.507886
vt 0.288811 0.523297
vt 0.345165 0.173668
vt 0.681560 0.238270
vt 0.678434 0.237517
vt 0.747177 0.479965
vt 0.734873 0.491737
vt 0.745002 0.457951
vt 0.323797 0.150713
vt 0.322577 0.169547
vt 0.304933 0.166347
vt 0.312334 0.147518
vt 0.290290 0.154542
vt 0.312433 0.131129
vt 0.150019 0.477796
vt 0.142605 0.488809
vt 0.132431 0.479746
vt 0.176485 0.596550
vt 0.174037 0.615270
vt 0.639696 0.119223
vt 0.654992 0.128309
vt 0.643922 0.148697
vt 0.080206 0.264597
vt 0.076843 0.271551
vt 0.065941 0.297754
vt 0.657270 0.193766
vt 0.669675 0.151405
vt 0.686261 0.162331
vt 0.921661 0.439515
vt 0.902035 0.419114
vt 0.912250 0.415343
vt 0.925662 0.416043
vt 0.929463 0.407271
vt 0.928199 0.429061
vt 0.258498 0.805618
vt 0.262514 0.790423
vt 0.270813 0.810813
vt 0.776367 0.209351
vt 0.770185 0.209212
vt 0.204594 0.905939
vt 0.086121 0.766287
vt 0.074744 0.741445
vt 0.088142 0.764851
vt 0.494451 0.185738
vt 0.517244 0.183997
vt 0.537436 0.188874
vt 0.509128 0.204629
vt 0.368498 0.067990
vt 0.384396 0.090825
vt 0.362551 0.107168
vt 0.340920 0.129754
vt 0.021539 0.433038
vt 0.003078 0.433353
vt 0.759222 0.438113
vt 0.757949 0.459282
vt 0.742979 0.451485
vt 0.757228 0.466211
vt 0.608928 0.355713
vt 0.591093 0.354664
vt 0.649462 0.368539
vt 0.591637 0.373412
vt 0.574579 0.383399
vt 0.570496 0.364527
vt 0.601418 0.376423
vt 0.509040 0.352861
vt 0.525258 0.354480
vt 0.949939 0.380599
vt 0.945111 0.341546
vt 0.959102 0.380113
vt 0.265001 0.827454
vt 0.276548 0.847345
vt 0.949633 0.307559
vt 0.957001 0.323116
vt 0.950105 0.333140
vt 0.463713 0.939444
vt 0.477522 0.955435
vt 0.461561 0.946884
vt 0.491341 0.958097
vt 0.500356 0.969939
vt 0.893811 0.346994
vt 0.884026 0.353825
vt 0.889809 0.329103
vt 0.870819 0.328822
vt 0.874291 0.318678
vt 0.880357 0.331111
vt 0.003395 0.421469
vt 0.138060 0.642431
vt 0.148140 0.639914
vt 0.243323 0.580813
vt 0.249367 0.574512
vt 0.874607 0.149009
vt 0.835098 0.144696
vt 0.358834 0.217906
vt 0.656718 0.664047
vt 0.640663 0.677482
vt 0.658836 0.701525
vt 0.400133 0.915461
vt 0.378991 0.908931
vt 0.403640 0.910918
vt 0.388672 0.944096
vt 0.219953 0.022993
vt 0.229881 0.027314
vt 0.227318 0.037795
vt 0.956670 0.476850
vt 0.465296 0.248959
vt 0.487173 0.274103
vt 0.472143 0.277930
vt 0.348241 0.330755
vt 0.023759 0.490709
vt 0.063675 0.498418
vt 0.048599 0.518622
vt 0.576002 0.795741
vt 0.638366 0.938374
vt 0.625305 0.960622
vt 0.614892 0.941238
vt 0.606143 0.955027
vt 0.612332 0.469758
vt 0.592137 0.483826
vt 0.588941 0.466465
vt 0.565677 0.483429
vt 0.555934 0.473045
vt 0.558057 0.462791
vt 0.574412 0.623125
vt 0.567981 0.633750
vt 0.556456 0.608839
vt 0.581807 0.587403
vt 0.600702 0.580388
vt 0.720876 0.757177
vt 0.717758 0.766119
vt 0.898905 0.520163
vt 0.901659 0.512354
vt 0.937141 0.522305
vt 0.030308 0.659502
vt 0.043243 0.636540
vt 0.050397 0.641701
vt 0.058553 0.645623
vt 0.063832 0.638756
vt 0.080812 0.645939
vt 0.519545 0.502665
vt 0.543679 0.494818
vt 0.542676 0.509742
vt 0.641016 0.970129
vt 0.653178 0.986589
vt 0.148018 0.835311
vt 0.153709 0.839025
vt 0.688505 0.887689
vt 0.697014 0.901332
vt 0.346728 0.863930
vt 0.364642 0.873731
vt 0.817023 0.969220
vt 0.163733 0.946886
vt 0.455771 0.022773
vt 0.431717 0.025969
vt 0.921205 0.457094
vt 0.903395 0.445206
vt 0.239104 0.182887
vt 0.227501 0.160391
vt 0.689717 0.518163
vt 0.680671 0.515984
vt 0.701598 0.521696
vt 0.356833 0.960348
vt 0.322470 0.946816
vt 0.683073 0.310514
vt 0.662941 0.303747
vt 0.693342 0.295123
vt 0.571414 0.081698
vt 0.630557 0.909343
vt 0.643302 0.927110
vt 0.713426 0.255694
vt 0.695968 0.245815
vt 0.718000 0.234946
vt 0.535929 0.979000
vt 0.070314 0.317421
vt 0.719396 0.745777
vt 0.714305 0.762329
vt 0.690380 0.760767
vt 0.066248 0.712479
vt 0.782593 0.522979
vt 0.783958 0.528420
vt 0.441758 0.927805
vt 0.450028 0.943039
vt 0.434970 0.930735
vt 0.460673 0.969122
vt 0.450569 0.970736
vt 0.455690 0.957089
vt 0.788937 0.510913
vt 0.773630 0.505824
vt 0.803570 0.509714
vt 0.857169 0.799397
vt 0.886074 0.472736
vt 0.882103 0.438687
vt 0.899704 0.472645
vt 0.909204 0.489319
vt 0.925327 0.515078
vt 0.566429 0.214202
vt 0.125890 0.746418
vt 0.320567 0.019885
vt 0.459397 0.112346
vt 0.482050 0.121945
vt 0.344642 0.209574
vt 0.334460 0.218319
vt 0.306778 0.208718
vt 0.709548 0.734713
vt 0.878672 0.929332
vt 0.992576 0.735117
vt 0.987054 0.711583
vt 0.994600 0.720195
vt 0.950126 0.733545
vt 0.981751 0.726877
vt 0.955994 0.739953
vt 0.510337 0.115926
vt 0.492178 0.120108
vt 0.478448 0.105730
vt 0.917219 0.144618
vt 0.045731 0.444602
vt 0.037297 0.435927
vt 0.045281 0.421923
vt 0.053565 0.432802
vt 0.589548 0.422959
vt 0.576251 0.406317
vt 0.241893 0.356477
vt 0.012929 0.367389
vt 0.034424 0.384824
vt 0.012344 0.374063
vt 0.751332 0.057976
vt 0.731590 0.071292
vt 0.752368 0.065583
vt 0.731991 0.084788
vt 0.775768 0.591629
vt 0.752878 0.572795
vt 0.793116 0.586976
vt 0.640794 0.252309
vt 0.927206 0.942187
vt 0.587985 0.562830
vt 0.140079 0.461793
vt 0.109556 0.479938
vt 0.098027 0.560312
vt 0.093430 0.539127
vt 0.115107 0.557410
vt 0.791280 0.148382
vt 0.290668 0.821535
vt 0.309599 0.829085
vt 0.305432 0.832576
vt 0.762160 0.244851
vt 0.313489 0.412446
vt 0.755631 0.741383
vt 0.753273 0.755382
vt 0.563872 0.873704
vt 0.574588 0.884968
vt 0.562502 0.894704
vt 0.229222 0.648485
vt 0.238517 0.669820
vt 0.211809 0.659366
vt 0.103979 0.932148
vt 0.085392 0.953068
vt 0.080096 0.924281
vt 0.780105 0.084715
vt 0.791745 0.064235
vt 0.818192 0.087289
vt 0.467225 0.167326
vt 0.661426 0.309220
vt 0.453736 0.434971
vt 0.447651 0.398470
vt 0.606183 0.745023
vt 0.590215 0.716187
vt 0.617607 0.711337
vt 0.801721 0.169953
vt 0.797239 0.161222
vt 0.868035 0.863217
vt 0.924181 0.870277
vt 0.562261 0.531955
vt 0.588753 0.526183
vt 0.725892 0.617962
vt 0.746779 0.606935
vt 0.180279 0.585335
vt 0.746759 0.836706
vt 0.772946 0.844997
vt 0.754002 0.850227
vt 0.510754 0.310613
vt 0.482875 0.290744
vt 0.792633 0.339501
vt 0.786434 0.376188
vt 0.502702 0.192565
vt 0.501006 0.217278
vt 0.735537 0.670943
vt 0.732445 0.681788
vt 0.724051 0.662425
vt 0.909377 0.073189
vt 0.893236 0.072369
vt 0.908183 0.058859
vt 0.181652 0.416465
vt 0.156253 0.396745
vt 0.177352 0.404902
vt 0.162586 0.412370
vt 0.688680 0.971634
vt 0.724157 0.970882
vt 0.711659 0.973689
vt 0.734107 0.845258
vt 0.752207 0.859836
vt 0.777545 0.861783
vt 0.756564 0.871824
vt 0.937485 0.381096
vt 0.724503 0.353903
vt 0.717700 0.367658
vt 0.703543 0.359647
vt 0.216405 0.426361
vt 0.235851 0.429387
vt 0.873062 0.782763
vt 0.813558 0.283728
vt 0.800997 0.256297
vt 0.823919 0.267552
vt 0.712210 0.889162
vt 0.745836 0.878497
vt 0.364573 0.482153
vt 0.341337 0.489498
vt 0.831485 0.280854
vt 0.832620 0.271051
vt 0.627146 0.422429
vt 0.624380 0.409954
vt 0.643163 0.426439
vt 0.304978 0.548363
vt 0.377579 0.912955
vt 0.389244 0.930794
vt 0.396024 0.919305
vt 0.830967 0.017597
vt 0.522498 0.247929
vt 0.514478 0.231814
vt 0.527474 0.221039
vt 0.803039 0.535420
vt 0.810563 0.550048
vt 0.787615 0.560832
vt 0.736824 0.707093
vt 0.504485 0.273987
vt 0.507604 0.241619
vt 0.326584 0.317175
vt 0.301823 0.324743
vt 0.315492 0.311297
vt 0.303819 0.351223
vt 0.712705 0.671115
vt 0.706049 0.653691
vt 0.148977 0.690597
vt 0.302617 0.885408
vt 0.290643 0.873199
vt 0.317761 0.891548
vt 0.745724 0.157586
vt 0.879821 0.519638
vt 0.874285 0.507292
vt 0.886730 0.509725
vt 0.757706 0.852651
vt 0.782891 0.853222
vt 0.142748 0.360982
vt 0.136736 0.380682
vt 0.128017 0.368351
vt 0.359051 0.498978
vt 0.346638 0.503922
vt 0.377642 0.499019
vt 0.364460 0.502636
vt 0.375843 0.484954
vt 0.559647 0.836709
vt 0.585068 0.845682
vt 0.128984 0.160901
vt 0.128340 0.131637
vt 0.155511 0.164720
vt 0.757311 0.302590
vt 0.746746 0.314106
vt 0.708307 0.278076
vt 0.757976 0.318648
vt 0.624495 0.865246
vt 0.627994 0.890943
vt 0.755200 0.332351
vt 0.737278 0.327164
vt 0.658334 0.219558
vt 0.643463 0.215842
vt 0.654823 0.209723
vt 0.592713 0.959844
vt 0.588578 0.955721
vt 0.601704 0.953521
vt 0.574616 0.349505
vt 0.432253 0.938520
vt 0.434362 0.956583
vt 0.409781 0.942690
vt 0.447881 0.953099
vt 0.697100 0.049493
vt 0.889577 0.231069
vt 0.899801 0.230582
vt 0.913531 0.245091
vt 0.223579 0.903557
vt 0.221065 0.890672
vt 0.207222 0.894339
vt 0.255072 0.422217
vt 0.275403 0.411511
vt 0.277650 0.429233
vt 0.332157 0.730907
vt 0.358536 0.728680
vt 0.339637 0.744511
vt 0.853850 0.020278
vt 0.865106 0.019445
vt 0.861972 0.031440
vt 0.379052 0.473894
vt 0.091843 0.199413
vt 0.080005 0.202078
vt 0.595608 0.777919
vt 0.341519 0.298607
vt 0.102859 0.675315
vt 0.096678 0.692890
vt 0.387925 0.370812
vt 0.414520 0.395182
vt 0.304348 0.282373
vt 0.327593 0.276549
vt 0.355594 0.294245
vt 0.166233 0.168816
vt 0.179508 0.008264
vt 0.172720 0.031031
vt 0.151349 0.032523
vt 0.959197 0.544784
vt 0.967525 0.562008
vt 0.952890 0.563237
vt 0.923579 0.430625
vt 0.919157 0.414465
vt 0.166188 0.006631
vt 0.820268 0.855602
vt 0.792085 0.854785
vt 0.703353 0.078076
vt 0.266519 0.966644
vt 0.289043 0.982688
vt 0.275985 0.983243
vt 0.914159 0.397310
vt 0.922859 0.410229
vt 0.916144 0.406870
vt 0.121177 0.836065
vt 0.136668 0.826514
vt 0.141413 0.839547
vt 0.712285 0.348227
vt 0.242005 0.895894
vt 0.225162 0.887720
vt 0.783826 0.038075
vt 0.794589 0.027969
vt 0.804420 0.028833
vt 0.051060 0.310549
vt 0.058087 0.325301
vt 0.043771 0.338127
vt 0.133698 0.710651
vt 0.132057 0.675260
vt 0.950451 0.899893
vt 0.077368 0.604968
vt 0.101048 0.603541
vt 0.082662 0.622569
vt 0.009276 0.457604
vt 0.393962 0.139525
vt 0.403684 0.133100
vt 0.557507 0.589075
vt 0.575584 0.593334
vt 0.575278 0.606095
vt 0.671985 0.562547
vt 0.094623 0.590652
vt 0.102936 0.592069
vt 0.612440 0.889448
vt 0.143856 0.509907
vt 0.145387 0.526154
vt 0.517545 0.089332
vt 0.528228 0.085693
vt 0.290221 0.078269
vt 0.271412 0.078436
vt 0.139726 0.394011
vt 0.148265 0.381705
vt 0.580842 0.604186
vt 0.594280 0.622526
vt 0.613303 0.617470
vt 0.179516 0.625654
vt 0.199734 0.629732
vt 0.190262 0.641393
vt 0.527908 0.947878
vt 0.508320 0.962795
vt 0.528138 0.979255
vt 0.392024 0.322620
vt 0.386101 0.333161
vt 0.074553 0.383805
vt 0.058179 0.896444
vt 0.038507 0.914869
vt 0.050365 0.899171
vt 0.051594 0.915804
vt 0.225262 0.523554
vt 0.205123 0.536650
vt 0.195543 0.531365
vt 0.292465 0.755985
vt 0.292959 0.769721
vt 0.254153 0.741851
vt 0.559925 0.959605
vt 0.558436 0.967421
vt 0.531428 0.962589
vt 0.074806 0.882392
vt 0.194047 0.264421
vt 0.193971 0.287478
vt 0.663288 0.059967
vt 0.672531 0.048026
vt 0.279436 0.909461
vt 0.287510 0.929014
vt 0.269514 0.937184
vt 0.271299 0.038783
vt 0.280153 0.026122
vt 0.273198 0.023956
vt 0.253845 0.022397
vt 0.258187 0.020555
vt 0.414289 0.225443
vt 0.420672 0.235344
vt 0.425896 0.250060
vt 0.430755 0.233903
vt 0.440165 0.242023
vt 0.632190 0.032262
vt 0.639445 0.053629
vt 0.637783 0.072697
vt 0.917868 0.834575
vt 0.198676 0.160205
vt 0.183598 0.155757
vt 0.168964 0.162102
vt 0.089011 0.399169
vt 0.075667 0.424973
vt 0.065529 0.404764
vt 0.739969 0.768905
vt 0.736066 0.737493
vt 0.745085 0.753313
vt 0.662980 0.099963
vt 0.651136 0.085989
vt 0.122602 0.896451
vt 0.130645 0.862090
vt 0.726283 0.442582
vt 0.735137 0.455865
vt 0.724858 0.462116
vt 0.191233 0.586462
vt 0.207037 0.578814
vt 0.204284 0.597619
vt 0.081501 0.688353
vt 0.088224 0.664494
vt 0.076693 0.691385
vt 0.250612 0.094622
vt 0.359673 0.055187
vt 0.387960 0.038817
vt 0.606103 0.222220
vt 0.188753 0.758898
vt 0.196082 0.782534
vt 0.556438 0.582424
vt 0.555942 0.576601
vt 0.574760 0.562433
vt 0.577727 0.480785
vt 0.284201 0.058254
vt 0.603151 0.949814
vt 0.625825 0.920366
vt 0.276932 0.826850
vt 0.274693 0.818138
vt 0.270957 0.066207
vt 0.267205 0.083169
vt 0.175027 0.751038
vt 0.171611 0.752607
vt 0.603410 0.237436
vt 0.607058 0.225308
vt 0.963495 0.912741
vt 0.967116 0.901101
vt 0.221531 0.334694
vt 0.227274 0.364426
vt 0.216532 0.352708
vt 0.110261 0.327342
vt 0.148999 0.111196
vt 0.144875 0.103574
vt 0.119538 0.085783
vt 0.129896 0.119562
vt 0.104152 0.661440
vt 0.890505 0.965158
vt 0.897082 0.967687
vt 0.119271 0.400717
vt 0.107109 0.416154
vt 0.148790 0.402400
vt 0.123748 0.751050
vt 0.711431 0.620091
vt 0.699065 0.604355
vt 0.910538 0.781411
vt 0.041008 0.581135
vt 0.676051 0.685018
vt 0.665769 0.671838
vt 0.677799 0.662269
vt 0.651901 0.685614
vt 0.664928 0.347126
vt 0.679358 0.345745
vt 0.664445 0.337746
vt 0.914990 0.757513
vt 0.877672 0.766589
vt 0.890943 0.759372
vt 0.561092 0.568564
vt 0.539486 0.568535
vt 0.428212 0.059606
vt 0.448384 0.048397
vt 0.701893 0.624739
vt 0.673504 0.616248
vt 0.235224 0.028896
vt 0.240022 0.035456
vt 0.230721 0.042477
vt 0.245161 0.046925
vt 0.200916 0.055212
vt 0.462468 0.065431
vt 0.448878 0.064209
vt 0.446146 0.298642
vt 0.464627 0.303905
vt 0.443360 0.309855
vt 0.870856 0.130868
vt 0.883673 0.124947
vt 0.883845 0.152401
vt 0.748032 0.116518
vt 0.736515 0.140865
vt 0.738197 0.106278
vt 0.742052 0.139935
vt 0.208757 0.634197
vt 0.617387 0.128964
vt 0.622072 0.110513
vt 0.626330 0.122774
vt 0.599585 0.231188
vt 0.610328 0.425339
vt 0.509431 0.056212
vt 0.517568 0.048909
vt 0.545368 0.057829
vt 0.257958 0.918629
vt 0.356761 0.363802
vt 0.445972 0.988641
vt 0.263424 0.228719
vt 0.262158 0.248157
vt 0.875388 0.307489
vt 0.595369 0.948666
vt 0.582296 0.947090
vt 0.574689 0.937437
vt 0.067135 0.513723
vt 0.053713 0.529853
vt 0.113543 0.923269
vt 0.166701 0.252392
vt 0.931719 0.750492
vt 0.900049 0.774278
vt 0.354279 0.170526
vt 0.361066 0.189518
vt 0.674115 0.989019
vt 0.740703 0.166333
vt 0.110549 0.571651
vt 0.076679 0.556092
vt 0.091774 0.551620
vt 0.087102 0.579099
vt 0.821463 0.124117
vt 0.820703 0.112965
vt 0.627593 0.470653
vt 0.630813 0.487755
vt 0.631700 0.026131
vt 0.645958 0.017930
vt 0.646463 0.045932
vt 0.340591 0.156923
vt 0.952905 0.515305
vt 0.944161 0.532688
vt 0.513849 0.174922
vt 0.856578 0.467283
vt 0.861973 0.465170
vt 0.859096 0.481185
vt 0.270426 0.858010
vt 0.266052 0.779190
vt 0.283315 0.777180
vt 0.885993 0.389619
vt 0.889929 0.367894
vt 0.880762 0.416006
vt 0.893915 0.416750
vt 0.752318 0.085044
vt 0.753576 0.093957
vt 0.575299 0.116545
vt 0.594446 0.129081
vt 0.495496 0.150165
vt 0.503552 0.136551
vt 0.912398 0.285756
vt 0.917815 0.284063
vt 0.096242 0.167286
vt 0.062433 0.187357
vt 0.717363 0.229856
vt 0.711228 0.229413
vt 0.483914 0.365541
vt 0.504409 0.354480
vt 0.515646 0.368381
vt 0.117001 0.344558
vt 0.103557 0.364121
vt 0.214331 0.603035
vt 0.234816 0.611781
vt 0.656805 0.496358
vt 0.648971 0.487613
vt 0.124446 0.227299
vt 0.704673 0.331642
vt 0.721037 0.314558
vt 0.835267 0.133265
vt 0.647393 0.548031
vt 0.655458 0.536258
vt 0.646574 0.535697
vt 0.961914 0.802794
vt 0.363240 0.993536
vt 0.353904 0.992741
vt 0.387275 0.983388
vt 0.697951 0.469789
vt 0.731964 0.464913
vt 0.702841 0.481588
vt 0.734280 0.251187
vt 0.748287 0.242742
vt 0.590709 0.794247
vt 0.683265 0.869477
vt 0.676972 0.879312
vt 0.259469 0.582994
vt 0.257026 0.598623
vt 0.376295 0.145237
vt 0.386949 0.994366
vt 0.373155 0.994784
vt 0.369094 0.843759
vt 0.381834 0.876355
vt 0.349985 0.860319
vt 0.692530 0.936025
vt 0.706028 0.921897
vt 0.677238 0.693161
vt 0.172221 0.347280
vt 0.161103 0.345702
vt 0.525206 0.289842
vt 0.545630 0.660498
vt 0.549242 0.646475
vt 0.569418 0.665032
vt 0.093569 0.794640
vt 0.069333 0.803211
vt 0.078317 0.819816
vt 0.743915 0.521148
vt 0.715150 0.505334
vt 0.733321 0.506951
vt 0.556163 0.679347
vt 0.556098 0.675093
vt 0.265461 0.158284
vt 0.668290 0.226342
vt 0.647439 0.240775
vt 0.659199 0.230369
vt 0.977125 0.705648
vt 0.971962 0.713881
vt 0.265460 0.566067
vt 0.275437 0.577377
vt 0.119119 0.628788
vt 0.107511 0.616017
vt 0.116621 0.612455
vt 0.059212 0.229903
vt 0.056230 0.240627
vt 0.885216 0.287421
vt 0.225862 0.214636
vt 0.763491 0.286937
vt 0.786760 0.308259
vt 0.405578 0.925803
vt 0.629737 0.006345
vt 0.580205 0.432151
vt 0.618311 0.422755
vt 0.935817 0.411673
vt 0.326450 0.805719
vt 0.297933 0.791818
vt 0.403689 0.240614
vt 0.276180 0.393566
vt 0.265294 0.397913
vt 0.270273 0.375083
vt 0.263820 0.354362
vt 0.251322 0.391045
vt 0.251481 0.360444
vt 0.083831 0.491041
vt 0.092681 0.486044
vt 0.110591 0.471815
vt 0.658153 0.010769
vt 0.719393 0.032526
vt 0.513622 0.739649
vt 0.779271 0.468746
vt 0.807939 0.455578
vt 0.152074 0.981106
vt 0.149739 0.965818
vt 0.156548 0.991077
vt 0.220595 0.394542
vt 0.245766 0.412621
vt 0.172728 0.635777
vt 0.166607 0.646629
vt 0.159358 0.633993
vt 0.145952 0.709861
vt 0.159924 0.723927
vt 0.959543 0.306555
vt 0.968779 0.325463
vt 0.962587 0.330727
vt 0.323041 0.239585
vt 0.506384 0.515137
vt 0.207034 0.664770
vt 0.947811 0.809853
vt 0.098333 0.852742
vt 0.562216 0.169279
vt 0.554377 0.181420
vt 0.118006 0.853726
vt 0.126931 0.852703
vt 0.165991 0.993010
vt 0.177446 0.966121
vt 0.670932 0.867246
vt 0.671422 0.892241
vt 0.869985 0.935394
vt 0.888926 0.950697
vt 0.858703 0.950875
vt 0.834865 0.163144
vt 0.830621 0.183922
vt 0.258078 0.064837
vt 0.257905 0.054046
vt 0.904148 0.268064
vt 0.891800 0.311909
vt 0.183322 0.572679
vt 0.210313 0.565307
vt 0.325055 0.749953
vt 0.346062 0.762254
vt 0.359058 0.747316
vt 0.815402 0.762488
vt 0.070944 0.521412
vt 0.081439 0.503160
vt 0.631240 0.757427
vt 0.399381 0.493682
vt 0.547649 0.143037
vt 0.553483 0.168617
vt 0.166395 0.590336
vt 0.647104 0.961866
vt 0.638191 0.977686
vt 0.419382 0.184516
vt 0.402923 0.178079
vt 0.424377 0.171478
vt 0.040339 0.627225
vt 0.020845 0.621157
vt 0.388359 0.526966
vt 0.379859 0.510620
vt 0.354838 0.526623
vt 0.976079 0.356232
vt 0.973793 0.370498
vt 0.967141 0.371081
vt 0.275565 0.195615
vt 0.266904 0.193219
vt 0.274469 0.183348
vt 0.860973 0.413323
vt 0.869102 0.400326
vt 0.006003 0.527644
vt 0.004545 0.519061
vt 0.016917 0.525335
vt 0.309687 0.402420
vt 0.308511 0.395703
vt 0.333513 0.386289
vt 0.346358 0.389280
vt 0.242433 0.482602
vt 0.229848 0.479105
vt 0.240362 0.468120
vt 0.621883 0.522690
vt 0.625109 0.512157
vt 0.682126 0.463339
vt 0.363323 0.260084
vt 0.371370 0.277461
vt 0.393049 0.300781
vt 0.379233 0.302547
vt 0.377725 0.289662
vt 0.127867 0.324094
vt 0.881997 0.081424
vt 0.640353 0.851187
vt 0.656824 0.874160
vt 0.567167 0.438962
vt 0.807285 0.068022
vt 0.829349 0.070316
vt 0.833617 0.078841
vt 0.541299 0.263529
vt 0.524522 0.279328
vt 0.939024 0.763136
vt 0.930624 0.772572
vt 0.571052 0.315961
vt 0.562769 0.324552
vt 0.550965 0.318123
vt 0.015227 0.610273
vt 0.020488 0.631574
vt 0.332147 0.972816
vt 0.355092 0.974643
vt 0.621036 0.270277
vt 0.606010 0.270168
vt 0.605805 0.260034
vt 0.697332 0.777092
vt 0.707814 0.767548
vt 0.714348 0.774581
vt 0.037772 0.418855
vt 0.027487 0.437743
vt 0.556681 0.814740
vt 0.203620 0.897904
vt 0.756521 0.597558
vt 0.787745 0.597866
vt 0.766966 0.611221
vt 0.383608 0.278167
vt 0.689573 0.052760
vt 0.713698 0.066822
vt 0.442422 0.223085
vt 0.962405 0.522971
vt 0.488514 0.948278
vt 0.605760 0.668509
vt 0.588451 0.662186
vt 0.145495 0.968207
vt 0.135556 0.951673
vt 0.124500 0.947020
vt 0.109247 0.971289
vt 0.300754 0.500168
vt 0.293512 0.487304
vt 0.220226 0.944255
vt 0.249882 0.960749
vt 0.216154 0.954333
vt 0.248336 0.931257
vt 0.231823 0.929269
vt 0.472850 0.247225
vt 0.464773 0.216979
vt 0.479482 0.252454
vt 0.472782 0.253397
vt 0.089447 0.369973
vt 0.113412 0.379200
vt 0.189335 0.829760
vt 0.181844 0.804555
vt 0.180019 0.820847
vt 0.136375 0.076931
vt 0.126461 0.072090
vt 0.563217 0.133619
vt 0.524481 0.786708
vt 0.535262 0.771945
vt 0.557905 0.783067
vt 0.640059 0.411950
vt 0.650557 0.408904
vt 0.755522 0.244699
vt 0.279359 0.124725
vt 0.831172 0.762419
vt 0.181460 0.121263
vt 0.156394 0.111062
vt 0.212580 0.117573
vt 0.696243 0.428314
vt 0.497512 0.411363
vt 0.483952 0.409346
vt 0.507667 0.575732
vt 0.672039 0.422958
vt 0.136914 0.201198
vt 0.266774 0.168193
vt 0.274069 0.179640
vt 0.150797 0.118159
vt 0.150455 0.783146
vt 0.143449 0.772880
vt 0.155230 0.775919
vt 0.162089 0.768219
vt 0.167696 0.766038
vt 0.398466 0.452217
vt 0.392964 0.432044
vt 0.403092 0.478936
vt 0.129790 0.495885
vt 0.624282 0.213933
vt 0.707981 0.634134
vt 0.266047 0.523807
vt 0.248528 0.535066
vt 0.010940 0.591468
vt 0.268319 0.361583
vt 0.711429 0.935105
vt 0.578509 0.790777
vt 0.941248 0.842019
vt 0.571346 0.734953
vt 0.566991 0.757100
vt 0.563183 0.734118
vt 0.612288 0.314077
vt 0.697699 0.157184
vt 0.704476 0.139485
vt 0.701059 0.171488
vt 0.592363 0.323489
vt 0.421438 0.887534
vt 0.425458 0.897212
vt 0.415508 0.879850
vt 0.462831 0.292230
vt 0.068239 0.277393
vt 0.050977 0.285169
vt 0.068549 0.243266
vt 0.524661 0.298264
vt 0.504470 0.296284
vt 0.385830 0.285607
vt 0.391056 0.280652
vt 0.083394 0.327751
vt 0.178386 0.528808
vt 0.190455 0.528440
vt 0.280009 0.822939
vt 0.295061 0.831884
vt 0.286148 0.842807
vt 0.799202 0.795928
vt 0.779845 0.786754
vt 0.117177 0.640857
vt 0.099361 0.650561
vt 0.312525 0.838430
vt 0.540107 0.644646
vt 0.533568 0.651631
vt 0.529936 0.635530
vt 0.160742 0.819572
vt 0.178406 0.865758
vt 0.772859 0.104461
vt 0.789077 0.119775
vt 0.208833 0.108970
vt 0.461772 0.364602
vt 0.486433 0.335058
vt 0.476460 0.360156
vt 0.194677 0.513629
vt 0.174919 0.512134
vt 0.458757 0.953920
vt 0.472437 0.962197
vt 0.384373 0.074066
vt 0.388087 0.049755
vt 0.195463 0.688289
vt 0.164275 0.046777
vt 0.697095 0.529157
vt 0.358327 0.125055
vt 0.621503 0.075188
vt 0.617166 0.064276
vt 0.114464 0.583125
vt 0.125751 0.562675
vt 0.819043 0.199870
vt 0.828315 0.190338
vt 0.194398 0.470625
vt 0.940213 0.508653
vt 0.093439 0.181877
vt 0.080314 0.187649
vt 0.409978 0.019178
vt 0.427169 0.025262
vt 0.638931 0.437950
vt 0.109746 0.829344
vt 0.100937 0.776725
vt 0.117508 0.774516
vt 0.099399 0.782542
vt 0.053079 0.481582
vt 0.075211 0.484838
vt 0.957088 0.567797
vt 0.960988 0.572034
vt 0.381071 0.016799
vt 0.369897 0.025966
vt 0.374617 0.008212
vt 0.965439 0.502032
vt 0.189274 0.704849
vt 0.380422 0.006806
vt 0.385910 0.007281
vt 0.415768 0.923345
vt 0.204169 0.357986
vt 0.968550 0.515047
vt 0.971390 0.506428
vt 0.125296 0.774222
vt 0.875961 0.290635
vt 0.182539 0.191464
vt 0.185492 0.205892
vt 0.306378 0.067007
vt 0.431994 0.975220
vt 0.703220 0.087948
vt 0.169011 0.463553
vt 0.152768 0.466031
vt 0.504077 0.500201
vt 0.510952 0.485239
vt 0.721188 0.096204
vt 0.109000 0.941176
vt 0.198986 0.401998
vt 0.197148 0.385768
vt 0.178221 0.368839
vt 0.106074 0.389164
vt 0.088310 0.382502
vt 0.721394 0.829960
vt 0.375591 0.386893
vt 0.695919 0.102629
vt 0.723045 0.105429
vt 0.684990 0.112327
vt 0.406538 0.913492
vt 0.600133 0.311279
vt 0.614336 0.295794
vt 0.821838 0.919042
vt 0.799914 0.915862
vt 0.830836 0.796608
vt 0.636117 0.571924
vt 0.363113 0.010702
vt 0.699029 0.215318
vt 0.700614 0.200583
vt 0.704457 0.220683
vt 0.744461 0.191705
vt 0.406093 0.147233
vt 0.875514 0.107803
vt 0.435084 0.919832
vt 0.077800 0.258445
vt 0.581463 0.268532
vt 0.326196 0.838244
vt 0.337630 0.847360
vt 0.455007 0.993294
vt 0.463553 0.991871
vt 0.966779 0.894409
vt 0.173439 0.095874
vt 0.161025 0.103780
vt 0.552720 0.906222
vt 0.556947 0.916551
vt 0.538258 0.620645
vt 0.732840 0.269552
vt 0.545728 0.882674
vt 0.618463 0.361137
vt 0.184590 0.502736
vt 0.236531 0.835893
vt 0.247283 0.819386
vt 0.640114 0.612931
vt 0.618022 0.612228
vt 0.661311 0.296697
vt 0.694416 0.288845
vt 0.968758 0.803266
vt 0.977559 0.798281
vt 0.980248 0.792287
vt 0.901479 0.531475
vt 0.897360 0.526522
vt 0.906489 0.531531
vt 0.166222 0.869877
vt 0.587638 0.621198
vt 0.209701 0.190614
vt 0.191752 0.173736
vt 0.207463 0.197807
vt 0.187114 0.176181
vt 0.605688 0.460576
vt 0.627194 0.453188
vt 0.528624 0.174019
vt 0.302599 0.312303
vt 0.150556 0.314740
vt 0.784681 0.553075
vt 0.801910 0.530304
vt 0.828681 0.967865
vt 0.845913 0.959777
vt 0.772208 0.480089
vt 0.764306 0.827496
vt 0.930976 0.946909
vt 0.938053 0.950294
vt 0.933520 0.954840
vt 0.943695 0.929818
vt 0.741347 0.795763
vt 0.539729 0.656060
vt 0.407168 0.489299
vt 0.416685 0.474219
vt 0.412666 0.484870
vt 0.130631 0.057818
vt 0.598730 0.883088
vt 0.639200 0.805978
vt 0.654387 0.806685
vt 0.627096 0.815025
vt 0.730067 0.659243
vt 0.778768 0.800561
vt 0.237531 0.208688
vt 0.234086 0.212912
vt 0.273468 0.404259
vt 0.696278 0.649281
vt 0.695978 0.665314
vt 0.442540 0.281846
vt 0.168413 0.505928
vt 0.350018 0.215147
vt 0.365270 0.182469
vt 0.360377 0.200330
vt 0.732383 0.964239
vt 0.694659 0.239108
vt 0.703317 0.233907
vt 0.610284 0.165299
vt 0.915972 0.745929
vt 0.905779 0.755116
vt 0.855470 0.069699
vt 0.676509 0.753597
vt 0.239391 0.499632
vt 0.302011 0.197665
vt 0.687706 0.639374
vt 0.689285 0.120536
vt 0.694695 0.144422
vt 0.671690 0.112101
vt 0.648445 0.119261
vt 0.064301 0.572206
vt 0.052419 0.553884
vt 0.591096 0.234275
vt 0.727569 0.131357
vt 0.708274 0.124163
vt 0.838236 0.195238
vt 0.831684 0.186699
vt 0.637244 0.694371
vt 0.635882 0.528313
vt 0.534447 0.074691
vt 0.500726 0.070222
vt 0.067292 0.545121
vt 0.622689 0.494322
vt 0.071452 0.827664
vt 0.073182 0.839608
vt 0.383922 0.350234
vt 0.099278 0.109491
vt 0.100653 0.871033
vt 0.347869 0.905067
vt 0.328915 0.913349
vt 0.319997 0.424734
vt 0.066168 0.892891
vt 0.130640 0.404807
vt 0.479842 0.404806
vt 0.476804 0.400459
vt 0.178218 0.651716
vt 0.417408 0.448245
vt 0.429416 0.423655
vt 0.423980 0.456471
vt 0.756324 0.628406
vt 0.280131 0.454777
vt 0.285182 0.484853
vt 0.812368 0.514971
vt 0.811969 0.524737
vt 0.247116 0.058814
vt 0.963571 0.484248
vt 0.970345 0.492346
vt 0.817155 0.538880
vt 0.502790 0.133633
vt 0.494580 0.135869
vt 0.546715 0.296012
vt 0.221412 0.516513
vt 0.297720 0.982967
vt 0.722796 0.775309
vt 0.945450 0.874895
vt 0.961395 0.872002
vt 0.939971 0.329010
vt 0.196853 0.013976
vt 0.205787 0.013314
vt 0.944214 0.552248
vt 0.911768 0.083949
vt 0.618371 0.286045
vt 0.639743 0.272102
vt 0.314794 0.556819
vt 0.143136 0.826007
vt 0.118981 0.502111
vt 0.697142 0.738378
vt 0.702202 0.735087
vt 0.242914 0.596573
vt 0.739346 0.435067
vt 0.168040 0.719700
vt 0.450861 0.289069
vt 0.458974 0.267062
vt 0.432050 0.380088
vt 0.408292 0.379480
vt 0.524886 0.858289
vt 0.515983 0.845953
vt 0.276674 0.809485
vt 0.858746 0.485893
vt 0.864124 0.482608
vt 0.397635 0.343611
vt 0.399636 0.356428
vt 0.875684 0.831548
vt 0.892236 0.822792
vt 0.571146 0.424278
vt 0.303550 0.294622
vt 0.990377 0.739003
vt 0.255768 0.034819
vt 0.072309 0.793328
vt 0.065988 0.797266
vt 0.067958 0.789025
vt 0.990796 0.780660
vt 0.726351 0.532565
vt 0.432184 0.144626
vt 0.436560 0.166368
vt 0.806737 0.847880
vt 0.813267 0.819170
vt 0.832839 0.821635
vt 0.835701 0.807582
vt 0.848331 0.817064
vt 0.591037 0.455793
vt 0.041848 0.404060
vt 0.423873 0.385946
vt 0.545543 0.240549
vt 0.175717 0.826135
vt 0.792629 0.808552
vt 0.401675 0.993627
vt 0.915655 0.534894
vt 0.640345 0.006819
vt 0.578137 0.942024
vt 0.943771 0.738363
vt 0.944353 0.720786
vt 0.302354 0.338100
vt 0.321126 0.353136
vt 0.661477 0.204037
vt 0.211035 0.992317
vt 0.209763 0.984380
vt 0.227612 0.989307
vt 0.249253 0.192295
vt 0.209871 0.314138
vt 0.726374 0.688513
vt 0.251624 0.226486
vt 0.437348 0.067165
vt 0.346492 0.164323
vt 0.900326 0.048233
vt 0.891288 0.038611
vt 0.905437 0.054353
vt 0.904031 0.050408
vt 0.334949 0.893984
vt 0.931021 0.208901
vt 0.903439 0.226632
vt 0.910767 0.215669
vt 0.964385 0.389407
vt 0.960404 0.401455
vt 0.955116 0.344340
vt 0.915659 0.708658
vt 0.921031 0.705555
vt 0.922292 0.711163
vt 0.848784 0.925980
vt 0.073195 0.732504
vt 0.359152 0.543302
vt 0.284583 0.161457
vt 0.775089 0.455933
vt 0.615002 0.792054
vt 0.639572 0.790918
vt 0.742541 0.937131
vt 0.785177 0.816043
vt 0.132106 0.639989
vt 0.135450 0.634595
vt 0.531565 0.482617
vt 0.527321 0.469589
vt 0.668800 0.787319
vt 0.657687 0.042128
vt 0.463325 0.436249
vt 0.458906 0.442933
vt 0.687255 0.721254
vt 0.847764 0.804780
vt 0.869348 0.806372
vt 0.865855 0.818560
vt 0.349698 0.013018
vt 0.105286 0.772838
vt 0.159237 0.771318
vt 0.118952 0.154215
vt 0.063795 0.337128
vt 0.302780 0.590396
vt 0.307718 0.589266
vt 0.448704 0.994464
vt 0.444234 0.994905
vt 0.430416 0.993599
vt 0.949974 0.462339
vt 0.049819 0.385464
vt 0.037925 0.360260
vt 0.652326 0.947951
vt 0.214817 0.647507
vt 0.515434 0.361771
vt 0.222200 0.939692
vt 0.753242 0.210437
vt 0.552626 0.065706
vt 0.918623 0.773752
vt 0.263818 0.288236
vt 0.865843 0.362801
vt 0.789807 0.418111
vt 0.784298 0.390927
vt 0.522302 0.752279
vt 0.895762 0.326286
vt 0.288506 0.467649
vt 0.820660 0.774716
vt 0.839853 0.758207
vt 0.934733 0.151864
vt 0.927815 0.178001
vt 0.918383 0.174787
vt 0.844651 0.083763
vt 0.748577 0.423628
vt 0.317623 0.902154
vt 0.303534 0.909072
vt 0.294419 0.887608
vt 0.325445 0.843697
vt 0.196196 0.425467
vt 0.251857 0.973853
vt 0.255913 0.948839
vt 0.686826 0.594606
vt 0.681015 0.604728
vt 0.595867 0.382464
vt 0.101059 0.433968
vt 0.798872 0.861933
vt 0.773917 0.520102
vt 0.762410 0.521634
vt 0.878627 0.256854
vt 0.877278 0.235208
vt 0.308895 0.226552
vt 0.308123 0.238064
vt 0.446454 0.139683
vt 0.502083 0.119430
vt 0.288436 0.951551
vt 0.292205 0.945745
vt 0.693765 0.683428
vt 0.775218 0.350530
vt 0.715114 0.375709
vt 0.101159 0.632283
vt 0.098918 0.621933
vt 0.924833 0.877425
vt 0.090888 0.639653
vt 0.507094 0.407205
vt 0.616723 0.110980
vt 0.189130 0.751572
vt 0.008376 0.541697
vt 0.035665 0.553474
vt 0.205033 0.022725
vt 0.175185 0.435400
vt 0.082177 0.776713
vt 0.095872 0.776055
vt 0.990439 0.767273
vt 0.686024 0.752684
vt 0.681023 0.754412
vt 0.689006 0.750651
vt 0.574137 0.213134
vt 0.121056 0.966974
vt 0.116648 0.972532
vt 0.281663 0.140396
vt 0.873360 0.518966
vt 0.436847 0.763183
vt 0.441398 0.768160
vt 0.630886 0.627086
vt 0.551851 0.942225
vt 0.555419 0.945441
vt 0.555173 0.938313
vt 0.152694 0.446087
vt 0.961679 0.711379
vt 0.449032 0.227950
vt 0.866084 0.511286
vt 0.866507 0.515818
vt 0.877145 0.200512
vt 0.857469 0.192713
vt 0.163279 0.372402
vt 0.358386 0.375127
vt 0.576402 0.656624
vt 0.328974 0.019522
vt 0.979912 0.847830
vt 0.981358 0.858343
vt 0.961592 0.842289
vt 0.254188 0.443030
vt 0.519286 0.475692
vt 0.545833 0.368282
vt 0.028347 0.654188
vt 0.025626 0.639482
vt 0.052320 0.469744
vt 0.033130 0.469437
vt 0.467543 0.725426
vt 0.948163 0.296207
vt 0.953467 0.280374
vt 0.957282 0.292733
vt 0.302596 0.527212
vt 0.297623 0.511925
vt 0.260654 0.072791
vt 0.382365 0.122666
vt 0.374276 0.126840
vt 0.161050 0.913554
vt 0.162891 0.927879
vt 0.346842 0.376238
vt 0.304541 0.983850
vt 0.148099 0.504308
vt 0.606692 0.886960
vt 0.004339 0.444362
vt 0.006979 0.452146
vt 0.181363 0.461745
vt 0.349031 0.269854
vt 0.500006 0.795072
vt 0.489346 0.805678
vt 0.629641 0.408358
vt 0.228765 0.843297
vt 0.658024 0.409329
vt 0.666391 0.388298
vt 0.205426 0.228585
vt 0.596787 0.699457
vt 0.202812 0.199748
vt 0.188604 0.189455
vt 0.588189 0.189345
vt 0.099194 0.187500
vt 0.159109 0.450913
vt 0.089258 0.361094
vt 0.596551 0.963389
vt 0.125599 0.605642
vt 0.121585 0.599289
vt 0.924674 0.203935
vt 0.855204 0.456636
vt 0.850607 0.447986
vt 0.190649 0.607706
vt 0.211785 0.963651
vt 0.433518 0.467742
vt 0.430117 0.474088
vt 0.130758 0.267362
vt 0.845617 0.756296
vt 0.854263 0.763827
vt 0.763100 0.620365
vt 0.231127 0.841743
vt 0.234884 0.842657
vt 0.735877 0.034391
vt 0.016694 0.623719
vt 0.753473 0.911124
vt 0.677771 0.725415
vt 0.672023 0.960021
vt 0.179355 0.985102
vt 0.219148 0.688286
vt 0.144186 0.620654
vt 0.762637 0.494945
vt 0.061228 0.903404
vt 0.675801 0.472664
vt 0.579357 0.668198
vt 0.830095 0.265452
vt 0.819714 0.259325
vt 0.507037 0.949711
vt 0.520854 0.944850
vt 0.417173 0.484952
vt 0.719820 0.224441
vt 0.734756 0.216793
vt 0.015709 0.475964
vt 0.390280 0.006811
vt 0.735320 0.097055
vt 0.604327 0.892411
vt 0.053559 0.874885
vt 0.052222 0.886495
vt 0.956306 0.436125
vt 0.717504 0.781526
vt 0.694800 0.803763
vt 0.664606 0.796722
vt 0.601795 0.027630
vt 0.180181 0.203786
vt 0.187933 0.216890
vt 0.170595 0.220966
vt 0.509602 0.135197
vt 0.437047 0.443852
vt 0.307485 0.061514
vt 0.808518 0.791216
vt 0.601300 0.279209
vt 0.604944 0.288921
vt 0.130112 0.390080
vt 0.757639 0.107477
vt 0.144567 0.308278
vt 0.206659 0.888020
vt 0.210237 0.882782
vt 0.215635 0.863051
vt 0.211231 0.868871
vt 0.606821 0.633262
vt 0.243309 0.985565
vt 0.550797 0.626184
vt 0.068034 0.820767
vt 0.510932 0.833367
vt 0.502905 0.350019
vt 0.511402 0.328128
vt 0.554340 0.445815
vt 0.277744 0.615980
vt 0.275030 0.609971
vt 0.288919 0.603797
vt 0.272660 0.617767
vt 0.089505 0.128386
vt 0.377092 0.881914
vt 0.405097 0.908394
vt 0.365771 0.888308
vt 0.310867 0.406543
vt 0.777185 0.912348
vt 0.910092 0.442651
vt 0.651962 0.650092
vt 0.672983 0.639623
vt 0.152068 0.579075
vt 0.358184 0.775311
vt 0.306196 0.025647
vt 0.201262 0.900930
vt 0.601650 0.485611
vt 0.737891 0.736036
vt 0.199397 0.700001
vt 0.152274 0.212034
vt 0.148496 0.813896
vt 0.258013 0.641689
vt 0.631650 0.826740
vt 0.648317 0.846850
vt 0.935126 0.844491
vt 0.960514 0.480075
vt 0.263676 0.781296
vt 0.925586 0.112435
vt 0.190319 0.053680
vt 0.970838 0.510684
vt 0.239535 0.030821
vt 0.198465 0.653682
vt 0.624932 0.750766
vt 0.630273 0.751712
vt 0.457385 0.197924
vt 0.920020 0.970273
vt 0.600540 0.966340
vt 0.146754 0.939708
vt 0.280311 0.436233
vt 0.963363 0.532280
vt 0.954044 0.537469
vt 0.920512 0.537408
vt 0.931042 0.543423
vt 0.986795 0.750539
vt 0.701020 0.815960
vt 0.881032 0.230086
vt 0.945075 0.702580
vt 0.950907 0.702189
vt 0.169601 0.204540
vt 0.258230 0.712826
vt 0.287193 0.714216
vt 0.746655 0.963619
vt 0.640605 0.224024
vt 0.640271 0.212709
vt 0.711204 0.488743
vt 0.160102 0.206047
vt 0.466366 0.320644
vt 0.032120 0.300888
vt 0.050241 0.263215
vt 0.039696 0.285142
vt 0.581216 0.745498
vt 0.501950 0.039454
vt 0.511036 0.046482
vt 0.520952 0.809668
vt 0.805840 0.582678
vt 0.798491 0.592727
vt 0.212773 0.969541
vt 0.950337 0.267868
vt 0.411432 0.167483
vt 0.728025 0.479510
vt 0.307932 0.245172
vt 0.305234 0.264519
vt 0.071269 0.196803
vt 0.080064 0.204717
vt 0.781534 0.122623
vt 0.402526 0.405107
vt 0.334782 0.015964
vt 0.506171 0.508900
vt 0.086337 0.133351
vt 0.861618 0.767662
vt 0.869888 0.768558
vt 0.596532 0.214089
vt 0.593795 0.218876
vt 0.060692 0.198346
vt 0.780797 0.132849
vt 0.024583 0.316495
vt 0.028006 0.308328
vt 0.310986 0.549998
vt 0.309476 0.539419
vt 0.243680 0.039698
vt 0.403317 0.287407
vt 0.551122 0.900325
vt 0.547475 0.887542
vt 0.656741 0.227766
vt 0.981312 0.706011
vt 0.869090 0.959705
vt 0.478044 0.385284
vt 0.471883 0.792921
vt 0.019200 0.333930
vt 0.016900 0.342240
vt 0.168462 0.939827
vt 0.164134 0.932230
vt 0.265317 0.145235
vt 0.188662 0.618494
vt 0.325786 0.878346
vt 0.575956 0.398985
vt 0.616355 0.134284
vt 0.613030 0.138684
vt 0.963108 0.527546
vt 0.058317 0.366580
vt 0.044670 0.350078
vt 0.200793 0.814850
vt 0.570922 0.074419
vt 0.799366 0.577110
vt 0.244134 0.484743
vt 0.828646 0.161202
vt 0.636599 0.105016
vt 0.232966 0.571542
vt 0.068742 0.956737
vt 0.062432 0.966804
vt 0.295196 0.596009
vt 0.043755 0.938497
vt 0.054150 0.966584
vt 0.568425 0.311283
vt 0.566569 0.433587
vt 0.690895 0.243107
vt 0.716529 0.968138
vt 0.694426 0.218325
vt 0.209804 0.958563
vt 0.059920 0.398860
vt 0.525805 0.942856
vt 0.366258 0.288611
vt 0.276151 0.500172
vt 0.062908 0.562754
vt 0.894493 0.189763
vt 0.626018 0.530141
vt 0.466714 0.420875
vt 0.466157 0.429637
vt 0.138084 0.046629
vt 0.749836 0.124891
vt 0.343834 0.789413
vt 0.541530 0.528581
vt 0.460515 0.050943
vt 0.398671 0.373065
vt 0.575412 0.703189
vt 0.120928 0.767063
vt 0.400094 0.867371
vt 0.934582 0.182932
vt 0.269383 0.723822
vt 0.669467 0.727990
vt 0.837488 0.964203
vt 0.829842 0.491351
vt 0.816365 0.500082
vt 0.823665 0.479255
vt 0.830965 0.497800
vt 0.586356 0.334230
vt 0.578023 0.346482
vt 0.582047 0.337167
vt 0.112192 0.933250
vt 0.514189 0.983055
vt 0.506828 0.985940
vt 0.192562 0.755967
vt 0.297898 0.971870
vt 0.797578 0.422700
vt 0.812254 0.437053
vt 0.193400 0.851420
vt 0.184082 0.868779
vt 0.988082 0.757193
vt 0.989749 0.762131
vt 0.031421 0.960204
vt 0.954995 0.916248
vt 0.949827 0.912960
vt 0.945792 0.912834
vt 0.256513 0.462675
vt 0.224524 0.407570
vt 0.198573 0.842050
vt 0.507343 0.533296
vt 0.507464 0.527710
vt 0.508713 0.538591
vt 0.014407 0.353660
vt 0.688450 0.094842
vt 0.089311 0.344627
vt 0.211959 0.491706
vt 0.052499 0.685258
vt 0.726900 0.585878
vt 0.468767 0.990798
vt 0.474398 0.987748
vt 0.099581 0.276905
vt 0.656938 0.842613
vt 0.732872 0.740264
vt 0.727190 0.234545
vt 0.736626 0.243237
vt 0.522296 0.486173
vt 0.515691 0.479349
vt 0.816697 0.759987
vt 0.797897 0.753013
vt 0.499013 0.326121
vt 0.075236 0.851274
vt 0.626114 0.112699
vt 0.630567 0.115777
vt 0.163268 0.443558
vt 0.807961 0.422929
vt 0.802781 0.415276
vt 0.803990 0.975351
vt 0.609945 0.153877
vt 0.272295 0.209624
vt 0.547064 0.533635
vt 0.042672 0.670712
vt 0.745605 0.429468
vt 0.059409 0.701657
vt 0.055118 0.690990
vt 0.062994 0.707566
vt 0.929874 0.964526
vt 0.479762 0.943431
vt 0.439822 0.737687
vt 0.169192 0.002095
vt 0.811235 0.446991
vt 0.812067 0.441177
vt 0.809372 0.451901
vt 0.490757 0.342568
vt 0.276665 0.190529
vt 0.757586 0.207331
vt 0.867245 0.338757
vt 0.512996 0.398805
vt 0.519711 0.397117
vt 0.327045 0.723086
vt 0.346002 0.725239
vt 0.635548 0.294359
vt 0.416571 0.421673
vt 0.397433 0.443740
vt 0.701728 0.117325
vt 0.156605 0.088962
vt 0.877555 0.021744
vt 0.660910 0.506046
vt 0.120160 0.281793
vt 0.708022 0.981519
vt 0.702936 0.987901
vt 0.013527 0.360372
vt 0.450140 0.452529
vt 0.436513 0.460944
vt 0.911704 0.080803
vt 0.914299 0.076207
vt 0.802428 0.274466
vt 0.791754 0.254640
vt 0.331967 0.989231
vt 0.344660 0.992034
vt 0.821759 0.204806
vt 0.829391 0.207081
vt 0.012797 0.600205
vt 0.543828 0.929643
vt 0.548613 0.926348
vt 0.552178 0.930391
vt 0.819033 0.473389
vt 0.595354 0.205473
vt 0.916713 0.389267
vt 0.973760 0.834141
vt 0.973961 0.839823
vt 0.892263 0.840867
vt 0.282636 0.153319
vt 0.631200 0.092967
vt 0.790550 0.380234
vt 0.797158 0.362007
vt 0.953632 0.457227
vt 0.245594 0.079736
vt 0.251607 0.088877
vt 0.603799 0.255123
vt 0.346347 0.829752
vt 0.651041 0.292909
vt 0.862607 0.954436
vt 0.560412 0.685408
vt 0.573857 0.698611
vt 0.669065 0.121910
vt 0.668381 0.756507
vt 0.855524 0.948486
vt 0.084792 0.628179
vt 0.677487 0.995374
vt 0.704261 0.992782
vt 0.704385 0.996799
vt 0.670549 0.994291
vt 0.049171 0.253972
vt 0.794577 0.393650
vt 0.792175 0.382249
vt 0.795879 0.385307
vt 0.008135 0.392342
vt 0.307468 0.384580
vt 0.567735 0.429797
vt 0.092437 0.763965
vt 0.167843 0.995262
vt 0.573924 0.390648
vt 0.349035 0.510530
vt 0.561816 0.694137
vt 0.613425 0.742533
vt 0.555018 0.488797
vt 0.742900 0.245063
vt 0.673198 0.752297
vt 0.664917 0.216976
vt 0.861793 0.507308
vt 0.503278 0.409953
vt 0.541144 0.767774
vt 0.788234 0.025888
vt 0.182897 0.108042
vt 0.114454 0.695286
vt 0.816572 0.327532
vt 0.355950 0.789580
vt 0.289972 0.174563
vt 0.293394 0.179849
vt 0.834482 0.532163
vt 0.835960 0.514746
vt 0.095685 0.975521
vt 0.194631 0.553835
vt 0.929951 0.711928
vt 0.819992 0.026144
vt 0.145894 0.979603
vt 0.804664 0.336682
vt 0.075260 0.780442
vt 0.071290 0.784452
vt 0.463952 0.409421
vt 0.469755 0.401495
vt 0.465976 0.405158
vt 0.023560 0.635754
vt 0.627453 0.212059
vt 0.163483 0.992440
vt 0.265237 0.275437
vt 0.553936 0.368814
vt 0.551444 0.373563
vt 0.038671 0.928929
vt 0.613310 0.110915
vt 0.193304 0.759638
vt 0.193016 0.766190
vt 0.209611 0.023702
vt 0.214626 0.023693
vt 0.906272 0.365479
vt 0.171353 0.895306
vt 0.844639 0.017326
vt 0.274663 0.105124
vt 0.272733 0.100445
vt 0.470516 0.024890
vt 0.836113 0.507247
vt 0.811839 0.193522
vt 0.959447 0.919129
vt 0.909375 0.067302
vt 0.876960 0.281172
vt 0.864787 0.444497
vt 0.270201 0.095564
vt 0.038229 0.666488
vt 0.804480 0.181786
vt 0.795875 0.199677
vt 0.813086 0.458982
vt 0.015349 0.618200
vt 0.861858 0.218837
vt 0.972548 0.343467
vt 0.259454 0.754731
vt 0.262428 0.762406
vt 0.261698 0.769240
vt 0.760679 0.209354
vt 0.761470 0.203010
vt 0.511461 0.567559
vt 0.508363 0.571721
vt 0.850626 0.436887
vt 0.789326 0.750361
vt 0.433979 0.753166
vt 0.432539 0.758183
vt 0.362510 0.760578
vt 0.623067 0.482975
vt 0.851376 0.405631
vt 0.580436 0.282244
vt 0.964928 0.306572
vt 0.653954 0.504699
vt 0.637005 0.513011
vt 0.939835 0.704151
vt 0.879974 0.200519
vt 0.003685 0.415055
vt 0.007475 0.492438
vt 0.800783 0.520756
vt 0.962986 0.536844
vt 0.503848 0.521616
vt 0.100338 0.263183
vt 0.301929 0.331117
vt 0.103797 0.103037
vt 0.430567 0.407079
vt 0.144574 0.730181
vt 0.332772 0.836850
vt 0.169504 0.957328
vt 0.246109 0.070970
vt 0.813767 0.340712
vt 0.810778 0.347892
vt 0.058366 0.936031
vt 0.315705 0.560411
vt 0.479563 0.989309
vt 0.560589 0.067865
vt 0.184960 0.010488
vt 0.139103 0.769494
vt 0.597655 0.022878
vt 0.599628 0.019384
vt 0.977368 0.360961
vt 0.561412 0.974321
vt 0.303209 0.304321
vt 0.604045 0.265245
vt 0.404426 0.861614
vt 0.150398 0.771913
vt 0.600649 0.014686
vt 0.170510 0.904514
vt 0.894210 0.521455
vt 0.749137 0.039262
vt 0.829402 0.552809
vt 0.510223 0.545331
vt 0.607382 0.041086
vt 0.613700 0.057757
vt 0.602723 0.224890
vt 0.776633 0.918338
vt 0.666649 0.223048
vt 0.954321 0.708369
vt 0.954379 0.469737
vt 0.652122 0.747445
vt 0.657951 0.748878
vt 0.666363 0.753238
vt 0.969806 0.872819
vt 0.308903 0.217890
vt 0.675324 0.233490
vt 0.177958 0.961274
vt 0.252081 0.810167
vt 0.569458 0.700129
vt 0.089676 0.975373
vt 0.623716 0.079642
vt 0.976575 0.368030
vt 0.316126 0.986556
vt 0.957445 0.708607
vt 0.791246 0.199925
vt 0.317865 0.716910
vt 0.006864 0.567235
vt 0.865985 0.347459
vt 0.855403 0.379997
vt 0.614472 0.144196
vt 0.181695 0.748331
vt 0.861381 0.356345
vt 0.235137 0.675203
vt 0.811010 0.029799
vt 0.187333 0.747257
vt 0.184939 0.742355
vt 0.965579 0.556376
vt 0.760388 0.039465
vt 0.770477 0.036188
vt 0.511122 0.404631
vt 0.856161 0.369430
vt 0.042320 0.967354
vt 0.911555 0.062354
vt 0.028779 0.965875
vt 0.653382 0.183227
vt 0.648422 0.166669
vt 0.593818 0.230471
vt 0.138713 0.977701
vt 0.265848 0.262823
vt 0.874198 0.016815
vt 0.847612 0.214755
vt 0.821654 0.923739
vt 0.038124 0.922131
vt 0.767944 0.437056
vt 0.181950 0.880642
vt 0.174169 0.997731
vt 0.212421 0.696226
vt 0.357748 0.010951
vt 0.634852 0.213373
vt 0.631904 0.208706
vt 0.524296 0.393146
vt 0.803541 0.408919
vt 0.910614 0.750755
vt 0.530286 0.046020
vt 0.972480 0.498666
vt 0.974545 0.503124
vt 0.176211 0.759472
vt 0.806437 0.416352
vt 0.806473 0.199266
vt 0.915288 0.740299
vt 0.929923 0.703335
vt 0.997209 0.713485
vt 0.363269 0.766035
vt 0.471294 0.939504
vt 0.850245 0.426998
vt 0.810422 0.258149
vt 0.782614 0.024648
vt 0.779870 0.028812
vt 0.784846 0.200213
vt 0.724322 0.967610
vt 0.643379 0.003906
vt 0.958690 0.420283
vt 0.268901 0.133649
vt 0.765064 0.212071
vt 0.224333 0.841811
vt 0.335253 0.471055
vt 0.128570 0.972260
vt 0.251501 0.023983
vt 0.453470 0.929632
vt 0.294157 0.713570
vt 0.601062 0.300417
vt 0.642142 0.748483
vt 0.829069 0.484713
vt 0.178370 0.886304
vt 0.968669 0.808979
vt 0.006653 0.571529
vt 0.967750 0.381125
vt 0.195113 0.702593
vt 0.726453 0.735228
vt 0.941580 0.168745
vt 0.637171 0.747959
vt 0.496780 0.949205
vt 0.409389 0.871014
s 1
usemtl MatID_1
f 2552/1/1 1541/2/2 4/3/3
f 78/4/4 752/5/5 986/6/6
f 58/7/7 488/8/8 873/9/9
f 2093/10/10 1168/11/11 2035/12/12
f 2557/13/13 2384/14/14 985/15/15
f 1649/16/16 2146/17/17 1486/18/18
f 463/19/19 2444/20/20 58/7/7
f 414/21/21 1916/22/22 654/23/23
f 548/24/24 2331/25/25 1090/26/26
f 999/27/27 1640/28/28 1456/29/29
f 489/30/30 513/31/31 1602/32/32
f 151/33/33 1441/34/34 1888/35/35
f 1309/36/36 2169/37/37 2548/38/38
f 1220/39/39 609/40/40 1215/41/41
f 907/42/42 522/43/43 1797/44/44
f 233/45/45 2499/46/46 1948/47/47
f 2396/48/48 279/49/49 1373/50/50
f 478/51/51 1711/52/52 210/53/53
f 456/54/54 494/55/55 234/56/56
f 2331/25/25 20/57/57 1090/26/26
f 2354/58/58 2478/59/59 2309/60/60
f 1674/61/61 908/62/62 1677/63/63
f 274/64/64 1519/65/65 2319/66/66
f 380/67/67 142/68/68 672/69/69
f 1472/70/70 1644/71/71 1487/72/72
f 396/73/73 1495/74/74 2405/75/75
f 868/76/76 913/77/77 1497/78/78
f 314/79/79 1538/80/80 837/81/81
f 41/82/82 254/83/83 888/84/84
f 815/85/85 1271/86/86 1232/87/87
f 1437/88/88 865/89/89 218/90/90
f 719/91/91 1781/92/92 1368/93/93
f 1503/94/94 1019/95/95 1542/96/96
f 1801/97/97 1349/98/98 2004/99/99
f 101/100/100 1940/101/101 710/102/102
f 2094/103/103 1321/104/104 419/105/105
f 1947/106/106 1849/107/107 1628/108/108
f 2537/109/109 2288/110/110 1185/111/111
f 1053/112/112 2454/113/113 1016/114/114
f 2167/115/115 905/116/116 2368/117/117
f 1862/118/118 1482/119/119 1860/120/120
f 1467/121/121 2163/122/122 2077/123/123
f 1630/124/124 1023/125/125 1304/126/126
f 2310/127/127 510/128/128 1890/129/129
f 1480/130/130 2362/131/131 1007/132/132
f 438/133/133 2198/134/134 1085/135/135
f 1143/136/136 1319/137/137 1637/138/138
f 1113/139/139 2012/140/140 554/141/141
f 408/142/142 54/143/143 2150/144/144
f 174/145/145 2096/146/146 1729/147/147
f 540/148/148 383/149/149 1572/150/150
f 1095/151/151 1341/152/152 348/153/153
f 2357/154/154 2167/115/115 2368/117/117
f 2068/155/155 1641/156/156 2069/157/157
f 149/158/158 1289/159/159 958/160/160
f 720/161/161 1735/162/162 1734/163/163
f 804/164/164 1126/165/165 2193/166/166
f 692/167/167 2110/168/168 982/169/169
f 2214/170/170 711/171/171 936/172/172
f 50/173/173 1551/174/174 1819/175/175
f 447/176/176 2484/177/177 875/178/178
f 948/179/179 1231/180/180 364/181/181
f 2074/182/182 1028/183/183 1392/184/184
f 2452/185/185 2023/186/186 1887/187/187
f 2087/188/188 1082/189/189 1721/190/190
f 68/191/191 1365/192/192 980/193/193
f 1745/194/194 503/195/195 1334/196/196
f 1991/197/197 1559/198/198 2014/199/199
f 1650/200/200 291/201/201 2119/202/202
f 975/203/203 1403/204/204 822/205/205
f 2012/140/140 1018/206/206 1387/207/207
f 1763/208/208 855/209/209 2049/210/210
f 1913/211/211 2318/212/212 27/213/213
f 2035/12/12 512/214/214 856/215/215
f 2238/216/216 996/217/217 1401/218/218
f 1005/219/219 688/220/220 2058/221/221
f 347/222/222 2353/223/223 645/224/224
f 1547/225/225 1809/226/226 1175/227/227
f 902/228/228 2121/229/229 663/230/230
f 313/231/231 2040/232/232 1290/233/233
f 2155/234/234 302/235/235 1461/236/236
f 2302/237/237 1974/238/238 990/239/239
f 980/193/193 1365/192/192 2538/240/240
f 2378/241/241 1718/242/242 1626/243/243
f 279/49/49 2018/244/244 1665/245/245
f 177/246/246 2411/247/247 1741/248/248
f 541/249/249 1415/250/250 2436/251/251
f 2336/252/252 242/253/253 794/254/254
f 1147/255/255 989/256/256 1476/257/257
f 32/258/258 22/259/259 1857/260/260
f 784/261/261 2298/262/262 2520/263/263
f 144/264/264 246/265/265 1373/50/50
f 2425/266/266 1742/267/267 2503/268/268
f 1813/269/269 2367/270/270 527/271/271
f 110/272/272 1810/273/273 626/274/274
f 838/275/275 482/276/276 164/277/277
f 1667/278/278 2439/279/279 939/280/280
f 997/281/281 1038/282/282 774/283/283
f 277/284/284 401/285/285 1026/286/286
f 1702/287/287 591/288/288 499/289/289
f 1306/290/290 891/291/291 1811/292/292
f 2508/293/293 2550/294/294 2420/295/295
f 1267/296/296 375/297/297 1567/298/298
f 2502/299/299 2151/300/300 104/301/301
f 37/302/302 1718/242/242 444/303/303
f 1535/304/304 49/305/305 1033/306/306
f 417/307/307 243/308/308 2243/309/309
f 2384/14/14 1376/310/310 851/311/311
f 317/312/312 1118/313/313 1838/314/314
f 2305/315/315 1103/316/316 2479/317/317
f 2040/232/232 861/318/318 977/319/319
f 2039/320/320 333/321/321 882/322/322
f 40/323/323 195/324/324 1224/325/325
f 1995/326/326 376/327/327 511/328/328
f 1807/329/329 1935/330/330 2261/331/331
f 1463/332/332 140/333/333 679/334/334
f 2356/335/335 1270/336/336 1872/337/337
f 258/338/338 2364/339/339 1037/340/340
f 2498/341/341 2215/342/342 2517/343/343
f 1825/344/344 957/345/345 1910/346/346
f 571/347/347 16/348/348 679/334/334
f 2458/349/349 1291/350/350 358/351/351
f 1738/352/352 2176/353/353 2013/354/354
f 44/355/355 70/356/356 808/357/357
f 136/358/358 249/359/359 1070/360/360
f 1193/361/361 1778/362/362 2332/363/363
f 680/364/364 362/365/365 150/366/366
f 1645/367/367 583/368/368 308/369/369
f 1926/370/370 2064/371/371 46/372/372
f 1414/373/373 326/374/374 623/375/375
f 2020/376/376 18/377/377 298/378/378
f 1050/379/379 198/380/380 2288/110/110
f 1752/381/381 902/228/228 106/382/382
f 1601/383/383 2190/384/384 1575/385/385
f 1465/386/386 1127/387/387 213/388/388
f 2483/389/389 2545/390/390 294/391/391
f 902/228/228 1752/381/381 1840/392/392
f 1043/393/393 1777/394/394 536/395/395
f 2472/396/396 2108/397/397 1034/398/398
f 648/399/399 48/400/400 2181/401/401
f 1626/243/243 1611/402/402 2378/241/241
f 437/403/403 1460/404/404 1687/405/405
f 2405/75/75 2259/406/406 637/407/407
f 2462/408/408 1827/409/409 1507/410/410
f 1037/340/340 2247/411/411 2228/412/412
f 1936/413/413 73/414/414 241/415/415
f 2026/416/416 2390/417/417 1053/112/112
f 51/418/418 2566/419/419 839/420/420
f 125/421/421 924/422/422 1576/423/423
f 1143/136/136 1726/424/424 1319/137/137
f 1041/425/425 221/426/426 1838/314/314
f 1279/427/427 2209/428/428 1561/429/429
f 2390/417/417 2283/430/430 1053/112/112
f 807/431/431 1035/432/432 47/433/433
f 406/434/434 1647/435/435 1146/436/436
f 777/437/437 1681/438/438 163/439/439
f 2461/440/440 2304/441/441 1909/442/442
f 428/443/443 488/8/8 1787/444/444
f 2383/445/445 2130/446/446 783/447/447
f 2107/448/448 470/449/449 2268/450/450
f 462/451/451 1498/452/452 468/453/453
f 896/454/454 318/455/455 2301/456/456
f 2266/457/457 367/458/458 848/459/459
f 1685/460/460 1218/461/461 561/462/462
f 335/463/463 27/213/213 299/464/464
f 332/465/465 56/466/466 1866/467/467
f 266/468/468 56/469/466 2305/315/315
f 402/470/469 755/471/470 191/472/471
f 1212/473/472 1555/474/473 1808/475/474
f 334/476/475 1867/477/476 2354/58/58
f 1497/78/78 2542/478/477 886/479/478
f 1426/480/479 1049/481/480 2407/482/481
f 2535/483/482 1620/484/483 1339/485/484
f 2560/486/485 2535/483/482 1339/485/484
f 651/487/486 2516/488/487 595/489/488
f 766/490/489 627/491/490 506/492/491
f 928/493/492 2414/494/493 728/495/494
f 564/496/495 1830/497/496 59/498/497
f 1474/499/498 1678/500/499 640/501/500
f 1524/502/501 1549/503/502 398/504/503
f 2255/505/504 926/506/505 428/443/443
f 2249/507/506 1660/508/507 735/509/508
f 1638/510/509 823/511/510 825/512/511
f 2326/513/512 2238/216/216 1401/218/218
f 1605/514/513 1112/515/514 1295/516/515
f 221/426/426 1125/517/516 317/312/312
f 1985/518/517 1461/236/236 2250/519/518
f 1516/520/519 1767/521/520 2030/522/521
f 757/523/522 1314/524/523 1249/525/524
f 45/526/525 378/527/526 1217/528/527
f 878/529/528 485/530/529 724/531/530
f 1975/532/531 338/533/532 2428/534/533
f 2266/457/457 2053/535/534 639/536/535
f 2322/537/536 461/538/537 2111/539/538
f 1668/540/539 2222/541/540 498/542/541
f 828/543/542 946/544/543 575/545/544
f 1145/546/545 825/512/511 823/511/510
f 1080/547/546 426/548/547 530/549/548
f 1488/550/549 860/551/550 2026/552/416
f 741/553/551 1863/554/552 2073/555/553
f 1181/556/554 1844/557/555 744/558/556
f 1804/559/557 1131/560/558 82/561/559
f 620/562/560 94/563/561 158/564/562
f 1973/565/563 1747/566/564 2386/567/565
f 625/568/566 940/569/567 1243/570/568
f 2100/571/569 2097/572/570 1881/573/571
f 476/574/572 1771/575/573 993/576/574
f 179/577/575 766/490/489 1318/578/576
f 1115/579/577 1472/70/70 1487/72/72
f 1939/580/578 1335/581/579 2030/582/521
f 2337/583/580 802/584/581 24/585/582
f 55/586/583 1461/236/236 1985/518/517
f 87/587/584 1596/588/585 796/589/586
f 535/590/587 1521/591/588 1802/592/589
f 310/593/590 2352/594/591 2212/595/592
f 216/596/593 2134/597/594 1603/598/595
f 363/599/596 1134/600/597 339/601/598
f 2308/602/599 194/603/600 1051/604/601
f 556/605/602 155/606/603 740/607/604
f 1100/608/605 2145/609/606 549/610/607
f 1186/611/608 745/612/609 1590/613/610
f 526/614/611 442/615/612 2412/616/613
f 1197/617/614 622/618/615 2398/619/616
f 1111/620/617 1560/621/618 1694/622/619
f 509/623/620 614/624/621 1824/625/622
f 1481/626/623 1216/627/624 930/628/625
f 226/629/626 736/630/627 874/631/628
f 29/632/629 1342/633/630 1056/634/631
f 520/635/632 827/636/633 1251/637/634
f 467/638/635 2120/639/636 1459/640/637
f 1444/641/638 1945/642/639 1076/643/640
f 796/589/586 1596/588/585 1057/644/641
f 971/645/642 1834/646/643 77/647/644
f 1717/648/645 1871/649/646 2336/650/252
f 1134/600/597 363/599/596 587/651/647
f 2463/652/648 1933/653/649 1465/386/386
f 2353/223/223 347/222/222 80/654/650
f 1807/329/329 2464/655/651 1072/656/652
f 711/657/171 2436/251/251 936/658/172
f 1320/659/653 82/561/559 2352/594/591
f 1304/660/126 248/661/654 410/662/655
f 342/663/656 2376/664/657 273/665/658
f 1881/573/571 67/666/659 1676/667/660
f 2044/668/661 1247/669/662 490/670/663
f 140/333/333 1836/671/664 329/672/665
f 2116/673/666 1227/674/667 459/675/668
f 1450/676/669 2338/677/670 592/678/671
f 1570/679/672 332/465/465 867/680/673
f 459/675/668 1227/674/667 1570/679/672
f 1325/681/674 528/682/675 223/683/676
f 1700/684/677 1074/685/678 2119/202/202
f 943/686/679 2075/687/680 1240/688/681
f 2160/689/682 445/690/683 139/691/684
f 1728/692/685 1677/63/63 2/693/686
f 1851/694/687 2325/695/688 951/696/689
f 2036/697/690 2003/698/691 2002/699/692
f 1852/700/693 1728/692/685 2/693/686
f 659/701/694 2123/702/695 100/703/696
f 2438/704/697 1860/120/120 1482/119/119
f 2219/705/698 1586/706/699 275/707/700
f 2382/708/701 2156/709/702 1317/710/703
f 1121/711/704 1594/712/705 1803/713/706
f 83/714/707 707/715/708 2010/716/709
f 574/717/710 1695/718/711 1926/370/370
f 465/719/712 2245/720/713 17/721/714
f 599/722/715 2200/723/716 2260/724/717
f 1812/725/718 411/726/719 356/727/720
f 387/728/721 1337/729/722 2343/730/723
f 984/731/724 71/732/725 903/733/726
f 905/116/116 303/734/727 2368/117/117
f 929/735/728 1195/736/729 2100/571/569
f 1031/737/730 728/495/494 1772/738/731
f 569/739/732 1420/740/733 95/741/734
f 2509/742/735 2307/743/736 2247/411/411
f 1018/206/206 2176/353/353 1387/207/207
f 211/744/737 96/745/738 2090/746/739
f 1095/747/151 766/490/489 57/748/740
f 1046/749/741 1369/750/742 1978/751/743
f 2252/752/744 2535/483/482 1773/753/745
f 2011/754/746 2387/755/747 1418/756/748
f 495/757/749 2105/758/750 1361/759/751
f 862/760/752 868/76/76 1497/78/78
f 1802/592/589 1681/438/438 2408/761/753
f 1802/592/589 2408/761/753 830/762/754
f 407/763/755 43/764/756 2289/765/757
f 984/731/724 1877/766/758 71/732/725
f 1922/767/759 2047/768/760 558/769/761
f 1229/770/762 1132/771/763 1680/772/764
f 200/773/765 380/67/67 1543/774/766
f 883/775/767 1062/776/768 492/777/769
f 177/246/246 2083/778/770 1062/776/768
f 42/779/771 65/780/772 446/781/773
f 138/782/774 1848/783/775 781/784/776
f 1202/785/777 1833/786/778 1396/787/779
f 1409/788/780 1781/789/92 1653/790/781
f 2000/791/782 1491/792/783 99/793/784
f 90/794/785 2128/795/786 788/796/787
f 1531/797/788 28/798/789 328/799/790
f 1739/800/791 172/801/792 727/802/793
f 2554/803/794 1503/94/94 1542/96/96
f 1663/804/795 945/805/796 976/806/797
f 1959/807/798 1363/808/799 430/809/800
f 99/793/784 1362/810/801 1955/811/802
f 2098/812/803 2416/813/804 1031/737/730
f 1031/737/730 1772/738/731 2098/812/803
f 105/814/805 1537/815/806 188/816/807
f 1116/817/808 766/490/489 506/492/491
f 300/818/809 1009/819/810 219/820/811
f 1441/34/34 2161/821/812 1888/35/35
f 527/271/271 411/726/719 918/822/813
f 2136/823/814 1593/824/815 1826/825/816
f 100/703/696 1423/826/817 659/701/694
f 2335/827/818 2128/795/786 90/794/785
f 731/828/819 160/829/820 1527/830/821
f 307/831/822 547/832/823 1272/833/824
f 1225/834/825 1786/835/826 1437/88/88
f 1227/674/667 984/731/724 1505/836/827
f 1200/837/828 1773/753/745 1688/838/829
f 420/839/830 1899/840/831 2056/841/832
f 2337/583/580 432/842/833 802/584/581
f 1748/843/834 1428/844/835 584/845/836
f 683/846/837 1077/847/838 2222/541/540
f 564/496/495 59/498/497 683/846/837
f 397/848/839 2443/849/840 423/850/841
f 668/851/842 2027/852/843 109/853/844
f 302/235/235 971/645/642 1461/236/236
f 531/854/845 121/855/846 2291/856/847
f 803/857/848 1666/858/849 2254/859/850
f 414/21/21 141/860/851 1916/22/22
f 387/728/721 460/861/852 1337/729/722
f 399/862/853 543/863/854 865/89/89
f 1138/864/855 1349/98/98 811/865/856
f 360/866/857 744/558/556 1639/867/858
f 1685/460/460 561/462/462 567/868/859
f 738/869/860 1005/219/219 2058/221/221
f 1869/870/861 2048/871/862 1457/872/863
f 1072/656/652 2464/655/651 1415/250/250
f 2429/873/864 1128/874/865 1094/875/866
f 2363/876/867 1712/877/868 2367/270/270
f 1120/878/869 1598/879/870 1770/880/871
f 803/857/848 1517/881/872 1666/858/849
f 2311/882/873 2179/883/874 551/884/875
f 1095/151/151 348/153/153 215/885/876
f 886/479/478 2290/886/877 809/887/878
f 2126/888/879 2157/889/880 792/890/881
f 1028/183/183 1820/891/882 117/892/883
f 158/564/562 1743/893/884 620/562/560
f 142/68/68 1952/894/885 1469/895/886
f 340/896/887 938/897/888 300/818/809
f 2327/898/889 300/818/809 219/820/811
f 2133/899/890 98/900/891 549/610/607
f 1353/901/892 2116/673/666 1288/902/893
f 127/903/894 118/904/895 1435/905/896
f 906/906/897 1436/907/898 965/908/899
f 966/909/900 309/910/901 906/911/897
f 1242/912/902 733/913/903 1692/914/904
f 100/703/696 2123/702/695 788/796/787
f 2122/915/905 204/916/906 2300/917/907
f 2196/918/908 998/919/909 1235/920/910
f 1831/921/911 1963/922/912 1483/923/913
f 1283/924/914 1234/925/915 2237/926/916
f 2309/60/60 334/476/475 2354/58/58
f 2287/927/917 2245/720/713 465/719/712
f 2197/928/918 1734/163/163 793/929/919
f 1793/930/920 121/855/846 2022/931/921
f 1624/932/922 1262/933/923 1662/934/924
f 1471/935/925 674/936/926 678/937/927
f 2209/428/428 674/938/926 1561/429/429
f 1159/939/928 1757/940/929 2049/210/210
f 2237/926/916 1156/941/930 1283/924/914
f 1494/942/931 1253/943/932 3/944/933
f 38/945/934 2062/946/935 629/947/936
f 687/948/937 629/947/936 313/231/231
f 1432/949/938 785/950/939 534/951/940
f 1449/952/941 33/953/942 580/954/943
f 2469/955/944 2406/956/945 295/957/946
f 674/936/926 1471/935/925 1445/958/947
f 414/21/21 2207/959/948 141/860/851
f 2370/960/949 1527/830/821 2016/961/950
f 580/954/943 2356/335/335 1872/337/337
f 771/962/951 1400/963/952 2573/964/953
f 270/965/954 1208/966/955 469/967/956
f 1557/968/957 1394/969/958 128/970/959
f 111/971/960 1876/972/961 1434/973/962
f 2548/38/38 981/974/963 1371/975/964
f 345/976/965 395/977/966 2334/978/967
f 2386/567/565 1747/566/564 1003/979/968
f 954/980/969 1747/566/564 1086/981/970
f 1659/982/971 1117/983/972 1108/984/973
f 449/985/974 1388/986/975 1556/987/976
f 189/988/977 2129/989/978 1029/990/979
f 1583/991/980 1593/992/815 2328/993/981
f 2049/210/210 636/994/982 132/995/983
f 1777/394/394 284/996/984 536/395/395
f 1302/997/985 133/998/986 1198/999/987
f 134/1000/988 1644/71/71 1472/70/70
f 2453/1001/989 2114/1002/990 1606/1003/991
f 1716/1004/992 1661/1005/993 1910/346/346
f 2536/1006/994 701/1007/995 1910/346/346
f 445/690/683 1065/1008/996 197/1009/997
f 14/1010/998 2333/1011/999 207/1012/1000
f 771/962/951 2573/964/953 2558/1013/1001
f 877/1014/1002 1322/1015/1003 463/19/19
f 125/421/421 873/9/9 2216/1016/1004
f 1896/1017/1005 1904/1018/1006 2517/1019/343
f 1322/1015/1003 877/1014/1002 1506/1020/1007
f 1442/1021/1008 2332/363/363 900/1022/1009
f 709/1023/1010 942/1024/1011 1451/1025/1012
f 1512/1026/1013 2236/1027/1014 1339/485/484
f 555/1028/1015 2005/1029/1016 1846/1030/1017
f 881/1031/1018 290/1032/1019 1903/1033/1020
f 290/1032/1019 2415/1034/1021 1152/1035/1022
f 130/1036/1023 2106/1037/1024 256/1038/1025
f 893/1039/1026 230/1040/1027 1171/1041/1028
f 445/690/683 197/1009/997 450/1042/1029
f 814/1043/1030 507/1044/1031 1933/653/649
f 1613/1045/1032 1660/508/507 677/1046/1033
f 46/372/372 1402/1047/1034 748/1048/1035
f 329/672/665 1025/1049/1036 140/333/333
f 115/1050/1037 1656/1051/1038 1234/925/915
f 937/1052/1039 543/863/854 399/862/853
f 1063/1053/1040 1162/1054/1041 1894/1055/1042
f 2109/1056/1043 117/892/883 1820/891/882
f 2173/1057/1044 1731/1058/1045 1150/1059/1046
f 743/1060/1047 2073/555/553 1863/554/552
f 2460/1061/1048 1753/1062/1049 1737/1063/1050
f 1188/1064/1051 1033/306/306 49/305/305
f 346/1065/1052 25/1066/1053 2007/1067/1054
f 1469/895/886 1743/893/884 2194/1068/1055
f 2481/1069/1056 474/1070/1057 1579/1071/1058
f 962/1072/1059 1579/1071/1058 474/1070/1057
f 650/1073/1060 1345/1074/1061 806/1075/1062
f 675/1076/1063 795/1077/1064 2294/1078/1065
f 391/1079/1066 1296/1080/1067 2369/1081/1068
f 2438/704/697 624/1082/1069 1774/1083/1070
f 1928/1084/1071 1687/405/405 1045/1085/1072
f 1452/1086/1073 2522/1087/1074 2008/1088/1075
f 669/1089/1076 1129/1090/1077 1566/1091/1078
f 13/1092/1079 1356/1093/1080 517/1094/1081
f 1106/1095/1082 1619/1096/1083 1969/1097/1084
f 2485/1098/1085 982/169/169 1350/1099/1086
f 1019/95/95 2276/1100/1087 2152/1101/1088
f 2412/616/613 505/1102/1089 914/1103/1090
f 1370/1104/1091 1069/1105/1092 997/281/281
f 1497/78/78 886/479/478 1870/1106/1093
f 1663/804/795 690/1107/1094 945/805/796
f 1563/1108/1095 2499/46/46 2434/1109/1096
f 1672/1110/1097 741/553/551 1815/1111/1098
f 1166/1112/1099 2065/1113/1100 1362/810/801
f 278/1114/1101 2520/263/263 1845/1115/1102
f 33/953/942 473/1116/1103 580/954/943
f 145/1117/1104 1028/183/183 117/892/883
f 2056/841/832 1340/1118/1105 145/1117/1104
f 146/1119/1106 1301/1120/1107 2251/1121/1108
f 753/1122/1109 2336/252/252 794/254/254
f 1845/1115/1102 246/265/265 144/264/264
f 1993/1123/1110 2412/616/613 1577/1124/1111
f 529/1125/1112 389/1126/1113 849/1127/1114
f 1289/159/159 149/158/158 1500/1128/1115
f 1724/1129/1116 1086/981/970 1747/566/564
f 841/1130/1117 508/1131/1118 1097/1132/1119
f 150/366/366 362/365/365 640/501/500
f 2120/639/636 467/638/635 1585/1133/1120
f 2260/724/717 1104/1134/1121 2001/1135/1122
f 1662/1136/924 1990/1137/1123 1300/1138/1124
f 895/1139/1125 1244/1140/1126 1275/1141/1127
f 245/1142/1128 1789/1143/1129 510/128/128
f 245/1142/1128 510/128/128 2273/1144/1130
f 2403/1145/1131 1456/29/29 1640/28/28
f 653/1146/1132 2563/1147/1133 1136/1148/1134
f 1680/772/764 1133/1149/1135 2084/1150/1136
f 2472/396/396 1034/398/398 1567/298/298
f 42/779/771 446/781/773 615/1151/1137
f 551/884/875 1318/1152/576 2311/882/873
f 993/576/574 1318/578/576 551/1153/875
f 155/606/603 2314/1154/1138 1048/1155/1139
f 1830/497/496 1531/797/788 328/799/790
f 519/1156/1140 2282/1157/1141 35/1158/1142
f 60/1159/1143 841/1130/1117 1097/1132/1119
f 411/726/719 2180/1160/1144 356/727/720
f 2124/1161/1145 156/1162/1146 2113/1163/1147
f 1093/1164/1148 439/1165/1149 2089/1166/1150
f 1383/1167/1151 157/1168/1152 856/215/215
f 2314/1154/1138 2145/609/606 247/1169/1153
f 1555/474/473 826/1170/1154 1808/475/474
f 85/1171/1155 1220/39/39 2373/1172/1156
f 2006/1173/1157 64/1174/1158 2373/1172/1156
f 435/1175/1159 1474/1176/498 2566/419/419
f 2533/1177/1160 541/249/249 2436/251/251
f 89/1178/1161 746/1179/1162 2125/1180/1163
f 776/1181/1164 2437/1182/1165 1049/481/480
f 2437/1182/1165 2320/1183/1166 944/1184/1167
f 1355/1185/1168 842/1186/1169 287/1187/1170
f 986/6/6 752/5/5 894/1188/1171
f 2322/537/536 2111/539/538 1600/1189/1172
f 624/1082/1069 1155/1190/1173 1774/1083/1070
f 846/1191/1174 1080/547/546 632/1192/1175
f 235/1193/1176 350/1194/1177 162/1195/1178
f 1864/1196/1179 1681/438/438 1802/592/589
f 131/1197/1180 148/1198/1181 2374/1199/1182
f 951/696/689 2325/695/688 1946/1200/1183
f 406/434/434 538/1201/1184 1647/435/435
f 1285/1202/1185 2537/109/109 1255/1203/1186
f 885/1204/1187 892/1205/1188 2029/1206/1189
f 1722/1207/1190 2348/1208/1191 1089/1209/1192
f 1943/1210/1193 1367/1211/1194 1961/1212/1195
f 168/1213/1196 887/1214/1197 1276/1215/1198
f 328/799/790 28/798/789 2313/1216/1199
f 683/846/837 59/498/497 2313/1216/1199
f 2255/505/504 428/443/443 702/1217/1200
f 1111/620/617 323/1218/1201 1375/1219/1202
f 1292/1220/1203 1968/1221/1204 969/1222/1205
f 2049/210/210 1757/940/929 392/1223/1206
f 1755/1224/1207 1802/592/589 1521/591/588
f 40/323/323 1669/1225/1208 1697/1226/1209
f 2015/1227/1210 896/454/454 1230/1228/1211
f 1720/1229/1212 2509/742/735 857/1230/1213
f 38/945/934 2055/1231/1214 2062/946/935
f 88/1232/1215 182/1233/1216 1384/1234/1217
f 2170/1235/1218 648/399/399 1178/1236/1219
f 1956/1237/1220 2489/1238/1221 1602/32/32
f 1931/1239/1222 2453/1001/989 1606/1003/991
f 498/542/541 988/1240/1223 1668/540/539
f 719/1241/91 1650/1242/200 1764/1243/1224
f 720/1244/161 92/1245/1225 1604/1246/1226
f 490/670/663 173/1247/1227 2044/668/661
f 596/1248/1228 1293/1249/1229 2441/1250/1230
f 1675/1251/1231 494/1252/55 456/1253/54
f 2397/1254/1232 1475/1255/1233 1590/613/610
f 1475/1255/1233 431/1256/1234 1241/1257/1235
f 1027/1258/1236 2069/157/157 942/1024/1011
f 2526/1259/1237 1729/147/147 1761/1260/1238
f 219/820/811 783/447/447 1464/1261/1239
f 1887/187/187 497/1262/1240 1960/1263/1241
f 999/27/27 1965/1264/1242 1640/28/28
f 1333/1265/1243 2351/1266/1244 607/1267/1245
f 1299/1268/1246 1590/613/610 835/1269/1247
f 1475/1255/1233 835/1269/1247 1590/613/610
f 838/275/275 1582/1270/1248 876/1271/1249
f 176/1272/1250 1333/1265/1243 2547/1273/1251
f 2568/1274/1252 2419/1275/1253 1075/1276/1254
f 674/936/926 1850/1277/1255 678/937/927
f 1392/184/184 1981/1278/1256 2074/182/182
f 1679/1279/1257 1981/1278/1256 257/1280/1258
f 1161/1281/1259 2302/237/237 1742/267/267
f 1154/1282/1260 1408/1283/1261 2523/1284/1262
f 1446/1285/1263 1468/1286/1264 760/1287/1265
f 1243/570/568 776/1181/1164 2157/889/880
f 1232/87/87 1852/700/693 815/85/85
f 537/1288/1266 1786/835/826 1225/834/825
f 2388/1289/1267 1668/540/539 1912/1290/1268
f 1408/1283/1261 1912/1290/1268 988/1240/1223
f 627/491/490 766/490/489 179/577/575
f 1169/1291/1269 1569/1292/1270 1571/1293/1271
f 1237/1294/1272 807/431/431 47/433/433
f 252/1295/1273 1528/1296/1274 1764/1243/1224
f 1650/1242/200 252/1295/1273 1764/1243/1224
f 724/531/530 263/1297/1275 878/529/528
f 2561/1298/1276 2081/1299/1277 2540/1300/1278
f 2159/1301/1279 777/437/437 855/209/209
f 2033/1302/1280 1544/1303/1281 1817/1304/1282
f 1821/1305/1283 1784/1306/1284 431/1256/1234
f 1691/1307/1285 662/1308/1286 643/1309/1287
f 876/1271/1249 1829/1310/1288 1736/1311/1289
f 1021/1312/1290 747/1313/1291 1925/1314/1292
f 285/1315/1293 380/67/67 2329/1316/1294
f 2329/1316/1294 892/1205/1188 885/1204/1187
f 1719/1317/1295 2430/1318/1296 1438/1319/1297
f 1632/1320/1298 515/1321/1299 471/1322/1300
f 2508/293/293 1410/1323/1301 1632/1320/1298
f 1496/1324/1302 200/773/765 1543/774/766
f 283/1325/1303 1496/1324/1302 442/615/612
f 501/1326/1304 174/145/145 1938/1327/1305
f 515/1321/1299 501/1326/1304 1938/1327/1305
f 512/214/214 2035/12/12 1168/11/11
f 156/1328/1146 2347/1329/1306 1389/1330/1307
f 2367/270/270 1813/269/269 2363/876/867
f 1224/325/325 195/324/324 1600/1189/1172
f 462/451/451 468/453/453 1231/180/180
f 685/1331/1308 1941/1332/1309 1822/1333/1310
f 1322/1015/1003 1782/1334/1311 463/19/19
f 2138/1335/1312 1013/1336/1313 1749/1337/1314
f 2138/1335/1312 1853/1338/1315 1013/1336/1313
f 343/1339/1316 2122/915/905 2407/482/481
f 699/1340/1317 655/1341/1318 327/1342/1319
f 1043/393/393 1828/1343/1320 1084/1344/1321
f 1084/1344/1321 1828/1343/1320 1823/1345/1322
f 2174/1346/1323 540/1347/148 1047/1348/1324
f 897/1349/1325 1397/1350/1326 2457/1351/1327
f 2127/1352/1328 590/1353/1329 34/1354/1330
f 2302/237/237 2127/1352/1328 34/1354/1330
f 2219/705/698 1925/1314/1292 293/1355/1331
f 286/1356/1332 1772/738/731 1004/1357/1333
f 796/589/586 69/1358/1334 1804/559/557
f 1188/1064/1051 1169/1291/1269 10/1359/1335
f 1992/1360/1336 213/388/388 209/1361/1337
f 187/1362/1338 1686/1363/1339 1739/800/791
f 2449/1364/1340 568/1365/1341 10/1359/1335
f 941/1366/1342 10/1359/1335 568/1365/1341
f 341/1367/1343 1831/921/911 1483/923/913
f 1701/1368/1344 1183/1369/1345 1751/1370/1346
f 422/1371/1347 1701/1372/1344 1412/1373/1348
f 189/988/977 2086/1374/1349 1889/1375/1350
f 1701/1368/1344 1751/1370/1346 2532/1376/1351
f 182/1233/1216 1588/1377/1352 722/1378/1353
f 185/1379/1354 2437/1182/1165 944/1184/1167
f 2519/1380/1355 2466/1381/1356 1164/1382/1357
f 1964/1383/1358 563/1384/1359 382/1385/1360
f 1187/1386/1361 1399/1387/1362 1643/1388/1363
f 1938/1327/1305 174/145/145 1980/1389/1364
f 2526/1259/1237 1761/1260/1238 1980/1389/1364
f 2011/754/746 192/1390/1365 2191/1391/1366
f 792/890/881 193/1392/1367 2126/888/879
f 2425/266/266 1067/1393/1368 268/1394/1369
f 1499/1395/1370 2019/1396/1371 126/1397/1372
f 181/1398/1373 1081/1399/1374 263/1297/1275
f 520/635/632 1251/637/634 1123/1400/1375
f 2546/1401/1376 1316/1402/1377 1163/1403/1378
f 660/1404/1379 1215/41/41 609/40/40
f 2258/1405/1380 1553/1406/1381 2458/349/349
f 1530/1407/1382 199/1408/1383 2369/1081/1068
f 600/1409/1384 391/1079/1066 2369/1081/1068
f 2228/412/412 619/1410/1385 784/261/261
f 2247/411/411 619/1410/1385 2228/412/412
f 1268/1411/1386 325/1412/1387 1316/1402/1377
f 200/773/765 1496/1324/1302 2553/1413/1388
f 1695/718/711 2287/927/917 465/719/712
f 734/1414/1389 1395/1415/1390 902/228/228
f 734/1414/1389 902/228/228 663/230/230
f 2077/123/123 856/215/215 2528/1416/1391
f 2077/123/123 1099/1417/1392 1467/121/121
f 1661/1005/993 2536/1006/994 1910/346/346
f 2524/1418/1393 105/814/805 2175/1419/1394
f 1282/1420/1395 723/1421/1396 596/1248/1228
f 2063/1422/1397 2438/704/697 1607/1423/1398
f 1607/1423/1398 2438/704/697 1382/1424/1399
f 739/1425/1400 1670/1426/1401 813/1427/1402
f 861/318/318 629/947/936 2062/946/935
f 1657/1428/1403 2060/1429/1404 2415/1034/1021
f 2060/1429/1404 261/1430/1405 2415/1034/1021
f 1790/1431/1406 2156/709/702 1278/1432/1407
f 1217/528/527 378/527/526 2140/1433/1408
f 202/1434/1409 1534/1435/1410 638/1436/1411
f 1342/633/630 1256/1437/1412 1056/634/631
f 2514/1438/1413 2406/956/945 1450/676/669
f 419/105/105 412/1439/1414 1203/1440/1415
f 2296/1441/1416 1818/1442/1417 1808/1443/474
f 1452/1086/1073 2033/1302/1280 2522/1087/1074
f 1769/1444/1418 2095/1445/1419 819/1446/1420
f 80/654/650 1839/1447/1421 2353/223/223
f 2295/1448/1422 1072/656/652 1929/1449/1423
f 376/327/327 658/1450/1424 2293/1451/1425
f 1091/1452/1426 102/1453/1427 2321/1454/1428
f 96/745/738 1250/1455/1429 1341/1456/152
f 477/1457/1430 1198/1458/987 1040/1459/1431
f 1067/1393/1368 2425/266/266 2126/888/879
f 2377/1460/1432 425/1461/1433 1838/314/314
f 2154/1462/1434 1378/1463/1435 1153/1464/1436
f 240/1465/1437 2531/1466/1438 1239/1467/1439
f 788/796/787 591/288/288 1702/287/287
f 339/601/598 309/910/901 1994/1468/1440
f 1166/1112/1099 1884/1469/1441 1016/114/114
f 299/464/464 1699/1470/1442 956/1471/1443
f 16/348/348 2319/66/66 679/334/334
f 1519/65/65 2377/1460/1432 2319/66/66
f 1336/1472/1444 1338/1473/1445 1017/1474/1446
f 1284/1475/1447 1687/405/405 1928/1084/1071
f 2372/1476/1448 1581/1477/1449 1928/1084/1071
f 353/1478/1450 797/1479/1451 1995/326/326
f 1015/1480/1452 2486/1481/1453 1503/94/94
f 1665/245/245 2018/244/244 616/1482/1454
f 616/1482/1454 585/1483/1455 559/1484/1456
f 1779/1485/1457 1044/1486/1458 244/1487/1459
f 209/1361/1337 2120/639/636 2379/1488/1460
f 875/178/178 661/1489/1461 1226/1490/1462
f 388/1491/1463 2026/416/416 1053/112/112
f 1716/1004/992 1856/1492/1464 1816/1493/1465
f 1716/1004/992 1910/346/346 1726/424/424
f 1711/52/52 1233/1494/1466 210/53/53
f 2350/1495/1467 1476/1496/257 1871/649/646
f 1631/1497/1468 603/1498/1469 220/1499/1470
f 1509/1500/1471 806/1075/1062 1345/1074/1061
f 675/1076/1063 2301/456/456 318/455/455
f 779/1501/1472 2524/1418/1393 2175/1419/1394
f 1595/1502/1473 1692/914/904 1579/1071/1058
f 1462/1503/1474 1579/1071/1058 733/913/903
f 2476/1504/1475 1512/1026/1013 1261/1505/1476
f 779/1501/1472 2175/1419/1394 845/1506/1477
f 845/1506/1477 2175/1419/1394 1805/1507/1478
f 902/228/228 1395/1415/1390 106/382/382
f 977/319/319 861/318/318 106/382/382
f 212/1508/1479 2350/1495/1467 1233/1509/1466
f 1711/52/52 2204/1510/1480 1508/1511/1481
f 804/1512/164 1123/1400/1375 1126/1513/165
f 2422/1514/1482 2223/1515/1483 1633/1516/1484
f 1547/225/225 1175/227/227 1642/1517/1485
f 304/1518/1486 2326/513/512 454/1519/1487
f 1455/1520/1488 1710/1521/1489 1295/516/515
f 1992/1360/1336 1189/1522/1490 213/388/388
f 1742/1523/267 1827/409/409 1161/1524/1259
f 214/1525/1491 1006/1526/1492 1336/1472/1444
f 964/1527/1493 2198/134/134 438/133/133
f 215/885/876 2311/882/873 2409/1528/1494
f 2311/882/873 2308/602/599 1051/604/601
f 834/1529/1495 2281/1530/1496 2509/742/735
f 434/1531/1497 1134/600/597 587/651/647
f 1026/286/286 1908/1532/1498 307/831/822
f 2109/1056/1043 1679/1279/1257 1749/1337/1314
f 2500/1533/1499 2102/1534/1500 1957/1535/1501
f 2070/1536/1502 2102/1534/1500 2500/1533/1499
f 1009/819/810 935/1537/1503 1937/1538/1504
f 2255/505/504 2383/445/445 1730/1539/1505
f 76/1540/1506 1919/1541/1507 951/1542/689
f 2167/115/115 161/1543/1508 2447/1544/1509
f 1949/1545/1510 867/680/673 780/1546/1511
f 516/1547/1512 1283/924/914 1591/1548/1513
f 1150/1059/1046 676/1549/1514 2078/1550/1515
f 1405/1551/1516 409/1552/1517 820/1553/1518
f 12/1554/1519 1310/1555/1520 780/1546/1511
f 978/1556/1521 706/1557/1522 306/1558/1523
f 1020/1559/1524 5/1560/1525 1124/1561/1526
f 2471/1562/1527 577/1563/1528 1087/1564/1529
f 577/1563/1528 1754/1565/1530 2159/1301/1279
f 1670/1426/1401 244/1487/1459 484/1566/1531
f 2470/1567/1532 921/1568/1533 78/1569/4
f 1508/1511/1481 2204/1510/1480 1689/1570/1534
f 435/1175/1159 2566/419/419 1330/1571/1535
f 61/1572/1536 2433/1573/1537 800/1574/1538
f 2321/1454/1428 225/1575/1539 1091/1452/1426
f 1535/304/304 2562/1576/1540 49/305/305
f 187/1362/1338 2562/1576/1540 1535/304/304
f 1244/1140/1126 53/1577/1541 2461/440/440
f 828/543/542 1795/1578/1542 316/1579/1543
f 256/1038/1025 1171/1041/1028 1481/1580/623
f 1692/914/904 970/1581/1544 231/1582/1545
f 455/1583/1546 83/714/707 2010/716/709
f 2185/1584/1547 1313/1585/1548 2007/1067/1054
f 2168/1586/1549 1943/1210/1193 1961/1212/1195
f 2224/1587/1550 2557/13/13 1197/617/614
f 2295/1448/1422 1929/1449/1423 2557/13/13
f 76/1540/1506 1518/1588/1551 1533/1589/1552
f 1229/770/762 1680/772/764 2084/1150/1136
f 1817/1304/1282 2522/1087/1074 2033/1302/1280
f 2207/959/948 2280/1590/1553 911/1591/1554
f 1910/346/346 957/345/345 1319/137/137
f 2110/168/168 2507/1592/1555 982/169/169
f 2159/1301/1279 1358/1593/1556 577/1563/1528
f 1247/669/662 1738/352/352 2013/354/354
f 235/1193/1176 758/1594/1557 1268/1411/1386
f 1546/1595/1558 1942/1596/1559 394/1597/1560
f 2408/761/753 1785/1598/1561 830/762/754
f 44/355/355 1634/1599/1562 70/356/356
f 236/1600/1563 1010/1601/1564 650/1073/1060
f 204/916/906 2192/1602/1565 453/1603/1566
f 2531/1466/1438 240/1465/1437 972/1604/1567
f 1223/1605/1568 1337/729/722 460/861/852
f 1656/1051/1038 2102/1534/1500 2070/1536/1502
f 1132/771/763 1229/770/762 1544/1303/1281
f 2008/1088/1075 898/1606/1569 237/1607/1570
f 134/1000/988 2171/1608/1571 2453/1001/989
f 586/1609/1572 2153/1610/1573 844/1611/1574
f 594/1612/1575 2236/1027/1014 1038/282/282
f 370/1613/1576 1818/1442/1417 1703/1614/1577
f 1936/413/413 238/1615/1578 2424/1616/1579
f 1265/1617/1580 238/1615/1578 1558/1618/1581
f 944/1184/1167 2320/1183/1166 170/1619/1582
f 170/1619/1582 239/1620/1583 1087/1564/1529
f 242/253/253 1476/257/257 989/256/256
f 1473/1621/1584 1323/1622/1585 2291/856/847
f 1487/72/72 544/1623/1586 222/1624/1587
f 1644/71/71 544/1623/1586 1487/72/72
f 1202/785/777 2296/1441/1416 1833/786/778
f 1326/1625/1588 2346/1626/1589 249/359/359
f 1985/518/517 2250/519/518 2265/1627/1590
f 333/321/321 2451/1628/1591 882/322/322
f 1303/1629/1592 389/1126/1113 1554/1630/1593
f 68/191/191 30/1631/1594 1061/1632/1595
f 1843/1633/1596 802/584/581 432/842/833
f 1547/225/225 280/1634/1597 1520/1635/1598
f 484/1566/1531 2440/1636/1599 1972/1637/1600
f 1565/1638/1601 1920/1639/1602 1373/50/50
f 247/1169/1153 2145/609/606 157/1168/1152
f 2098/812/803 1059/1640/1603 2416/813/804
f 302/235/235 2027/852/843 971/645/642
f 1938/1327/1305 1525/1641/1604 2385/1642/1605
f 2385/1642/1605 515/1321/1299 1938/1327/1305
f 1926/370/370 46/372/372 1281/1643/1606
f 811/865/856 2475/1644/1607 250/1645/1608
f 788/796/787 1861/1646/1609 90/794/785
f 1559/198/198 2147/1647/1610 2014/199/199
f 957/345/345 1825/344/344 128/970/959
f 31/1648/1611 1759/1649/1612 2046/1650/1613
f 1214/1651/1614 1064/1652/1615 1696/1653/1616
f 529/1125/1112 578/1654/1617 471/1322/1300
f 2325/695/688 578/1654/1617 1192/1655/1618
f 2194/1068/1055 1967/1656/1619 672/69/69
f 1715/1657/1620 505/1102/1089 1977/1658/1621
f 2488/1659/1622 2564/1660/1623 1613/1045/1032
f 523/1661/1624 903/733/726 1553/1406/1381
f 2054/1662/1625 904/1663/1626 2046/1650/1613
f 86/1664/1627 1885/1665/1628 1923/1666/1629
f 1194/1667/1630 914/1103/1090 319/1668/1631
f 1529/1669/1632 543/863/854 937/1052/1039
f 2243/309/309 1691/1307/1285 417/307/307
f 1492/1670/1633 723/1421/1396 762/1671/1634
f 1753/1062/1049 2388/1289/1267 36/1672/1635
f 1101/1673/1636 1733/1674/1637 1176/1675/1638
f 2496/1676/1639 755/471/470 1331/1677/1640
f 755/471/470 647/1678/1641 1331/1677/1640
f 696/1679/1642 705/1680/1643 2031/1681/1644
f 2316/1682/1645 1515/1683/1646 1176/1675/1638
f 1362/810/801 2065/1113/1100 2454/113/113
f 1955/811/802 1362/810/801 464/1684/1647
f 255/1685/1648 1258/1686/1649 1794/1687/1650
f 1794/1688/1650 439/1165/1149 255/1689/1648
f 1259/1690/1651 678/937/927 1329/1691/1652
f 1102/1692/1653 2525/1693/1654 1430/1694/1655
f 39/1695/1656 728/495/494 1760/1696/1657
f 256/1038/1025 1481/1580/623 2099/1697/1658
f 828/543/542 575/545/544 630/1698/1659
f 2527/1699/1660 2325/695/688 1851/694/687
f 2508/293/293 1098/1700/1661 2550/294/294
f 257/1280/1258 1063/1053/1040 2487/1701/1662
f 761/1702/1663 453/1603/1566 494/55/55
f 1330/1571/1535 1516/520/519 2172/1703/1664
f 787/1704/1665 1551/174/174 1330/1571/1535
f 2129/989/978 1114/1705/1666 1029/990/979
f 2345/1706/1667 2439/279/279 2262/1707/1668
f 1078/1708/1669 1463/332/332 679/334/334
f 33/953/942 1449/952/941 2364/339/339
f 1617/1709/1670 1182/1710/1671 1393/1711/1672
f 2115/1712/1673 1950/1713/1674 833/1714/1675
f 2176/353/353 2149/1715/1676 1387/207/207
f 632/1192/1175 2426/1716/1677 15/1717/1678
f 2122/915/905 2300/917/907 120/1718/1679
f 1426/480/479 143/1719/1680 1049/481/480
f 632/1192/1175 1080/547/546 530/549/548
f 2352/594/591 260/1720/1681 2212/595/592
f 2345/1706/1667 939/280/280 2439/279/279
f 1616/1721/1682 693/1722/1683 2310/127/127
f 1448/1723/1684 1/1724/1685 1103/1725/316
f 599/722/715 2151/300/300 2200/723/716
f 1184/1726/1686 1950/1713/1674 1485/1727/1687
f 1458/1728/1688 1380/1729/1689 2559/1730/1690
f 1981/1278/1256 1162/1054/1041 1063/1053/1040
f 2382/708/701 1125/517/516 2156/709/702
f 1886/1731/1691 1975/532/531 2279/1732/1692
f 1573/1733/1693 1795/1734/1542 1536/1735/1694
f 568/1365/1341 2449/1364/1340 1924/1736/1695
f 553/1737/1696 1106/1095/1082 1969/1097/1084
f 1089/1209/1192 1103/316/316 1199/1738/1697
f 1603/598/595 2134/597/594 589/1739/1698
f 402/470/469 191/472/471 1768/1740/1699
f 375/297/297 917/1741/1700 961/1742/1701
f 1768/1740/1699 191/472/471 2203/1743/1702
f 1725/1744/1703 191/472/471 1643/1388/1363
f 2383/445/445 1937/1538/1504 1730/1539/1505
f 601/1745/1704 945/805/796 1324/1746/1705
f 1103/1725/316 976/806/797 945/805/796
f 1715/1657/1620 1977/1658/1621 2365/1747/1706
f 2412/616/613 442/615/612 2521/1748/1707
f 1128/874/865 2226/1749/1708 441/1750/1709
f 2226/1749/1708 991/1751/1710 2290/886/877
f 748/1048/1035 2355/1752/1711 1419/1753/1712
f 1308/1754/1713 1012/1755/1714 211/744/737
f 269/1756/1715 781/784/776 1326/1625/1588
f 2099/1697/1658 269/1756/1715 566/1757/1716
f 2440/1636/1599 244/1487/1459 1044/1486/1458
f 311/1758/1717 695/1759/1718 1779/1485/1457
f 1223/1605/1568 1208/966/955 701/1007/995
f 1833/786/778 1510/1760/1719 186/1761/1720
f 2457/1351/1327 1397/1350/1326 2210/1762/1721
f 1222/1763/1722 198/380/380 1050/379/379
f 2298/262/262 1845/1115/1102 2520/263/263
f 1845/1115/1102 2298/262/262 246/265/265
f 823/511/510 2427/1764/1723 259/1765/1724
f 87/587/584 796/589/586 681/1766/1725
f 1804/559/557 681/1766/1725 796/589/586
f 1744/1767/1726 1586/706/699 2219/705/698
f 1119/1768/1727 121/855/846 1651/1769/1728
f 18/377/377 2527/1699/1660 1851/694/687
f 775/1770/1729 2062/946/935 2055/1231/1214
f 1425/1771/1730 2485/1098/1085 474/1070/1057
f 2485/1098/1085 708/1772/1731 474/1070/1057
f 1631/1497/1468 273/665/658 603/1498/1469
f 1266/1773/1732 564/496/495 274/64/64
f 361/1774/1733 6/1775/1734 1266/1773/1732
f 1272/833/824 1165/1776/1735 1206/1777/1736
f 1968/1778/1204 817/1779/1737 275/707/700
f 1875/1780/1738 817/1779/1737 1968/1778/1204
f 81/1781/1739 666/1782/1740 598/1783/1741
f 81/1784/1739 2432/1785/1742 2494/1786/1743
f 2141/1787/1744 122/1788/1745 2563/1147/1133
f 1073/1789/1746 698/1790/1747 504/1791/1748
f 144/264/264 278/1114/1101 1845/1115/1102
f 807/431/431 2117/1792/1749 52/1793/1750
f 606/1794/1751 1932/1795/1752 1647/435/435
f 606/1794/1751 1647/435/435 2117/1792/1749
f 1584/1796/1753 1646/1797/1754 1958/1798/1755
f 1345/1074/1061 2301/456/456 1509/1500/1471
f 1149/1799/1756 2235/1800/1757 1306/290/290
f 279/49/49 1214/1651/1614 604/1801/1758
f 2396/48/48 1741/248/248 279/49/49
f 2061/1802/1759 1836/671/664 2392/1803/1760
f 1545/1804/1761 368/1805/1762 1454/1806/1763
f 1642/1517/1485 2344/1807/1764 280/1634/1597
f 1756/1808/1765 1695/718/711 574/717/710
f 1495/74/74 396/73/73 92/1245/1225
f 1328/1809/1766 1496/1324/1302 1543/774/766
f 2365/1747/1706 2270/1810/1767 1328/1809/1766
f 2178/1811/1768 1516/520/519 2030/522/521
f 1443/1812/1769 281/1813/1770 1982/1814/1771
f 1652/1815/1772 1504/1816/1773 1154/1282/1260
f 1154/1282/1260 1912/1290/1268 1408/1283/1261
f 1165/1776/1735 1272/833/824 2058/221/221
f 1272/833/824 738/869/860 2058/221/221
f 1518/1588/1551 1841/1817/1774 1327/1818/1775
f 1778/362/362 2030/582/521 1335/581/579
f 2178/1819/1768 2534/1820/1776 282/1821/1777
f 1880/1822/1778 1272/833/824 1206/1777/1736
f 1206/1777/1736 1165/1776/1735 597/1823/1779
f 2059/1824/1780 145/1117/1104 486/1825/1781
f 362/365/365 1474/499/498 640/501/500
f 7/1826/1782 385/1827/1783 1386/1828/1784
f 1928/1084/1071 1045/1085/1072 508/1131/1118
f 1944/1829/1785 1274/1830/1786 2491/1831/1787
f 2553/1413/1388 1496/1324/1302 283/1325/1303
f 1065/1008/996 418/1832/1788 2189/1833/1789
f 1497/78/78 913/77/77 2542/478/477
f 631/1834/1790 1952/894/885 285/1315/1293
f 1823/1345/1322 1828/1343/1320 2394/1835/1791
f 2537/109/109 1185/111/111 1255/1203/1186
f 380/67/67 1952/894/885 142/68/68
f 285/1315/1293 1952/894/885 380/67/67
f 1773/753/745 2535/483/482 2560/486/485
f 2216/1016/1004 873/9/9 935/1537/1503
f 287/1187/1170 842/1186/1169 104/301/301
f 1355/1185/1168 288/1836/1792 842/1186/1169
f 310/1837/590 2212/1838/592 1355/1185/1168
f 1354/1839/1793 2392/1803/1760 1836/671/664
f 1673/1840/1794 2407/482/481 582/1841/1795
f 820/1553/1518 409/1552/1517 223/683/676
f 1378/1463/1435 315/1842/1796 1153/1464/1436
f 237/1607/1570 898/1606/1569 2173/1843/1044
f 881/1031/1018 884/1844/1797 290/1032/1019
f 291/201/201 1700/684/677 2119/202/202
f 1368/93/93 2075/687/680 719/91/91
f 294/391/391 416/1845/1798 373/1846/1799
f 1791/1847/1800 2037/1848/1801 1/1724/1685
f 1249/525/524 1780/1849/1802 1844/1850/555
f 1279/1851/427 295/957/946 2186/1852/1803
f 1007/1853/132 642/1854/1804 2565/1855/1805
f 2401/1856/1806 487/1857/1807 1043/393/393
f 2222/541/540 691/1858/1808 2493/1859/1809
f 1800/1860/1810 1753/1062/1049 74/1861/1811
f 786/1862/1812 1520/1635/1598 932/1863/1813
f 147/1864/1814 975/203/203 822/205/205
f 1682/1865/1815 1717/648/645 767/1866/1816
f 1580/1867/1817 2238/216/216 910/1868/1818
f 1248/1869/1819 2291/856/847 121/855/846
f 2163/122/122 2093/10/10 2035/12/12
f 920/1870/1820 2232/1871/1821 2339/1872/1822
f 1075/1276/1254 641/1873/1823 2041/1874/1824
f 1230/1228/1211 499/289/289 2015/1227/1210
f 1192/1655/1618 2067/1875/1825 2325/695/688
f 850/1876/1826 957/345/345 128/970/959
f 1222/1763/1722 176/1877/1250 198/380/380
f 23/1878/1827 299/464/464 550/1879/1828
f 1016/114/114 299/464/464 1254/1880/1829
f 883/775/767 300/818/809 947/1881/1830
f 300/818/809 883/775/767 492/777/769
f 1882/1882/1831 905/1883/116 2538/240/240
f 2376/664/657 1694/1884/619 273/665/658
f 279/49/49 2411/247/247 947/1881/1830
f 947/1881/1830 1135/1885/1832 883/775/767
f 302/235/235 1963/922/912 2358/1886/1833
f 302/235/235 2358/1886/1833 2027/852/843
f 1955/811/802 1032/1887/1834 666/1888/1740
f 464/1684/1647 1032/1887/1834 1955/811/802
f 1210/1889/1835 2318/212/212 304/1518/1486
f 600/1409/1384 2369/1081/1068 199/1408/1383
f 2063/1422/1397 624/1082/1069 2438/704/697
f 2284/1890/1836 1615/1891/1837 1439/1892/1838
f 2190/384/384 852/1893/1839 478/1894/51
f 1429/1895/1840 1940/101/101 1406/1896/1841
f 1484/1897/1842 1940/101/101 1429/1895/1840
f 1876/972/961 1979/1898/1843 1434/973/962
f 663/230/230 2121/229/229 825/512/511
f 752/5/5 1711/52/52 852/1899/1839
f 2445/1900/1844 1653/790/781 1528/1296/1274
f 1653/790/781 1764/1243/1224 1528/1296/1274
f 1684/1901/1845 2202/1902/1846 295/957/946
f 307/831/822 1750/1903/1847 1026/286/286
f 307/831/822 1272/833/824 1880/1822/1778
f 918/822/813 411/726/719 1812/725/718
f 441/1750/1709 2180/1160/1144 1712/877/868
f 2174/1346/1323 1485/1727/1687 1950/1713/1674
f 1397/1904/1326 1182/1710/1671 2115/1712/1673
f 2107/448/448 2359/1905/1848 470/449/449
f 69/1358/1334 1967/1656/1619 1391/1906/1849
f 1804/559/557 69/1358/1334 1131/560/558
f 2418/1907/1850 309/910/901 966/909/900
f 410/1908/655 2497/1909/1851 2340/1910/1852
f 158/564/562 94/563/561 920/1870/1820
f 2055/1231/1214 38/945/934 311/1758/1717
f 58/7/7 312/1911/1853 488/8/8
f 1806/1912/1854 1892/1913/1855 116/1914/1856
f 58/7/7 2444/20/20 1538/1915/80
f 684/1916/1857 1377/1917/1858 880/1918/1859
f 2181/401/401 2076/1919/1860 1737/1063/1050
f 129/1920/1861 2330/1921/1862 1024/1922/1863
f 1753/1062/1049 2085/1923/1864 1574/1924/1865
f 1354/1839/1793 1627/1925/1866 1454/1806/1763
f 1836/671/664 1118/313/313 840/1926/1867
f 1645/367/367 308/369/369 1110/1927/1868
f 313/231/231 1167/1928/1869 1597/1929/1870
f 1019/95/95 2486/1481/1453 2276/1100/1087
f 1664/1930/1871 131/1197/1180 789/1931/1872
f 789/1931/1872 2079/1932/1873 2476/1504/1475
f 440/1933/1874 1305/1934/1875 2288/110/110
f 2025/1935/1876 1189/1522/1490 2389/1936/1877
f 2079/1932/1873 789/1931/1872 107/1937/1878
f 2236/1027/1014 2079/1932/1873 1038/282/282
f 1269/1938/1879 1713/1939/1880 322/1940/1881
f 1575/385/385 2152/1101/1088 2276/1100/1087
f 974/1941/1882 2024/1942/1883 2152/1101/1088
f 1361/759/751 2105/758/750 319/1668/1631
f 634/1943/1884 168/1213/1196 26/1944/1885
f 1053/112/112 1016/114/114 1254/1880/1829
f 1053/112/112 2543/1945/1886 388/1491/1463
f 330/1946/1887 854/1947/1888 889/1948/1889
f 1203/1440/1415 1776/1949/1890 419/105/105
f 1597/1929/1870 1167/1928/1869 2103/1950/1891
f 1275/1141/1127 320/1951/1892 2555/1952/1893
f 1661/1005/993 429/1953/1894 1227/674/667
f 1227/674/667 713/1954/1895 1570/679/672
f 56/469/466 2482/1955/1896 2305/315/315
f 724/531/530 338/533/532 1975/532/531
f 1971/1956/1897 1494/942/931 3/944/933
f 258/338/338 784/261/261 704/1957/1898
f 707/715/708 1242/912/902 2010/716/709
f 610/1958/1899 701/1007/995 2536/1006/994
f 1599/1959/1900 2473/1960/1901 1239/1467/1439
f 1001/1961/1902 758/1594/1557 2240/1962/1903
f 1174/1963/1904 326/374/374 175/1964/1905
f 2252/752/744 1418/756/748 2535/483/482
f 1202/785/777 1818/1442/1417 2296/1441/1416
f 205/1965/1906 2452/185/185 367/458/458
f 2313/1216/1199 59/498/497 328/799/790
f 59/498/497 1830/497/496 328/799/790
f 1810/273/273 110/272/272 329/672/665
f 568/1365/1341 1810/273/273 2061/1802/1759
f 1343/1966/1907 2084/1150/1136 741/553/551
f 581/1967/1908 1004/1357/1333 331/1968/1909
f 333/321/321 581/1967/1908 2451/1628/1591
f 332/465/465 1042/1969/1910 1324/1970/1705
f 867/680/673 332/465/465 1324/1970/1705
f 2270/1810/1767 2365/1747/1706 1977/1658/1621
f 1551/174/174 2568/1274/1252 778/1971/1911
f 1127/387/387 1933/653/649 507/1044/1031
f 334/476/475 1124/1561/1526 1555/474/473
f 1212/473/472 334/476/475 1555/474/473
f 1265/1617/1580 741/553/551 1136/1148/1134
f 741/553/551 2084/1150/1136 1133/1149/1135
f 220/1499/1470 161/1543/1508 2167/115/115
f 755/471/470 1082/189/189 1704/1972/1912
f 1082/189/189 755/471/470 2496/1676/1639
f 727/802/793 101/100/100 838/275/275
f 867/680/673 2434/1109/1096 2499/46/46
f 1643/1388/1363 191/472/471 1187/1386/1361
f 1704/1972/1912 191/472/471 755/471/470
f 2151/300/300 1037/340/340 1449/952/941
f 2364/339/339 1449/952/941 1037/340/340
f 1721/190/190 1082/189/189 2496/1676/1639
f 2124/1973/1145 2113/1974/1147 525/1975/1913
f 335/463/463 1913/211/211 27/213/213
f 1625/1976/1914 1173/1977/1915 25/1066/1053
f 628/1978/1916 1701/1372/1344 190/1979/1917
f 1260/1980/1918 56/466/466 1816/1493/1465
f 1260/1980/1918 1196/1981/1919 338/1982/532
f 898/1606/1569 2008/1088/1075 84/1983/1920
f 724/531/530 665/1984/1921 338/533/532
f 665/1985/1921 2480/1986/1922 1260/1980/1918
f 1749/1337/1314 184/1987/1923 2138/1335/1312
f 631/1834/1790 1469/895/886 1952/894/885
f 620/562/560 1743/893/884 1469/895/886
f 577/1563/1528 2471/1562/1527 1754/1565/1530
f 851/311/311 1008/1988/1924 1492/1670/1633
f 851/311/311 762/1671/1634 2384/14/14
f 2116/673/666 1353/901/892 984/731/724
f 984/731/724 1227/674/667 2116/673/666
f 1731/1989/1045 2173/1843/1044 898/1606/1569
f 898/1606/1569 84/1983/1920 337/1990/1925
f 1721/190/190 1389/1991/1307 1615/1891/1837
f 1465/386/386 1189/1522/1490 2025/1935/1876
f 930/1992/625 2099/1697/1658 1481/1580/623
f 1390/1993/1926 1762/1994/1927 1831/921/911
f 2129/989/978 1363/808/799 1114/1705/1666
f 1114/1705/1666 1363/808/799 1959/807/798
f 1637/138/138 506/492/491 843/1995/1928
f 1909/442/442 1013/1336/1313 1207/1996/1929
f 376/327/327 2293/1451/1425 511/328/328
f 657/1997/1930 511/328/328 185/1379/1354
f 993/576/574 179/577/575 1318/578/576
f 295/957/946 1445/958/947 1684/1901/1845
f 490/670/663 1293/1249/1229 173/1247/1227
f 2569/1998/1931 111/971/960 2549/1999/1932
f 1106/1095/1082 2337/2000/580 24/2001/582
f 185/1379/1354 944/1184/1167 1906/2002/1933
f 1459/640/637 1198/999/987 133/998/986
f 2301/456/456 675/1076/1063 1509/1500/1471
f 1509/1500/1471 675/1076/1063 806/1075/1062
f 1367/1211/1194 349/2003/1934 1314/524/523
f 843/1995/1928 1143/136/136 1637/138/138
f 812/2004/1935 173/1247/1227 1293/1249/1229
f 1966/2005/1936 1293/1249/1229 2506/2006/1937
f 825/512/511 2121/229/229 1638/510/509
f 1685/460/460 111/971/960 2569/1998/1931
f 786/1862/1812 2505/2007/1938 393/2008/1939
f 1172/2009/1940 1384/1234/1217 2397/1254/1232
f 1098/1700/1661 1632/1320/1298 2527/1699/1660
f 1739/800/791 352/2010/1941 187/1362/1338
f 1360/2011/1942 617/2012/1943 2021/2013/1944
f 354/2014/1945 1978/751/743 184/1987/1923
f 971/645/642 2027/852/843 2098/812/803
f 1834/646/643 971/645/642 2098/812/803
f 312/1911/1853 314/2015/79 2144/2016/1946
f 2397/1254/1232 1384/1234/1217 1475/1255/1233
f 1677/63/63 908/62/62 686/2017/1947
f 1677/63/63 686/2017/1947 1934/2018/1948
f 1895/2019/1949 1456/29/29 2403/1145/1131
f 762/1671/1634 723/1421/1396 1691/1307/1285
f 2028/2020/1950 1423/826/817 100/703/696
f 1491/792/783 1166/1112/1099 99/793/784
f 338/1982/532 1196/1981/1919 2428/2021/533
f 1791/1847/1800 1/1724/1685 1448/1723/1684
f 2051/2022/1951 116/1914/1856 208/2023/1952
f 2565/2024/1805 208/2023/1952 1007/132/132
f 1358/1593/1556 1763/208/208 2195/2025/1953
f 2362/131/131 1358/1593/1556 2195/2025/1953
f 659/701/694 1423/826/817 1774/1083/1070
f 1606/1003/991 988/1240/1223 498/542/541
f 1466/2026/1954 361/1774/1733 2458/349/349
f 1695/718/711 465/719/712 5/1560/1525
f 1926/370/370 1695/718/711 1997/2027/1955
f 1300/1138/1124 1655/2028/1956 1662/1136/924
f 2386/567/565 1003/979/968 1366/2029/1957
f 1904/2030/1006 2498/341/341 2517/343/343
f 364/181/181 1231/180/180 1041/425/425
f 1370/1104/1091 1548/2031/1958 994/2032/1959
f 2380/2033/1960 53/1577/1541 1658/2034/1961
f 1251/637/634 1501/2035/1962 1123/1400/1375
f 2017/2036/1963 550/1879/1828 2225/2037/1964
f 2544/2038/1965 2029/1206/1189 1351/2039/1966
f 725/2040/1967 2100/571/569 2369/1081/1068
f 2369/1081/1068 2100/571/569 1530/1407/1382
f 1254/1880/1829 1457/872/863 2543/1945/1886
f 731/828/819 389/1126/1113 529/1125/1112
f 1632/1320/1298 471/1322/1300 750/2041/1968
f 885/1204/1187 2029/1206/1189 1263/2042/1969
f 873/9/9 1576/423/423 2045/2043/1970
f 877/1014/1002 839/420/420 1506/1020/1007
f 1902/2044/1971 1597/1929/1870 2103/1950/1891
f 1175/227/227 1809/226/226 1973/565/563
f 1620/484/483 97/2045/1972 135/2046/1973
f 2381/2047/1974 2402/2048/1975 1862/118/118
f 1698/2049/1976 251/2050/1977 2251/1121/1108
f 2255/505/504 2130/446/446 2383/445/445
f 909/2051/1978 1559/198/198 1855/2052/1979
f 1517/881/872 2164/2053/1980 1559/198/198
f 2145/609/606 856/215/215 157/1168/1152
f 856/215/215 2145/609/606 1100/608/605
f 1293/1249/1229 1966/2005/1936 812/2004/1935
f 812/2004/1935 1966/2005/1936 1184/1726/1686
f 2328/993/981 1593/992/815 534/951/940
f 1421/2054/1981 2095/2055/1419 451/2056/1982
f 2024/1942/1883 224/2057/1983 2152/1101/1088
f 294/391/391 373/1846/1799 646/2058/1984
f 1491/792/783 1478/2059/1985 1592/2060/1986
f 1478/2059/1985 579/2061/1987 359/2062/1988
f 129/1920/1861 954/980/969 1086/981/970
f 319/1668/1631 914/1103/1090 1361/759/751
f 2430/1318/1296 1913/211/211 1438/1319/1297
f 650/1073/1060 443/2063/1989 236/1600/1563
f 2435/2064/1990 1741/248/248 2396/48/48
f 1316/1402/1377 325/1412/1387 1430/1694/1655
f 1281/1643/1606 1785/1598/1561 1926/370/370
f 375/297/297 1893/2065/1991 1651/1769/1728
f 1571/1293/1271 1569/1292/1270 1568/2066/1992
f 2384/14/14 762/1671/1634 1671/2067/1993
f 2293/1451/1425 658/1450/1424 972/1604/1567
f 656/2068/1994 2001/1135/1122 1578/2069/1995
f 1870/1106/1093 886/479/478 472/2070/1996
f 1122/2071/1997 886/479/478 809/887/878
f 602/2072/1998 2558/1013/1001 1616/1721/1682
f 88/1232/1215 1385/2073/1999 182/1233/1216
f 377/2074/2000 1273/2075/2001 652/2076/2002
f 461/538/537 2052/2077/2003 2111/539/538
f 583/368/368 378/527/526 45/526/525
f 1628/108/108 1849/107/107 379/2078/2004
f 1269/1938/1879 1101/1673/1636 91/2079/2005
f 611/2080/2006 593/2081/2007 2316/2082/1645
f 3/944/933 1580/1867/1817 62/2083/2008
f 935/1537/1503 873/9/9 488/8/8
f 2329/1316/1294 565/2084/2009 892/1205/1188
f 381/2085/2010 483/2086/2011 1228/2087/2012
f 273/665/658 1881/573/571 342/663/656
f 889/1948/1889 1560/621/618 330/1946/1887
f 1653/790/781 1781/789/92 1764/1243/1224
f 719/1241/91 1764/1243/1224 180/2088/2013
f 1687/405/405 1460/404/404 805/2089/2014
f 1385/2073/1999 88/1232/1215 379/2078/2004
f 99/793/784 1955/811/802 1346/2090/2015
f 2000/791/782 99/793/784 768/2091/2016
f 1979/1898/1843 1080/547/546 1434/973/962
f 1761/1260/1238 1464/1261/1239 1980/1389/1364
f 382/1385/1360 1556/987/976 241/415/415
f 1617/1709/1670 1539/2092/2017 1182/1710/1671
f 1528/1296/1274 384/2093/2018 2445/1900/1844
f 1528/1296/1274 1141/2094/2019 384/2093/2018
f 1703/1614/1577 1818/1442/1417 1202/785/777
f 599/722/715 2260/724/717 2001/1135/1122
f 1231/180/180 773/2095/2020 1041/425/425
f 1907/2096/2021 1395/1415/1390 734/1414/1389
f 782/2097/2022 2282/1157/1141 519/1156/1140
f 2035/12/12 856/215/215 2077/123/123
f 911/1591/1554 2187/2098/2023 232/2099/2024
f 959/2100/2025 2107/448/448 2268/450/450
f 1316/1402/1377 1430/1694/1655 2525/1693/1654
f 1245/2101/2026 466/2102/2027 389/1126/1113
f 837/81/81 531/854/845 633/2103/2028
f 531/854/845 2022/931/921 121/855/846
f 2499/46/46 1563/1108/1095 1948/47/47
f 1687/405/405 379/2078/2004 1849/107/107
f 283/1325/1303 442/615/612 526/614/611
f 1192/2104/1618 2003/698/691 1946/2105/1183
f 600/1409/1384 646/2058/1984 391/1079/1066
f 637/407/407 2259/406/406 1974/238/238
f 2405/75/75 1495/74/74 2259/406/406
f 1974/238/238 2259/406/406 2518/2106/2029
f 1097/1132/1119 1076/643/640 75/2107/2030
f 1748/843/834 2406/956/945 1988/2108/2031
f 850/1876/1826 1537/815/806 957/345/345
f 1537/815/806 850/1876/1826 188/816/807
f 2304/441/441 2109/1056/1043 1909/442/442
f 519/1156/1140 35/1158/1142 1916/22/22
f 1407/2109/2032 1916/22/22 35/1158/1142
f 393/2008/1939 1336/1472/1444 1017/1474/1446
f 2272/2110/2033 1283/924/914 516/1547/1512
f 384/2093/2018 2272/2110/2033 2445/1900/1844
f 547/832/823 307/831/822 1908/1532/1498
f 246/265/265 1565/1638/1601 1373/50/50
f 2354/58/58 1419/1753/1712 2478/59/59
f 1395/1415/1390 977/319/319 106/382/382
f 1117/983/972 995/2111/2034 1914/2112/2035
f 2158/2113/2036 395/977/966 756/2114/2037
f 92/1245/1225 396/73/73 1604/1246/1226
f 2174/1346/1323 2053/535/534 1485/1727/1687
f 1284/1475/1447 1581/1477/1449 1185/111/111
f 2095/2055/1419 1452/1086/1073 451/2056/1982
f 1720/1229/1212 834/1529/1495 2509/742/735
f 2445/1900/1844 2272/2110/2033 516/1547/1512
f 1142/2115/2038 1908/1532/1498 2455/2116/2039
f 397/848/839 896/454/454 2443/849/840
f 397/848/839 1230/1228/1211 896/454/454
f 2517/343/343 2215/342/342 1782/2117/1311
f 1782/1334/1311 1322/1015/1003 2517/1019/343
f 1087/1564/1529 577/1563/1528 1792/2118/2040
f 2530/2119/2041 617/2012/1943 1087/1564/1529
f 1542/96/96 1019/95/95 4/3/3
f 1052/2120/2042 2092/2121/2043 2136/823/814
f 2201/2122/2044 937/1052/1039 874/631/628
f 1149/1799/1756 1306/290/290 400/2123/2045
f 1096/2124/2046 1099/1417/1392 1105/2125/2047
f 2528/1416/1391 856/215/215 1100/608/605
f 1221/2126/2048 2455/2116/2039 522/43/43
f 2235/1800/1757 423/850/841 1315/2127/2049
f 1855/2128/1979 402/470/469 909/2129/1978
f 1447/2130/2050 1535/304/304 1278/1432/1407
f 1447/2130/2050 187/1362/1338 1535/304/304
f 242/253/253 1323/1622/1585 1473/1621/1584
f 1473/1621/1584 794/254/254 242/253/253
f 404/2131/2051 1295/516/515 1112/515/514
f 906/906/897 405/2132/2052 1839/1447/1421
f 889/1948/1889 30/1631/1594 1560/621/618
f 1162/1054/1041 1392/184/184 2315/2133/2053
f 1340/1118/1105 2349/2134/2054 1392/184/184
f 1438/1319/1297 341/1367/1343 1483/923/913
f 1477/2135/2055 2196/918/908 1235/920/910
f 1877/766/758 556/605/602 407/763/755
f 740/607/604 407/763/755 556/605/602
f 1436/907/898 906/906/897 1839/1447/1421
f 1839/1447/1421 80/654/650 1054/2136/2056
f 214/1525/1491 1608/2137/2057 1006/1526/1492
f 1069/1105/1092 1923/1666/1629 1885/1665/1628
f 301/2138/2058 72/2139/2059 2538/240/240
f 2184/2140/2060 1380/1729/1689 1458/1728/1688
f 2317/2141/2061 169/2142/2062 1002/2143/2063
f 1781/789/92 1409/788/780 1368/2144/93
f 1550/2145/2064 1180/2146/2065 1428/844/835
f 1409/788/780 857/1230/1213 1368/2144/93
f 1720/1229/1212 857/1230/1213 1409/788/780
f 1578/2069/1995 2448/2147/2066 1190/2148/2067
f 223/683/676 673/2149/2068 1325/681/674
f 84/1983/1920 673/2150/2068 409/2151/1517
f 992/2152/2069 1304/660/126 410/662/655
f 1446/1285/1263 992/2152/2069 1468/1286/1264
f 527/271/271 2367/270/270 411/726/719
f 157/1168/1152 1976/2153/2070 2166/2154/2071
f 419/105/105 1450/676/669 592/678/671
f 680/364/364 150/366/366 1652/1815/1772
f 150/366/366 1900/2155/2072 1652/1815/1772
f 1326/1625/1588 781/784/776 2346/1626/1589
f 2090/746/739 96/745/738 766/490/489
f 173/1247/1227 812/2004/1935 2044/668/661
f 2161/821/812 1669/1225/1208 908/62/62
f 1321/104/104 2112/2156/2073 419/105/105
f 1450/676/669 419/105/105 2514/1438/1413
f 2519/1380/1355 916/2157/2074 2466/1381/1356
f 1045/1085/1072 1687/405/405 960/2158/2075
f 1170/2159/2076 2418/1907/1850 421/2160/2077
f 2069/157/157 1055/2161/2078 942/1024/1011
f 422/2162/1347 697/2163/2079 1494/942/931
f 336/2164/2080 237/1607/1570 422/1371/1347
f 423/850/841 2235/1800/1757 1149/1799/1756
f 934/2165/2081 2245/720/713 2287/927/917
f 408/142/142 871/2166/2082 518/2167/2083
f 793/929/919 1850/1277/1255 934/2168/2081
f 339/601/598 1134/600/597 1603/598/595
f 2163/122/122 1473/1621/1584 2291/856/847
f 279/49/49 1741/248/248 2411/247/247
f 2032/2169/2084 1575/385/385 2276/1100/1087
f 2486/1481/1453 1643/1388/1363 2276/1100/1087
f 426/548/547 825/512/511 530/549/548
f 2253/2170/2085 825/512/511 426/548/547
f 1097/1132/1119 427/2171/2086 1983/2172/2087
f 1181/556/554 744/558/556 821/2173/2088
f 932/1863/1813 1520/1635/1598 643/1309/1287
f 643/1309/1287 662/1308/1286 932/1863/1813
f 616/1482/1454 2324/2174/2089 207/1012/1000
f 1975/532/531 1873/2175/2090 2279/1732/1692
f 2267/2176/2091 1364/2177/2092 2076/1919/1860
f 429/1953/1894 1661/1005/993 1716/1004/992
f 713/1954/1895 1716/1004/992 1816/1493/1465
f 2454/113/113 1053/112/112 2283/430/430
f 987/2178/2093 1999/2179/2094 1718/242/242
f 1718/242/242 1375/1219/1202 987/2178/2093
f 1231/180/180 1364/2177/2092 773/2095/2020
f 480/2180/2095 1090/26/26 20/57/57
f 548/24/24 1090/26/26 2221/2181/2096
f 893/1039/1026 1171/1041/1028 1624/932/922
f 1900/2155/2072 282/1821/1777 1193/361/361
f 1193/361/361 2085/1923/1864 1900/2155/2072
f 1261/1505/1476 131/1197/1180 1664/1930/1871
f 534/951/940 712/2182/2097 2328/993/981
f 2504/2183/2098 844/1611/1574 2066/2184/2099
f 1784/1306/1284 722/1378/1353 431/1256/1234
f 1852/700/693 431/1256/1234 1728/692/685
f 1046/749/741 880/1918/1859 1377/1917/1858
f 433/2185/2100 444/303/303 1854/2186/2101
f 2468/2187/2102 1879/2188/2103 1994/1468/1440
f 1928/1084/1071 508/1131/1118 841/1130/1117
f 1919/1541/1507 76/1540/1506 1533/1589/1552
f 1474/1176/498 435/1175/1159 1678/2189/499
f 2449/1364/1340 10/1359/1335 1532/2190/2104
f 1608/2137/2057 438/133/133 1006/1526/1492
f 152/2191/2105 2089/1166/1150 439/1165/1149
f 2252/752/744 192/1390/1365 2011/754/746
f 2057/2192/2106 477/1457/1430 1250/1455/1429
f 1470/2193/2107 1517/2194/872 1847/2195/2108
f 1517/881/872 1331/2196/1640 2164/2053/1980
f 2085/1923/1864 2170/1235/1218 1574/1924/1865
f 2200/723/716 2567/2197/2109 2260/724/717
f 1466/2026/1954 1540/2198/2110 730/2199/2111
f 2034/2200/2112 1489/2201/2113 1888/35/35
f 374/2202/2114 1897/2203/2115 572/2204/2116
f 1562/2205/2117 443/2063/1989 806/1075/1062
f 1125/517/516 2382/708/701 317/312/312
f 746/1179/1162 2541/2206/2118 445/690/683
f 1491/792/783 1592/2060/1986 1884/1469/1441
f 1907/2096/2021 2103/1950/1891 1395/1415/1390
f 1395/1415/1390 1290/233/233 977/319/319
f 1686/1363/1339 1765/2207/2119 1375/1219/1202
f 1399/1387/1362 1082/189/189 2087/188/188
f 65/780/772 2523/1284/1262 1267/296/296
f 413/2208/2120 1154/1282/1260 65/780/772
f 2484/177/177 447/176/176 13/1092/1079
f 767/1866/1816 147/1864/1814 822/205/205
f 822/205/205 2024/1942/1883 448/2209/2121
f 2086/1374/1349 449/985/974 1556/987/976
f 374/2202/2114 1489/2201/2113 1897/2203/2115
f 2091/2210/2122 1897/2203/2115 1489/2201/2113
f 847/2211/2123 2046/1650/1613 2304/441/441
f 1351/2039/1966 2029/1206/1189 707/715/708
f 451/2056/1982 2008/1088/1075 923/2212/2124
f 1093/1164/1148 255/1689/1648 439/1165/1149
f 1659/982/971 1108/984/973 2146/17/17
f 120/1718/1679 2300/917/907 959/2213/2025
f 2206/2214/2125 2010/716/709 231/1582/1545
f 1514/2215/2126 1518/1588/1551 700/2216/2127
f 1237/1294/1272 770/2217/2128 2456/2218/2129
f 1659/982/971 1649/16/16 452/2219/2130
f 1060/2220/2131 1649/2221/16 2199/2222/2132
f 457/2223/2133 1346/2090/2015 1955/811/802
f 2432/1785/1742 1955/811/802 2494/1786/1743
f 1376/310/310 458/2224/2134 2422/1514/1482
f 2557/13/13 1929/1449/1423 1376/310/310
f 1225/834/825 1437/88/88 1874/2225/2135
f 1874/2225/2135 1437/88/88 252/1295/1273
f 1113/139/139 554/141/141 85/1171/1155
f 1039/2226/2136 1795/1578/1542 828/543/542
f 1570/679/672 1949/1545/1510 459/675/668
f 764/2227/2137 1288/902/893 2116/673/666
f 460/861/852 2280/1590/1553 953/2228/2138
f 461/2229/537 396/73/73 2052/2230/2003
f 19/2231/2139 396/73/73 1858/2232/2140
f 1231/180/180 948/179/179 462/451/451
f 503/195/195 824/2233/2141 1334/196/196
f 463/19/19 58/7/7 873/9/9
f 2115/2234/1673 1683/2235/2142 2210/2236/1721
f 186/1761/1720 2457/1351/1327 2210/1762/1721
f 1363/808/799 464/2237/1647 1842/2238/2143
f 1307/2239/2144 598/1783/1741 1451/1025/1012
f 1303/2240/1592 1554/2241/1593 1372/2242/2145
f 182/1233/1216 1385/2073/1999 2034/2200/2112
f 2323/2243/2146 2226/1749/1708 2290/886/877
f 1257/2244/2147 1459/640/637 133/998/986
f 1292/2245/1203 1875/1780/1738 1968/1778/1204
f 414/21/21 469/967/956 1208/966/955
f 469/967/956 414/21/21 968/2246/2148
f 74/1861/1811 691/1858/1808 1800/1860/1810
f 1890/129/129 602/2072/1998 1616/1721/1682
f 1616/1721/1682 2285/2247/2149 693/1722/1683
f 545/2248/2150 1513/2249/2151 381/2085/2010
f 253/2250/2152 470/449/449 2105/758/750
f 2091/2210/2122 112/2251/2153 805/2089/2014
f 112/2251/2153 2091/2210/2122 1489/2201/2113
f 1338/1473/1445 2012/140/140 1113/139/139
f 1006/1526/1492 2012/140/140 1338/1473/1445
f 816/2252/2154 1951/2253/2155 814/1043/1030
f 2463/652/648 814/1043/1030 1933/653/649
f 1277/2254/2156 1939/2255/578 2030/522/521
f 2497/1909/1851 82/561/559 1320/659/653
f 1704/1972/1912 1187/1386/1361 191/472/471
f 2391/2256/2157 1057/644/641 1444/641/638
f 2339/1872/1822 1743/893/884 158/564/562
f 1068/2257/2158 2293/1451/1425 972/1604/1567
f 84/1983/1920 2008/1088/1075 1343/1966/1907
f 1195/2258/729 929/2259/728 323/1218/1201
f 1743/893/884 2339/1872/1822 2194/1068/1055
f 865/89/89 475/2260/2159 399/862/853
f 2028/2020/1950 1862/118/118 1423/826/817
f 253/2250/2152 495/757/749 862/760/752
f 2243/309/309 1671/2067/1993 762/1671/1634
f 1964/1383/1358 382/1385/1360 241/415/415
f 1895/2019/1949 2403/1145/1131 682/2261/2160
f 229/2262/2161 1219/2263/2162 2403/1145/1131
f 2279/2264/1692 1196/1981/1919 476/574/572
f 1341/152/152 477/2265/1430 348/153/153
f 1439/1892/1838 305/2266/2163 1601/383/383
f 522/43/43 1313/1585/1548 1221/2126/2048
f 1719/1317/1295 1985/518/517 1636/2267/2164
f 1719/1317/1295 1438/1319/1297 1985/518/517
f 1724/1129/1116 1110/1927/1868 2043/2268/2165
f 2263/2269/2166 1734/163/163 2193/2270/166
f 479/2271/2167 53/1577/1541 2380/2033/1960
f 53/1577/1541 2297/2272/2168 810/2273/2169
f 2221/2181/2096 1090/26/26 480/2180/2095
f 1863/554/552 2026/552/416 1148/2274/2170
f 1217/528/527 703/2275/2171 963/2276/2172
f 1499/1395/1370 2330/1921/1862 2019/1396/1371
f 2481/1069/1056 1577/1124/1111 2274/2277/2173
f 484/1566/1531 1722/1207/1190 588/2278/2174
f 2183/2279/2175 1061/1632/1595 1442/1021/1008
f 1318/578/576 766/490/489 1095/747/151
f 2482/1955/1896 485/530/529 2305/315/315
f 486/1825/1781 2046/1650/1613 1759/1649/1612
f 2472/396/396 1567/298/298 961/1742/1701
f 1043/393/393 487/1857/1807 1777/394/394
f 1234/925/915 1656/1051/1038 2545/390/390
f 1234/925/915 2545/390/390 2483/389/389
f 487/1857/1807 1066/2280/2176 1777/394/394
f 2362/131/131 2195/2025/1953 284/2281/984
f 800/1574/1538 2188/2282/2177 61/1572/1536
f 340/896/887 2327/898/889 1464/1261/1239
f 244/1487/1459 2440/1636/1599 484/1566/1531
f 1964/1383/1358 241/415/415 73/414/414
f 2411/247/247 1135/1885/1832 947/1881/1830
f 1134/600/597 1311/2283/2178 1327/1818/1775
f 585/1483/1455 616/1482/1454 207/1012/1000
f 227/2284/2179 2436/251/251 2464/655/651
f 2421/2285/2180 1624/932/922 1662/934/924
f 935/1537/1503 488/8/8 1730/1539/1505
f 428/443/443 926/506/505 488/8/8
f 2013/354/354 490/670/663 1247/669/662
f 964/1527/1493 2441/1250/1230 2013/354/354
f 1209/2286/2181 14/1010/998 489/30/30
f 853/2287/2182 489/30/30 1602/32/32
f 491/2288/2183 920/1870/1820 1240/688/681
f 2013/354/354 2441/1250/1230 490/670/663
f 2441/1250/1230 1293/1249/1229 490/670/663
f 2239/2289/2184 1641/156/156 2068/155/155
f 1392/184/184 1028/183/183 1340/1118/1105
f 1180/2146/2065 1550/2145/2064 1422/2290/2185
f 2400/2291/2186 2547/2292/1251 1456/29/29
f 738/869/860 394/1597/1560 2546/1401/1376
f 394/1597/1560 738/869/860 547/832/823
f 2186/2293/1803 127/2294/894 1435/2295/896
f 1276/1215/1198 1526/2296/2187 1634/1599/1562
f 14/1010/998 1610/2297/2188 489/30/30
f 2123/702/695 1155/1190/1173 2357/154/154
f 1570/679/672 713/1954/1895 332/465/465
f 164/277/277 998/919/909 838/275/275
f 2315/2133/2053 2361/2298/2189 2540/1300/1278
f 1068/2257/2158 240/1465/1437 2192/1602/1565
f 2571/2299/2190 1091/1452/1426 496/2300/2191
f 1370/1104/1091 1923/1666/1629 1069/1105/1092
f 552/2301/2192 1548/2031/1958 1370/1104/1091
f 2563/1147/1133 1265/1617/1580 1136/1148/1134
f 2563/1147/1133 122/1788/1745 1265/1617/1580
f 415/2302/2193 2023/186/186 2044/668/661
f 1728/692/685 1674/61/61 1677/63/63
f 722/1378/1353 1588/1377/1352 2161/821/812
f 2505/2007/1938 214/1525/1491 1336/1472/1444
f 393/2008/1939 2505/2007/1938 1336/1472/1444
f 1027/1258/1236 942/1024/1011 709/1023/1010
f 715/2303/2194 2519/1380/1355 1164/1382/1357
f 2519/1380/1355 642/1854/1804 799/2304/2195
f 1931/1239/1222 1606/1003/991 498/542/541
f 1077/847/838 1644/71/71 134/1000/988
f 500/2305/2196 2417/2306/2197 1138/864/855
f 1410/1323/1301 501/1326/1304 515/1321/1299
f 1410/1323/1301 2508/293/293 2420/295/295
f 1778/362/362 1335/581/579 2332/363/363
f 2569/1998/1931 2549/1999/1932 846/1191/1174
f 1080/547/546 846/1191/1174 1434/973/962
f 2163/122/122 1248/1869/1819 2093/10/10
f 1119/1768/1727 2093/10/10 1248/1869/1819
f 501/1326/1304 1410/1323/1301 2420/295/295
f 502/2307/2198 1904/1018/1006 1896/1017/1005
f 616/1482/1454 2018/244/244 2324/2174/2089
f 938/897/888 1610/2297/2188 2324/2174/2089
f 1349/98/98 1862/118/118 2028/2020/1950
f 442/615/612 2270/1810/1767 2521/1748/1707
f 438/133/133 1177/2308/2199 1006/1526/1492
f 1637/138/138 2524/1418/1393 506/492/491
f 1116/817/808 506/492/491 2524/1418/1393
f 431/1256/1234 1927/2309/2200 1728/692/685
f 1674/61/61 1728/692/685 1927/2309/2200
f 508/1131/1118 1274/1830/1786 1097/1132/1119
f 508/1131/1118 1045/1085/1072 1274/1830/1786
f 153/2310/2201 1104/1134/1121 890/2311/2202
f 509/2312/620 1201/2313/2203 138/782/774
f 2304/441/441 117/892/883 2109/1056/1043
f 2046/1650/1613 117/892/883 2304/441/441
f 1980/1389/1364 1525/1641/1604 1938/1327/1305
f 41/82/82 745/612/609 254/83/83
f 919/2314/2204 1924/1736/1695 2278/2315/2205
f 2256/2316/2206 1540/2198/2110 740/607/604
f 1466/2026/1954 740/607/604 1540/2198/2110
f 1383/1167/1151 1996/2317/2207 157/1168/1152
f 420/839/830 123/2318/2208 1954/2319/2209
f 1673/1840/1794 343/1339/1316 2407/482/481
f 252/1295/1273 1437/88/88 2299/2320/2210
f 513/31/31 1729/147/147 533/2321/2211
f 973/2322/2212 1761/1260/1238 1729/147/147
f 701/1007/995 1825/344/344 1910/346/346
f 1832/2323/2213 514/2324/2214 2525/1693/1654
f 818/2325/2215 195/324/324 40/323/323
f 520/635/632 2322/537/536 195/324/324
f 1410/1323/1301 515/1321/1299 1632/1320/1298
f 1810/273/273 329/672/665 2061/1802/1759
f 329/672/665 1836/671/664 2061/1802/1759
f 517/1094/1081 859/2326/2216 2484/177/177
f 1863/554/552 741/553/551 1672/1110/1097
f 1954/2319/2209 1899/840/831 420/839/830
f 518/2167/2083 871/2166/2082 7/1826/1782
f 2247/411/411 1037/340/340 2151/300/300
f 141/860/851 911/1591/1554 232/2099/2024
f 68/191/191 1714/2327/2217 1365/192/192
f 921/1568/1533 2470/1567/1532 798/2328/2218
f 212/1508/1479 921/2329/1533 2350/1495/1467
f 818/2325/2215 520/635/632 195/324/324
f 1667/278/278 148/1198/1181 785/950/939
f 250/1645/1608 90/794/785 1861/1646/1609
f 2089/1166/1150 152/2191/2105 2254/859/850
f 2254/859/850 1666/858/849 1991/197/197
f 2248/2330/2219 1797/44/44 2404/2331/2220
f 2458/349/349 358/351/351 2258/1405/1380
f 1602/32/32 513/31/31 533/2321/2211
f 524/2332/2221 1494/942/931 697/2163/2079
f 595/489/488 2516/488/487 2551/2333/2222
f 1523/2334/2223 152/2335/2105 525/1975/1913
f 1517/881/872 803/857/848 1847/2336/2108
f 1883/2337/2224 1097/1132/1119 2399/2338/2225
f 427/2171/2086 1097/1132/1119 836/2339/2226
f 2190/384/384 2350/1495/1467 1871/649/646
f 1957/1535/1501 2102/1534/1500 115/1050/1037
f 2102/1534/1500 1656/1051/1038 115/1050/1037
f 40/323/323 527/271/271 918/822/813
f 1699/1470/1442 1884/1469/1441 1592/2060/1986
f 1782/2117/1311 2215/342/342 613/2340/2227
f 2153/1610/1573 2563/1147/1133 653/1146/1132
f 1869/870/861 223/683/676 528/682/675
f 2393/2341/2228 671/2342/2229 1780/1849/1802
f 1780/1849/1802 2037/1848/1801 2393/2341/2228
f 2426/1716/1677 530/549/548 2149/1715/1676
f 530/549/548 825/512/511 1145/546/545
f 850/1876/1826 128/970/959 2431/2343/2230
f 2033/1302/1280 532/2344/2231 1544/1303/1281
f 1602/32/32 533/2321/2211 1956/1237/1220
f 534/951/940 1703/1614/1577 1432/949/938
f 1828/1343/1320 1043/393/393 536/395/395
f 284/996/984 1828/1343/1320 536/395/395
f 1505/836/827 2536/1006/994 1661/1005/993
f 1427/2345/2232 2119/202/202 2135/2346/2233
f 2253/2170/2085 663/230/230 825/512/511
f 2237/926/916 539/2347/2234 1156/941/930
f 15/1717/1678 2176/353/353 1738/352/352
f 2424/1616/1579 238/1615/1578 2106/1037/1024
f 2424/1616/1579 2106/1037/1024 130/1036/1023
f 1984/2348/2235 2033/2349/1280 1769/1444/1418
f 1984/2348/2235 532/2350/2231 2033/2349/1280
f 1793/930/920 961/1742/1701 917/1741/1700
f 1237/1294/1272 2456/2218/2129 807/431/431
f 2422/1514/1482 1415/250/250 541/249/249
f 1358/1593/1556 1480/130/130 1792/2118/2040
f 1738/352/352 2303/2351/2236 15/1717/1678
f 2381/2047/1974 1156/941/930 539/2347/2234
f 1480/130/130 1358/1593/1556 2362/131/131
f 1093/1164/1148 542/2352/2237 255/1689/1648
f 325/1412/1387 1268/1411/1386 758/1594/1557
f 865/89/89 543/863/854 218/90/90
f 1020/1559/1524 1124/1561/1526 1402/1047/1034
f 1779/1485/1457 2055/1231/1214 311/1758/1717
f 546/2353/2238 1153/1464/1436 315/1842/1796
f 1546/1595/1558 547/832/823 1142/2115/2038
f 239/1620/1583 940/569/567 625/568/566
f 548/24/24 285/1315/1293 2331/25/25
f 548/24/24 631/1834/1790 285/1315/1293
f 1644/71/71 2313/1216/1199 544/1623/1586
f 2309/60/60 1124/1561/1526 334/476/475
f 2336/252/252 1476/257/257 242/253/253
f 1871/649/646 1476/1496/257 2336/650/252
f 2542/478/477 2323/2243/2146 2290/886/877
f 1544/1303/1281 1204/2354/2239 2066/2184/2099
f 1783/2355/2240 1204/2354/2239 1544/1303/1281
f 1593/824/815 2136/823/814 103/2356/2241
f 2092/2121/2043 1479/2357/2242 2136/823/814
f 1492/1670/1633 1552/2358/2243 723/1421/1396
f 596/1248/1228 2506/2006/1937 1293/1249/1229
f 287/1187/1170 104/301/301 760/1287/1265
f 1932/1795/1752 1930/2359/2244 1146/436/436
f 406/434/434 1146/436/436 2196/918/908
f 1176/1675/1638 1733/1674/1637 1130/2360/2245
f 1103/316/316 1089/1209/1192 2348/1208/1191
f 753/1122/1109 794/254/254 2188/2282/2177
f 2179/2361/874 993/576/574 551/1153/875
f 340/896/887 1464/1261/1239 973/2322/2212
f 2167/115/115 2447/1544/1509 905/116/116
f 1839/1447/1421 1054/2136/2056 1436/907/898
f 203/2362/2246 638/2363/1411 119/2364/2247
f 1260/1980/1918 1816/1493/1465 1196/1981/1919
f 1584/1796/1753 1321/104/104 1646/1797/1754
f 789/1931/1872 2374/1199/1182 107/1937/1878
f 2174/1346/1323 1047/1348/1324 869/2365/2248
f 2174/1346/1323 869/2365/2248 2053/535/534
f 1277/2254/2156 1140/2366/2249 1939/2255/578
f 1335/581/579 1939/580/578 915/2367/2250
f 1165/1776/1735 1357/2368/2251 2446/2369/2252
f 2360/2370/2253 1625/1976/1914 1294/2371/2254
f 1567/298/298 1034/398/398 446/781/773
f 719/91/91 180/2372/2013 1781/92/92
f 1609/2373/2255 718/2374/2256 1614/2375/2257
f 1609/2373/2255 1614/2375/2257 1573/1733/1693
f 1036/2376/2258 1445/958/947 1561/2377/429
f 1803/713/706 1594/712/705 1188/1064/1051
f 1876/972/961 567/868/859 1979/1898/1843
f 111/971/960 567/868/859 1876/972/961
f 2196/918/908 727/802/793 838/275/275
f 557/2378/2259 845/1506/1477 1805/1507/1478
f 2572/2379/2260 2536/1006/994 1505/836/827
f 2572/2379/2260 523/1661/1624 1796/2380/2261
f 558/769/761 1790/1431/1406 1278/1432/1407
f 352/2010/1941 1739/800/791 727/802/793
f 690/1107/1094 560/2381/2262 390/2382/2263
f 114/2383/2264 2562/1576/1540 1930/2359/2244
f 1935/330/330 2295/1448/1422 2224/1587/1550
f 2295/1448/1422 2557/13/13 2224/1587/1550
f 2395/2384/2265 420/839/830 2059/1824/1780
f 1244/1140/1126 1013/1336/1313 1275/1141/1127
f 1907/2096/2021 561/462/462 1902/2044/1971
f 561/462/462 1907/2096/2021 2080/2385/2266
f 6/1775/1734 564/496/495 1266/1773/1732
f 565/2084/2009 2329/1316/1294 200/773/765
f 200/773/765 922/2386/2267 565/2084/2009
f 1641/156/156 269/1756/1715 1326/1625/1588
f 1359/2387/2268 2189/1833/1789 436/2388/2269
f 1366/2029/1957 1003/979/968 954/980/969
f 1685/460/460 1629/2389/2270 1218/461/461
f 740/607/604 1466/2026/1954 43/764/756
f 567/868/859 734/1414/1389 2253/2170/2085
f 568/1365/1341 2061/1802/1759 1989/2390/2271
f 1459/640/637 215/885/876 348/153/153
f 386/2391/2272 569/739/732 481/2392/2273
f 418/1832/1788 2006/1173/1157 2373/1172/1156
f 140/333/333 232/2099/2024 571/347/347
f 571/347/347 679/334/334 140/333/333
f 863/2393/2274 2419/1275/1253 924/422/422
f 572/2204/2116 2468/2187/2102 1441/34/34
f 151/33/33 572/2204/2116 1441/34/34
f 572/2204/2116 151/33/33 374/2202/2114
f 2535/483/482 1418/756/748 326/2394/374
f 2083/778/770 1075/1276/1254 2041/1874/1824
f 801/2395/2275 2041/1874/1824 1705/2396/2276
f 2294/1078/1065 795/1077/1064 2030/522/521
f 575/545/544 946/544/543 1022/2397/2277
f 2534/1820/1776 2030/582/521 282/1821/1777
f 1598/879/870 11/2398/2278 1770/880/871
f 579/2061/1987 630/1698/1659 575/545/544
f 2559/1730/1690 1309/36/36 2548/38/38
f 579/2061/1987 2474/2399/2279 2375/2400/2280
f 2108/397/397 1000/2401/2281 1538/80/80
f 1000/2401/2281 2108/397/397 2472/396/396
f 1298/2402/2282 581/1967/1908 2250/519/518
f 2265/1627/1590 2250/519/518 581/1967/1908
f 2569/1998/1931 1629/2389/2270 1685/460/460
f 1440/2403/2283 1629/2389/2270 2569/1998/1931
f 1119/1768/1727 1115/579/577 1168/11/11
f 583/368/368 1645/367/367 2242/2404/2284
f 1899/840/831 102/1453/1427 1091/1452/1426
f 1180/2146/2065 295/957/946 584/845/836
f 2573/964/953 1064/1652/1615 585/1483/1455
f 2573/964/953 585/1483/1455 207/1012/1000
f 1075/1276/1254 177/246/246 1741/248/248
f 962/1072/1059 1799/2405/2285 1822/1333/1310
f 1822/1333/1310 1595/1502/1473 962/1072/1059
f 2229/2406/2286 1058/2407/2287 22/259/259
f 2210/2236/1721 1397/2408/1326 2115/2234/1673
f 2153/1610/1573 1998/2409/2288 884/2410/1797
f 2435/2064/1990 778/1971/1911 1741/248/248
f 1154/1282/1260 1504/1816/1773 1912/1290/1268
f 587/651/647 1640/28/28 1965/1264/1242
f 1185/111/111 1305/1934/1875 437/403/403
f 244/1487/1459 1670/1426/1401 1374/2411/2289
f 763/2412/2290 2565/1855/1805 642/1854/1804
f 2188/2282/2177 1467/121/121 1096/2124/2046
f 61/1572/1536 2188/2282/2177 1096/2124/2046
f 591/288/288 2123/702/695 2357/154/154
f 419/105/105 592/678/671 412/1439/1414
f 412/1439/1414 592/678/671 1203/1440/1415
f 91/2413/2005 593/2081/2007 1002/2143/2063
f 593/2081/2007 91/2413/2005 1101/2414/1636
f 1872/337/337 1270/336/336 1696/1653/1616
f 816/2252/2154 1102/1692/1653 1951/2253/2155
f 816/2252/2154 2025/1935/1876 1102/1692/1653
f 2044/668/661 2023/186/186 595/489/488
f 595/489/488 2023/186/186 651/487/486
f 2557/13/13 985/15/15 576/2415/2291
f 596/1248/1228 2441/1250/1230 964/1527/1493
f 2238/216/216 1580/1867/1817 996/217/217
f 3/944/933 996/217/217 1580/1867/1817
f 1865/2416/2292 1158/2417/2293 999/27/27
f 2212/1838/592 260/2418/1681 288/1836/1792
f 1355/1185/1168 2212/1838/592 288/1836/1792
f 1988/2108/2031 2406/956/945 2514/1438/1413
f 18/377/377 2550/294/294 1098/1700/1661
f 1174/2419/1904 2535/483/482 326/2394/374
f 369/2420/2294 97/2045/1972 1620/484/483
f 1813/269/269 1600/1189/1172 2363/876/867
f 1600/1189/1172 377/2074/2000 2363/876/867
f 2378/241/241 330/1946/1887 1718/242/242
f 1588/1377/1352 182/1233/1216 2034/2200/2112
f 143/1719/1680 1870/2421/1093 1049/481/480
f 2511/2422/2295 1206/1777/1736 597/1823/1779
f 2079/1932/1873 2236/1027/1014 1512/1026/1013
f 2512/2423/2296 1271/86/86 815/85/85
f 2562/1576/1540 187/1362/1338 1930/2359/2244
f 475/2260/2159 791/2424/2297 399/862/853
f 104/301/301 2151/300/300 599/722/715
f 1776/1949/1890 2094/103/103 419/105/105
f 140/333/333 1463/332/332 1836/671/664
f 1078/1708/1669 1836/671/664 1463/332/332
f 1942/1596/1559 350/1194/1177 235/1193/1176
f 1268/1411/1386 1942/1596/1559 235/1193/1176
f 1425/1771/1730 2274/2277/2173 1898/2425/2298
f 1425/1771/1730 2481/1069/1056 2274/2277/2173
f 1042/2426/1910 601/1745/1704 1324/1746/1705
f 601/2427/1704 266/468/468 2305/315/315
f 1430/1694/1655 2229/2406/2286 2312/2428/2299
f 602/2072/1998 1837/2429/2300 771/962/951
f 1789/1143/1129 602/2072/1998 1890/129/129
f 161/1543/1508 603/1498/1469 2447/1544/1509
f 603/1498/1469 161/1543/1508 220/1499/1470
f 202/1434/1409 979/2430/2301 1256/1437/1412
f 1789/1143/1129 1837/2429/2300 602/2072/1998
f 1749/1337/1314 1909/442/442 2109/1056/1043
f 1749/1337/1314 1013/1336/1313 1909/442/442
f 604/1801/1758 1766/2431/2302 279/49/49
f 2356/335/335 1766/2431/2302 1270/336/336
f 1176/1675/1638 1130/2360/2245 605/2432/2303
f 114/2383/2264 606/1794/1751 2456/2218/2129
f 606/1794/1751 114/2383/2264 1932/1795/1752
f 554/141/141 1173/1977/1915 1625/1976/1914
f 1865/2433/2292 607/1267/1245 1158/2434/2293
f 586/2435/1572 844/2436/1574 1657/1428/1403
f 593/2081/2007 1101/2414/1636 1515/2437/1646
f 1176/1675/1638 1515/1683/1646 1101/1673/1636
f 1660/508/507 2249/507/506 677/1046/1033
f 1009/819/810 1937/1538/1504 219/820/811
f 1879/2188/2103 587/651/647 363/599/596
f 1066/2438/2176 2362/131/131 1777/2439/394
f 1278/1432/1407 2156/709/702 433/2185/2100
f 2156/709/702 444/303/303 433/2185/2100
f 2138/1335/1312 1300/1138/1124 1853/1338/1315
f 1294/2371/2254 1252/2440/2304 609/40/40
f 1572/150/150 118/904/895 540/148/148
f 186/1761/1720 1510/1760/1719 2457/1351/1327
f 1572/150/150 383/149/149 1510/1760/1719
f 2335/827/818 90/794/785 2475/1644/1607
f 842/1186/1169 2502/299/299 104/301/301
f 277/284/284 2248/2330/2219 2404/2331/2220
f 184/1987/1923 1300/1138/1124 2138/1335/1312
f 1260/1980/1918 1433/2441/2305 56/466/466
f 2108/397/397 613/2340/2227 1034/398/398
f 613/2340/2227 2215/342/342 615/1151/1137
f 615/1151/1137 446/781/773 1034/398/398
f 613/2340/2227 615/1151/1137 1034/398/398
f 1808/1443/474 1435/905/896 2296/1441/1416
f 566/1757/1716 256/1038/1025 2099/1697/1658
f 1906/2002/1933 944/1184/1167 858/2442/2306
f 864/2443/2307 1462/1503/1474 892/1205/1188
f 1462/1503/1474 1242/912/902 892/1205/1188
f 1425/1771/1730 2110/168/168 692/167/167
f 965/908/899 1436/907/898 1654/2444/2308
f 203/2445/2246 1436/907/898 202/1434/1409
f 444/303/303 1718/242/242 1999/2179/2094
f 1854/2186/2101 444/303/303 1999/2179/2094
f 1959/807/798 430/809/800 2390/2446/417
f 2026/552/416 860/551/550 2390/2446/417
f 1076/643/640 1944/1829/1785 618/2447/2309
f 618/2447/2309 2515/2448/2310 1905/2449/2311
f 240/1465/1437 866/2450/2312 2192/1602/1565
f 2413/2451/2313 1917/2452/2314 2211/2453/2315
f 1281/1643/1606 46/372/372 748/1048/1035
f 525/1975/1913 1721/190/190 1470/2193/2107
f 382/1385/1360 563/1384/1359 1889/1375/1350
f 1652/1815/1772 1900/2155/2072 1504/1816/1773
f 36/1672/1635 2388/1289/1267 1504/1816/1773
f 1806/1912/1854 1914/2112/2035 1892/1913/1855
f 185/1379/1354 582/1841/1795 2437/1182/1165
f 1264/2454/2316 1487/72/72 222/1624/1587
f 1002/2143/2063 169/2142/2062 949/2455/2317
f 1243/570/568 2157/889/880 887/1214/1197
f 1560/621/618 72/2139/2059 1694/622/619
f 919/2314/2204 626/274/274 1924/1736/1695
f 782/2097/2022 626/274/274 2282/1157/1141
f 506/492/491 627/491/490 843/1995/1928
f 424/2456/2318 627/491/490 179/577/575
f 1208/966/955 953/2228/2138 2207/959/948
f 1208/966/955 2207/959/948 414/21/21
f 1668/540/539 988/1240/1223 1912/1290/1268
f 336/2164/2080 422/1371/1347 1412/1373/1348
f 629/947/936 861/318/318 2040/232/232
f 768/2091/2016 630/1698/1659 2000/791/782
f 631/1834/1790 620/562/560 1469/895/886
f 2396/48/48 1010/1601/1564 236/1600/1563
f 440/1933/1874 198/380/380 357/2457/2319
f 2230/2458/2320 2144/2016/1946 633/2459/2028
f 2000/791/782 630/1698/1659 1478/2059/1985
f 1282/1420/1395 1608/2137/2057 1746/2460/2321
f 1015/1480/1452 645/224/224 2486/1481/1453
f 2203/1743/1702 191/472/471 1725/1744/1703
f 2038/2461/2322 625/568/566 634/1943/1884
f 256/1038/1025 2106/1037/1024 1171/1041/1028
f 243/308/308 635/2462/2323 1671/2067/1993
f 2043/2268/2165 1110/1927/1868 308/369/369
f 132/2463/983 636/2464/982 1084/1344/1321
f 1623/2465/2324 1084/1344/1321 2233/2466/2325
f 34/1354/1330 637/407/407 2302/237/237
f 202/1434/1409 1436/907/898 1054/2136/2056
f 202/1434/1409 1054/2136/2056 979/2430/2301
f 2266/457/457 639/536/535 1958/1798/1755
f 501/1326/1304 2420/295/295 2096/146/146
f 73/414/414 2424/1616/1579 130/1036/1023
f 294/391/391 646/2058/1984 351/2467/2326
f 1164/1382/1357 644/2468/2327 715/2303/2194
f 2203/1743/1702 645/224/224 2353/223/223
f 1733/1674/1637 93/2469/2328 1130/2360/2245
f 2191/1391/1366 192/1390/1365 1084/1344/1321
f 2164/2470/1980 1331/1677/1640 647/1678/1641
f 1855/2128/1979 647/1678/1641 402/470/469
f 95/741/734 1420/740/733 2208/2471/2329
f 1442/1021/1008 154/2472/2330 171/2473/2331
f 2178/1811/1768 2030/522/521 2534/2474/1776
f 2547/2292/1251 999/27/27 1456/29/29
f 2547/2292/1251 1865/2416/2292 999/27/27
f 1249/2475/524 1424/2476/2332 757/2477/522
f 2423/2478/2333 2564/1660/1623 1424/2476/2332
f 1495/74/74 92/1245/1225 1756/1808/1765
f 649/2479/2334 1112/515/514 1605/514/513
f 1398/2480/2335 2182/2481/2336 1894/1055/1042
f 1894/1055/1042 503/195/195 2042/2482/2337
f 651/487/486 2023/186/186 2452/185/185
f 2452/185/185 205/1965/1906 651/487/486
f 2117/1792/1749 1647/435/435 2234/2483/2338
f 1911/2484/2339 1852/700/693 2/693/686
f 1388/986/975 1970/2485/2340 1558/1618/1581
f 146/1119/1106 2130/446/446 2255/505/504
f 136/358/358 555/1028/1015 249/359/359
f 1609/2373/2255 555/1028/1015 136/358/358
f 153/2310/2201 245/1142/1128 1104/1134/1121
f 1928/1084/1071 1581/1477/1449 1284/1475/1447
f 1199/1738/1697 588/2278/2174 1089/1209/1192
f 79/2486/2341 1283/924/914 2277/2487/2342
f 2272/2110/2033 2277/2487/2342 1283/924/914
f 1903/1033/1020 2555/1952/1893 320/1951/1892
f 881/1031/1018 1903/1033/1020 1990/1137/1123
f 1680/772/764 653/1146/1132 1136/1148/1134
f 2066/2184/2099 653/1146/1132 1680/772/764
f 1857/260/260 2101/2488/2343 32/258/258
f 1396/787/779 186/1761/1720 699/2489/1317
f 2385/1642/1605 146/1119/1106 2251/1121/1108
f 70/356/356 2408/761/753 808/357/357
f 2408/761/753 70/356/356 1785/1598/1561
f 282/1821/1777 1778/362/362 1193/361/361
f 282/1821/1777 2030/582/521 1778/362/362
f 1834/646/643 2098/812/803 1772/738/731
f 1762/1994/1927 2413/2451/2313 1831/921/911
f 1318/578/576 1095/747/151 2409/2490/1494
f 2311/882/873 1318/1152/576 2409/1528/1494
f 1715/1657/1620 2365/1747/1706 1186/611/608
f 1186/611/608 1590/613/610 1715/1657/1620
f 284/996/984 1014/2491/2344 1828/1343/1320
f 1155/1190/1173 2123/702/695 659/701/694
f 1774/1083/1070 1155/1190/1173 659/701/694
f 1464/1261/1239 1761/1260/1238 973/2322/2212
f 661/1489/1461 209/1361/1337 2379/1488/1460
f 1992/1360/1336 209/1361/1337 661/1489/1461
f 270/965/954 469/967/956 1557/968/957
f 1825/344/344 270/965/954 1557/968/957
f 1162/1054/1041 503/195/195 1894/1055/1042
f 1297/2492/2345 1345/1074/1061 650/1073/1060
f 1285/1202/1185 2372/1476/1448 2143/2493/2346
f 1433/2494/2305 2482/1955/1896 56/469/466
f 106/382/382 861/318/318 2240/1962/1903
f 555/1028/1015 1846/1030/1017 249/359/359
f 1931/1239/1222 134/1000/988 2453/1001/989
f 1931/1239/1222 1077/847/838 134/1000/988
f 442/615/612 1496/1324/1302 2270/1810/1767
f 1451/1025/1012 598/1783/1741 464/2237/1647
f 367/458/458 1218/461/461 205/1965/1906
f 225/1575/1539 1200/837/828 1091/1452/1426
f 109/853/844 2139/2495/2347 668/851/842
f 1575/385/385 2032/2169/2084 670/2496/2348
f 1356/1093/1080 2058/221/221 688/220/220
f 1041/425/425 1838/314/314 425/1461/1433
f 1261/1505/1476 1583/991/980 2328/993/981
f 1844/557/555 671/2497/2229 744/558/556
f 2348/1208/1191 1722/1207/1190 744/558/556
f 1543/774/766 2082/2498/2349 573/2499/2350
f 967/2500/2351 309/910/901 2418/1907/1850
f 2073/555/553 1325/2501/674 673/2150/2068
f 1593/992/815 103/2502/2241 534/951/940
f 2423/2478/2333 1181/556/554 2564/1660/1623
f 373/1846/1799 416/1845/1798 605/2432/2303
f 1130/2360/2245 1296/1080/1067 373/1846/1799
f 674/938/926 1036/2503/2258 1561/429/429
f 3/944/933 1253/943/932 1344/2504/2352
f 2086/1374/1349 1029/990/979 1488/550/549
f 177/246/246 1075/1276/1254 2083/778/770
f 337/1990/1925 676/2505/1514 898/1606/1569
f 337/2506/1925 2078/1550/1515 676/1549/1514
f 1199/1738/1697 485/530/529 829/2507/2353
f 225/1575/1539 192/1390/1365 1200/837/828
f 1582/1270/1248 1925/1314/1292 1829/1310/1288
f 1940/101/101 293/1355/1331 710/102/102
f 2215/342/342 362/365/365 680/364/364
f 42/779/771 615/1151/1137 2215/342/342
f 208/2023/1952 1480/130/130 1007/132/132
f 42/779/771 680/364/364 1652/1815/1772
f 42/779/771 2215/342/342 680/364/364
f 2231/2508/2354 681/1766/1725 1023/125/125
f 1788/2509/2355 681/1766/1725 2231/2508/2354
f 2318/212/212 2326/513/512 304/1518/1486
f 572/2204/2116 682/2261/2160 1219/2263/2162
f 564/496/495 683/846/837 901/2510/2356
f 2493/1859/1809 901/2510/2356 683/846/837
f 1507/410/410 2127/2511/1328 2462/408/408
f 2302/237/237 1161/1281/1259 2127/1352/1328
f 962/1072/1059 2574/2512/2357 1799/2405/2285
f 1812/725/718 356/727/720 686/2017/1947
f 735/509/508 1471/935/925 678/937/927
f 1356/1093/1080 688/220/220 517/1094/1081
f 572/2204/2116 1219/2263/2162 2468/2187/2102
f 738/869/860 1163/1403/1378 1005/219/219
f 513/31/31 340/896/887 973/2322/2212
f 513/31/31 973/2322/2212 1729/147/147
f 1023/125/125 681/1766/1725 1804/559/557
f 1804/559/557 1304/126/126 1023/125/125
f 141/860/851 782/2097/2022 519/1156/1140
f 2526/1259/1237 1980/1389/1364 174/145/145
f 560/2381/2262 690/1107/1094 2513/2513/2358
f 691/1858/1808 468/453/453 2493/1859/1809
f 690/1107/1094 1663/804/795 2513/2513/2358
f 1663/804/795 976/806/797 2513/2513/2358
f 1425/1771/1730 692/167/167 2485/1098/1085
f 1684/1901/1845 1471/935/925 2202/1902/1846
f 1445/958/947 1471/935/925 1684/1901/1845
f 1047/1348/1324 1550/2145/2064 869/2365/2248
f 2556/2514/2359 1422/2290/2185 1550/2145/2064
f 1020/1559/1524 46/372/372 2064/371/371
f 1374/2411/2289 1779/1485/1457 244/1487/1459
f 1779/1485/1457 1374/2411/2289 2055/1231/1214
f 696/1679/1642 2567/2197/2109 705/1680/1643
f 2332/363/363 171/2473/2331 2085/1923/1864
f 1442/1021/1008 171/2473/2331 2332/363/363
f 1988/2108/2031 2514/1438/1413 2112/2156/2073
f 2514/1438/1413 419/105/105 2112/2156/2073
f 695/1759/1718 592/678/671 1044/1486/1458
f 1837/2429/2300 696/1679/1642 771/962/951
f 237/1607/1570 1280/2515/2360 697/2516/2079
f 372/2517/2361 237/1607/1570 2131/2518/2362
f 327/1342/1319 1683/2235/2142 2115/2234/1673
f 239/1620/1583 2038/2461/2322 1087/1564/1529
f 2471/1562/1527 1087/1564/1529 2038/2461/2322
f 1523/2519/2223 2254/859/850 152/2191/2105
f 1301/1120/1107 146/1119/1106 702/1217/1200
f 1871/649/646 1682/1865/1815 2190/384/384
f 1789/1143/1129 153/2310/2201 890/2311/2202
f 1740/2520/2363 888/84/84 1905/2449/2311
f 138/782/774 1396/2521/779 699/1340/1317
f 700/2216/2127 1092/2522/2364 1527/2523/821
f 2382/708/701 1317/710/703 1545/1804/1761
f 2516/488/487 1629/2389/2270 1440/2403/2283
f 702/1217/1200 428/443/443 1787/444/444
f 2213/2524/2365 2413/2451/2313 2211/2453/2315
f 118/904/895 1422/2525/2185 2556/2526/2359
f 470/449/449 253/2250/2152 120/2527/1679
f 374/2202/2114 1888/35/35 1489/2201/2113
f 1888/35/35 374/2202/2114 151/33/33
f 2347/1329/1306 1918/2528/2366 1615/2529/1837
f 1120/878/869 416/1845/1798 1656/1051/1038
f 1656/1051/1038 416/1845/1798 2545/390/390
f 1588/1377/1352 2034/2200/2112 1888/35/35
f 1467/121/121 1473/1621/1584 2163/122/122
f 2168/1586/1549 29/632/629 1015/1480/1452
f 2168/1586/1549 1961/1212/1195 29/632/629
f 293/1355/1331 1940/101/101 1484/1897/1842
f 2450/2530/2367 1872/337/337 1696/1653/1616
f 1872/337/337 2450/2530/2367 705/1680/1643
f 181/1398/1373 2311/882/873 1051/604/601
f 580/954/943 705/1680/1643 1449/952/941
f 2426/1716/1677 2149/1715/1676 2176/353/353
f 2426/1716/1677 2176/353/353 15/1717/1678
f 237/1607/1570 697/2516/2079 422/1371/1347
f 2460/1061/1048 1364/2177/2092 1231/180/180
f 199/1408/1383 2063/1422/1397 600/1409/1384
f 883/775/767 1135/1885/1832 1062/776/768
f 2211/2453/2315 2342/2531/2368 2213/2524/2365
f 1814/2532/2369 306/1558/1523 706/1557/1522
f 706/1557/1522 2181/401/401 48/400/400
f 2029/1206/1189 892/1205/1188 707/715/708
f 729/2533/2370 2330/1921/1862 1499/1395/1370
f 562/2534/2371 2330/1921/1862 2162/2535/2372
f 1363/808/799 1027/1258/1236 709/1023/1010
f 710/102/102 1582/1270/1248 838/275/275
f 327/1342/1319 2115/2234/1673 711/171/171
f 2115/1712/1673 2436/251/251 711/657/171
f 248/2536/654 2497/1909/1851 410/1908/655
f 1304/126/126 1804/559/557 2497/1909/1851
f 712/2182/2097 785/950/939 131/1197/1180
f 61/1572/1536 2118/2537/2373 1859/2538/2374
f 1607/1423/1398 646/2058/1984 600/1409/1384
f 1973/565/563 1809/226/226 1747/566/564
f 457/2223/2133 1955/811/802 2432/1785/1742
f 748/1048/1035 2478/59/59 2355/1752/1711
f 2478/59/59 748/1048/1035 1402/1047/1034
f 429/1953/1894 713/1954/1895 1227/674/667
f 429/1953/1894 1716/1004/992 713/1954/1895
f 548/24/24 1347/2539/2375 631/1834/1790
f 1355/1185/1168 287/1187/1170 310/1837/590
f 287/1187/1170 2340/2540/1852 1320/2541/653
f 1486/2542/18 763/2412/2290 715/2303/2194
f 756/2114/2037 395/977/966 345/976/965
f 1297/2492/2345 2443/849/840 1345/1074/1061
f 1609/2373/2255 227/2543/2179 718/2374/2256
f 1762/1994/1927 1390/1993/1926 575/545/544
f 1510/1760/1719 383/149/149 2457/1351/1327
f 383/149/149 897/1349/1325 2457/1351/1327
f 2060/1429/1404 1289/159/159 261/1430/1405
f 145/1117/1104 1340/1118/1105 1028/183/183
f 1370/1104/1091 997/281/281 774/283/283
f 2075/687/680 1700/684/677 719/91/91
f 6/1775/1734 361/1774/1733 931/2544/2376
f 49/305/305 2456/2218/2129 1188/1064/1051
f 1475/1255/1233 1241/1257/1235 835/1269/1247
f 1241/1257/1235 1232/87/87 835/1269/1247
f 987/2178/2093 1375/1219/1202 1765/2207/2119
f 1400/963/952 1648/2545/2377 2573/964/953
f 772/2546/2378 1924/1736/1695 2271/2547/2379
f 2456/2218/2129 49/305/305 114/2383/2264
f 1756/1808/1765 92/1245/1225 720/1244/161
f 720/161/161 1734/163/163 2197/928/918
f 1737/1063/1050 1574/1924/1865 1178/1236/1219
f 1589/2548/2380 1004/1357/1333 769/2549/2381
f 431/1256/1234 722/1378/1353 1927/2309/2200
f 722/1378/1353 2161/821/812 1927/2309/2200
f 634/1943/1884 1348/2550/2382 2471/1562/1527
f 2471/1562/1527 2038/2461/2322 634/1943/1884
f 198/380/380 440/1933/1874 2288/110/110
f 176/1877/1250 2400/2291/2186 198/380/380
f 552/2301/2192 107/1937/1878 1548/2031/1958
f 2573/964/953 1648/2545/2377 1064/1652/1615
f 2528/1416/1391 1099/1417/1392 2077/123/123
f 1105/2125/2047 1099/1417/1392 2528/1416/1391
f 724/531/530 2482/1955/1896 665/1984/1921
f 724/531/530 485/530/529 2482/1955/1896
f 1739/800/791 2071/2551/2383 1406/1896/1841
f 2149/1715/1676 259/1765/1724 1173/1977/1915
f 2012/140/140 1387/207/207 1173/1977/1915
f 1332/2552/2384 2279/2264/1692 476/574/572
f 476/574/572 2179/2361/874 1332/2552/2384
f 553/1737/1696 726/2553/2385 1106/1095/1082
f 1197/617/614 2557/13/13 2416/813/804
f 1197/617/614 2416/813/804 1059/1640/1603
f 1404/2554/2386 1605/514/513 333/321/321
f 1965/1264/1242 2465/2555/2387 2351/2556/1244
f 613/2340/2227 1835/2557/2388 952/2558/2389
f 721/2559/2390 728/495/494 2414/494/493
f 228/2560/2391 1681/438/438 777/437/437
f 808/357/357 2408/761/753 1681/438/438
f 1024/1922/1863 728/495/494 1366/2029/1957
f 350/1194/1177 1752/381/381 162/1195/1178
f 1108/984/973 1806/1912/1854 116/1914/1856
f 2051/2022/1951 1108/984/973 116/1914/1856
f 2050/2561/2392 1775/2562/2393 1499/1395/1370
f 2265/1627/1590 333/321/321 1605/514/513
f 1134/600/597 216/596/593 1603/598/595
f 2014/199/199 2147/1647/1610 216/596/593
f 934/2168/2081 1850/1277/1255 2245/2563/713
f 2245/2563/713 1850/1277/1255 17/2564/714
f 25/1066/1053 2185/1584/1547 2007/1067/1054
f 2515/2448/2310 1740/2520/2363 1905/2449/2311
f 205/1965/1906 2516/488/487 651/487/486
f 1953/2565/2394 409/1552/1517 1405/1551/1516
f 1551/174/174 50/173/173 1516/520/519
f 1551/174/174 1516/520/519 1330/1571/1535
f 65/780/772 42/779/771 413/2208/2120
f 1813/269/269 1224/325/325 1600/1189/1172
f 2543/1945/1886 1457/872/863 2048/871/862
f 99/793/784 1166/1112/1099 1362/810/801
f 1478/2059/1985 359/2062/1988 1592/2060/1986
f 1485/1727/1687 2053/535/534 1960/1263/1241
f 2454/113/113 464/1684/1647 1362/810/801
f 85/1171/1155 554/141/141 2360/2370/2253
f 2360/2370/2253 554/141/141 1625/1976/1914
f 1627/1925/1866 840/1926/1867 262/2566/2395
f 1627/1925/1866 1545/1804/1761 1454/1806/1763
f 321/2567/2396 732/2568/2397 2029/1206/1189
f 1692/914/904 733/913/903 1579/1071/1058
f 65/780/772 1154/1282/1260 2523/1284/1262
f 251/2050/1977 1549/503/502 1524/502/501
f 251/2050/1977 1698/2049/1976 1549/503/502
f 1132/771/763 1544/1303/1281 2066/2184/2099
f 922/2386/2267 864/2443/2307 565/2084/2009
f 500/2305/2196 2509/742/735 2281/1530/1496
f 2509/742/735 500/2305/2196 2307/743/736
f 2311/882/873 1459/640/637 2308/602/599
f 735/509/508 1660/508/507 2202/1902/1846
f 1908/1532/1498 1026/286/286 401/285/285
f 1513/2249/2151 1057/644/641 2391/2256/2157
f 1979/1898/1843 567/868/859 2253/2170/2085
f 2253/2170/2085 426/548/547 1979/1898/1843
f 2247/411/411 2307/743/736 619/1410/1385
f 156/1328/1146 737/2569/2398 2347/1329/1306
f 1794/1688/1650 737/2570/2398 439/1165/1149
f 1373/50/50 1920/1639/1602 2396/48/48
f 2025/1935/1876 1832/2323/2213 1102/1692/1653
f 2389/1936/1877 859/2326/2216 2025/1935/1876
f 498/542/541 2222/541/540 1077/847/838
f 1931/1239/1222 498/542/541 1077/847/838
f 268/2571/1369 1128/874/865 2429/873/864
f 908/62/62 1812/725/718 686/2017/1947
f 908/62/62 918/822/813 1812/725/718
f 1009/819/810 2216/1016/1004 935/1537/1503
f 2559/1730/1690 739/1425/1400 1458/1728/1688
f 2256/2316/2206 155/606/603 1830/497/496
f 980/193/193 2538/240/240 1621/2572/2399
f 767/1866/1816 975/203/203 147/1864/1814
f 1339/485/484 1620/484/483 1512/1026/1013
f 1583/991/980 1512/1026/1013 1620/484/483
f 183/2573/2400 386/2391/2272 481/2392/2273
f 2090/746/739 766/490/489 1116/817/808
f 742/2574/2401 126/1397/1372 272/2575/2402
f 1512/1026/1013 1583/991/980 1261/1505/1476
f 1563/2576/1095 690/1107/1094 1948/2577/47
f 1842/2578/2143 2454/113/113 2283/430/430
f 1651/1769/1728 121/855/846 917/1741/1700
f 750/2041/1968 471/1322/1300 578/1654/1617
f 746/1179/1162 703/2275/2171 2541/2206/2118
f 739/1425/1400 166/2579/2403 1670/1426/1401
f 847/2211/2123 2054/1662/1625 2046/1650/1613
f 1281/1643/1606 748/1048/1035 830/762/754
f 2042/2482/2337 503/195/195 1502/2580/2404
f 750/2041/1968 2527/1699/1660 1632/1320/1298
f 2227/2581/2405 1904/1018/1006 502/2307/2198
f 752/5/5 2204/1510/1480 1711/52/52
f 2470/1567/1532 1386/2582/1784 1878/2583/2406
f 237/1607/1570 289/2584/2407 1280/2515/2360
f 2320/1183/1166 776/1181/1164 1243/570/568
f 1860/120/120 1774/1083/1070 1423/826/817
f 2388/1289/1267 1753/1062/1049 1800/1860/1810
f 2306/2585/2408 963/2276/2172 1901/2586/2409
f 1345/1074/1061 2443/849/840 2301/456/456
f 2336/650/252 753/2587/1109 975/203/203
f 975/2588/203 753/1122/1109 2188/2282/2177
f 2555/1952/1893 1903/1033/1020 290/1032/1019
f 1340/1118/1105 1899/840/831 2571/2299/2190
f 287/1187/1170 760/1287/1265 754/2589/2410
f 760/1287/1265 1468/1286/1264 754/2589/2410
f 1690/2590/2411 1428/844/835 1748/843/834
f 1584/1796/1753 1958/1798/1755 1428/844/835
f 2306/2585/2408 1217/528/527 963/2276/2172
f 45/526/525 1217/528/527 2306/2585/2408
f 748/1048/1035 1419/1753/1712 1236/2591/2412
f 353/1478/1450 756/2114/2037 716/2592/2413
f 345/976/965 716/2592/2413 756/2114/2037
f 705/1680/1643 1400/963/952 2031/1681/1644
f 2031/1681/1644 771/962/951 696/1679/1642
f 1613/1045/1032 821/2173/2088 1286/2593/2414
f 1109/2594/2415 757/523/522 608/2595/2416
f 757/2477/522 1424/2476/2332 608/2596/2416
f 96/745/738 211/744/737 1250/1455/1429
f 1250/1455/1429 211/744/737 2057/2192/2106
f 2193/166/166 1501/2597/1962 1109/2594/2415
f 2263/2598/2166 2193/166/166 1109/2594/2415
f 2240/1962/1903 758/1594/1557 162/1195/1178
f 640/501/500 759/2599/2417 282/1821/1777
f 1516/520/519 759/2600/2417 2172/1703/1664
f 1527/830/821 1092/2601/2364 389/1126/1113
f 2246/2602/2418 494/1252/55 1675/1251/1231
f 2107/448/448 959/2100/2025 1898/2425/2298
f 1668/540/539 1800/1860/1810 2222/541/540
f 691/1858/1808 2222/541/540 1800/1860/1810
f 2346/1626/1589 1070/360/360 249/359/359
f 1492/1670/1633 762/1671/1634 851/311/311
f 1486/18/18 2146/17/17 763/2603/2290
f 763/2412/2290 2051/2604/1951 2565/1855/1805
f 168/1213/1196 1276/1215/1198 44/355/355
f 523/1661/1624 387/728/721 2343/730/723
f 523/1661/1624 2343/730/723 1796/2380/2261
f 2167/115/115 2357/154/154 220/1499/1470
f 2006/1173/1157 201/2605/2419 1017/1474/1446
f 2006/1173/1157 418/1832/1788 201/2605/2419
f 2005/1029/1016 1536/1735/1694 1846/1030/1017
f 1984/2348/2235 1657/1428/1403 2504/2606/2098
f 319/1668/1631 2105/758/750 2359/1905/1848
f 2359/1905/1848 1194/1667/1630 319/1668/1631
f 1536/1735/1694 1307/2239/2144 1846/1030/1017
f 1307/2239/2144 1451/1025/1012 942/1024/1011
f 368/1805/1762 2047/768/760 1922/767/759
f 1803/713/706 912/2607/2420 1121/711/704
f 764/2227/2137 1310/1555/1520 98/900/891
f 2406/956/945 1748/843/834 1431/2608/2421
f 765/2609/2422 1142/2115/2038 2455/2116/2039
f 1264/2454/2316 1976/2153/2070 1996/2317/2207
f 1962/2610/2423 334/476/475 1212/473/472
f 1881/573/571 1676/667/660 342/663/656
f 346/1065/1052 1294/2371/2254 1625/1976/1914
f 100/703/696 2128/795/786 2028/2020/1950
f 1702/287/287 499/289/289 1230/1228/1211
f 1702/287/287 1230/1228/1211 397/848/839
f 818/2325/2215 1170/2159/2076 520/635/632
f 1170/2159/2076 421/2160/2077 520/635/632
f 2314/1154/1138 155/606/603 556/605/602
f 1682/1865/1815 767/1866/1816 448/2209/2121
f 2238/216/216 2326/513/512 1455/1520/1488
f 1455/1520/1488 2326/513/512 1710/1521/1489
f 1346/2090/2015 1039/2226/2136 768/2091/2016
f 788/796/787 1693/2611/2424 400/2123/2045
f 990/239/239 2503/268/268 2302/237/237
f 1520/1635/1598 280/1634/1597 417/307/307
f 2237/926/916 1234/925/915 2483/389/389
f 2483/389/389 539/2347/2234 2237/926/916
f 1242/912/902 1462/1503/1474 733/913/903
f 2031/1681/1644 1400/963/952 771/962/951
f 1906/2002/1933 617/2012/1943 1360/2011/1942
f 67/2612/659 2097/2613/570 323/1218/1201
f 1195/736/729 2097/572/570 2100/571/569
f 1506/1020/1007 502/2307/2198 1896/1017/1005
f 119/2364/2247 638/2363/1411 421/2160/2077
f 2182/2481/2336 1978/751/743 354/2014/1945
f 417/307/307 2344/1807/1764 243/308/308
f 1262/933/923 2106/1037/1024 238/1615/1578
f 1825/344/344 701/1007/995 270/965/954
f 664/2614/2425 1971/1956/1897 62/2083/2008
f 1056/634/631 1054/2136/2056 80/654/650
f 1200/837/828 2252/752/744 1773/753/745
f 2353/223/223 405/2132/2052 2203/1743/1702
f 1495/74/74 1756/1808/1765 574/717/710
f 2101/2488/2343 775/1770/1729 2169/37/37
f 2548/38/38 2169/37/37 775/1770/1729
f 792/890/881 776/1181/1164 1049/481/480
f 114/2383/2264 1930/2359/2244 1932/1795/1752
f 2101/2488/2343 2062/946/935 775/1770/1729
f 932/1863/1813 2505/2007/1938 786/1862/1812
f 1754/1565/1530 1312/2615/2426 777/437/437
f 1754/1565/1530 777/437/437 2159/1301/1279
f 2262/1707/1668 870/2616/2427 2345/1706/1667
f 896/454/454 2165/2617/2428 318/455/455
f 2499/46/46 1105/2125/2047 1137/2618/2429
f 1432/949/938 2262/1707/1668 785/950/939
f 1116/817/808 2524/1418/1393 779/1501/1472
f 1116/817/808 779/1501/1472 2090/746/739
f 943/686/679 1240/688/681 920/1870/1820
f 141/860/851 232/2099/2024 782/2097/2022
f 140/333/333 1025/1049/1036 232/2099/2024
f 782/2097/2022 1025/1049/1036 110/272/272
f 962/1072/1059 474/1070/1057 708/1772/1731
f 1821/1305/1283 1475/1255/1233 1384/1234/1217
f 784/261/261 811/865/856 250/1645/1608
f 784/261/261 250/1645/1608 2298/262/262
f 555/1028/1015 1609/2373/2255 1573/1733/1693
f 1491/792/783 2000/791/782 1478/2059/1985
f 187/1362/1338 1157/2619/2430 1686/1363/1339
f 1968/1221/1204 275/2620/700 11/2398/2278
f 158/564/562 920/1870/1820 2339/1872/1822
f 2211/2453/2315 622/618/615 2139/2495/2347
f 1551/174/174 787/1704/1665 2568/1274/1252
f 2568/1274/1252 787/1704/1665 2419/1275/1253
f 69/1358/1334 1513/2249/2151 545/2248/2150
f 1513/2249/2151 69/1358/1334 796/589/586
f 781/784/776 1070/360/360 2346/1626/1589
f 1095/151/151 57/2621/740 1341/152/152
f 2004/99/99 1349/98/98 1138/864/855
f 1885/1665/1628 1564/2622/2431 1046/749/741
f 1530/1407/1382 1631/1497/1468 199/1408/1383
f 127/2294/894 2186/2293/1803 790/2623/2432
f 790/2624/2432 118/904/895 127/903/894
f 1151/2625/2433 226/629/626 874/631/628
f 472/2070/1996 886/479/478 1707/2626/2434
f 1635/2627/2435 178/2628/2436 570/2629/2437
f 178/2628/2436 271/2630/2438 2448/2147/2066
f 221/426/426 306/1558/1523 1626/243/243
f 306/1558/1523 221/426/426 978/1556/1521
f 463/19/19 1835/2631/2388 2444/20/20
f 463/19/19 1891/2632/2439 952/2633/2389
f 678/937/927 793/929/919 1329/1691/1652
f 1473/1621/1584 1467/121/121 794/254/254
f 1734/163/163 1329/1691/1652 793/929/919
f 361/1774/1733 2319/66/66 1291/350/350
f 1266/1773/1732 2319/66/66 361/1774/1733
f 1369/750/742 1300/1138/1124 1978/751/743
f 1601/383/383 2087/188/188 2284/1890/1836
f 1601/383/383 2284/1890/1836 1439/1892/1838
f 1943/1210/1193 749/2634/2440 349/2003/1934
f 349/2003/1934 1367/1211/1194 1943/1210/1193
f 1709/2635/2441 1152/1035/1022 261/1430/1405
f 267/2636/2442 1152/1035/1022 1709/2635/2441
f 921/2329/1533 798/2637/2218 2350/1495/1467
f 2467/2638/2443 799/2304/2195 123/2318/2208
f 1571/1293/1271 10/1359/1335 1169/1291/1269
f 228/2560/2391 777/437/437 1312/2615/2426
f 485/530/529 1199/1738/1697 2305/315/315
f 1199/1738/1697 1103/316/316 2305/315/315
f 872/2639/2444 836/2640/2226 2333/1011/999
f 800/2641/1538 1160/2642/2445 2024/1942/1883
f 801/2395/2275 1062/776/768 2083/778/770
f 2083/778/770 2041/1874/1824 801/2395/2275
f 900/1022/1009 1335/581/579 802/584/581
f 1690/2590/2411 1748/843/834 1988/2108/2031
f 2112/2156/2073 1321/104/104 1690/2590/2411
f 2254/859/850 2220/2643/2446 803/857/848
f 2220/2643/2446 1107/2644/2447 803/857/848
f 764/2227/2137 98/900/891 1288/902/893
f 2133/899/890 1353/901/892 1288/902/893
f 1179/2645/2448 804/164/164 2193/166/166
f 1123/1400/1375 804/1512/164 1604/2646/1226
f 379/2078/2004 1687/405/405 805/2089/2014
f 805/2089/2014 112/2251/2153 1385/2073/1999
f 2322/537/536 19/2647/2139 1858/2648/2140
f 1604/2646/1226 19/2647/2139 1123/1400/1375
f 2294/1078/1065 1562/2205/2117 806/1075/1062
f 806/1075/1062 675/1076/1063 2294/1078/1065
f 1311/2283/2178 1518/1588/1551 1327/1818/1775
f 606/1794/1751 2117/1792/1749 807/431/431
f 2456/2218/2129 606/1794/1751 807/431/431
f 26/1944/1885 44/355/355 808/357/357
f 1428/844/835 1958/1798/1755 2088/2649/2449
f 1958/1798/1755 869/2365/2248 2088/2649/2449
f 2461/440/440 53/1577/1541 810/2273/2169
f 1420/740/733 1347/2539/2375 2221/2181/2096
f 619/1410/1385 811/865/856 784/261/261
f 812/2004/1935 1915/2650/2450 415/2302/2193
f 1458/1728/1688 739/1425/1400 813/1427/1402
f 1572/150/150 1833/786/778 2296/1441/1416
f 815/85/85 1911/2484/2339 2512/2423/2296
f 2463/652/648 816/2252/2154 814/1043/1030
f 2219/705/698 275/707/700 817/1779/1737
f 2276/1100/1087 1643/1388/1363 2032/2169/2084
f 2209/428/428 465/719/712 17/721/714
f 5/1560/1525 465/719/712 2209/428/428
f 819/1446/1420 2060/1429/1404 1657/1428/1403
f 1298/2402/2282 77/647/644 286/1356/1332
f 1841/1817/1774 1518/1588/1551 1514/2215/2126
f 2187/2098/2023 358/351/351 16/348/348
f 1869/870/861 820/1553/1518 223/683/676
f 1613/1045/1032 2564/1660/1623 821/2173/2088
f 50/173/173 443/2063/1989 1562/2205/2117
f 1562/2205/2117 1516/520/519 50/173/173
f 2188/2651/2177 800/2641/1538 822/205/205
f 299/464/464 27/213/213 550/1879/1828
f 1616/1721/1682 2558/1013/1001 2333/1011/999
f 2558/1013/1001 2573/964/953 2333/1011/999
f 2155/234/234 1461/236/236 55/586/583
f 1714/2652/2217 264/2653/2451 2165/2617/2428
f 9/2654/2452 1714/2652/2217 2165/2617/2428
f 1218/461/461 1902/2044/1971 561/462/462
f 126/1397/1372 2132/2655/2453 272/2575/2402
f 1995/326/326 657/1997/1930 2495/2656/2454
f 2292/2657/2455 1110/1927/1868 1809/226/226
f 1124/1561/1526 5/1560/1525 826/1170/1154
f 1982/1814/1771 1526/2296/2187 1276/1215/1198
f 1982/1814/1771 2518/2106/2029 1526/2296/2187
f 367/458/458 667/2658/2456 1218/461/461
f 667/2658/2456 2094/103/103 1218/461/461
f 1118/313/313 1078/1708/1669 1838/314/314
f 2194/1068/1055 142/68/68 1469/895/886
f 1534/1435/1410 202/1434/1409 1256/1437/1412
f 2265/1627/1590 1605/514/513 1295/516/515
f 1808/475/474 826/1170/1154 1279/427/427
f 962/1072/1059 1595/1502/1473 1579/1071/1058
f 1226/1490/1462 2148/2659/2457 875/178/178
f 1199/1738/1697 829/2507/2353 588/2278/2174
f 829/2507/2353 813/1427/1402 588/2278/2174
f 159/2660/2458 2247/411/411 2151/300/300
f 2509/742/735 2247/411/411 159/2660/2458
f 831/2661/2459 1658/2034/1961 2104/2662/2460
f 1695/718/711 1756/1808/1765 2287/927/917
f 624/1082/1069 1631/1497/1468 220/1499/1470
f 1215/41/41 660/1404/1379 436/2388/2269
f 1215/41/41 436/2388/2269 2189/1833/1789
f 2099/1697/1658 138/782/774 269/1756/1715
f 1175/227/227 1973/565/563 832/2663/2461
f 1220/39/39 1215/41/41 2373/1172/1156
f 2373/1172/1156 1215/41/41 2189/1833/1789
f 1069/1105/1092 2042/2482/2337 997/281/281
f 2121/229/229 1840/392/392 1638/510/509
f 1653/790/781 834/1529/1495 1720/1229/1212
f 12/1554/1519 780/1546/1511 1137/2618/2429
f 2008/1088/1075 2522/1087/1074 2084/1150/1136
f 1088/2664/2462 254/83/83 1186/611/608
f 839/420/420 2566/419/419 502/2307/2198
f 1354/1839/1793 840/1926/1867 1627/1925/1866
f 1354/1839/1793 1836/671/664 840/1926/1867
f 841/1130/1117 2501/2665/2463 1928/1084/1071
f 842/1186/1169 288/1836/1792 159/2660/2458
f 1739/800/791 1686/1363/1339 2071/2551/2383
f 424/2456/2318 843/1995/1928 627/491/490
f 1885/1665/1628 1398/2480/2335 1069/1105/1092
f 1234/925/915 1283/924/914 79/2486/2341
f 2038/2461/2322 239/1620/1583 625/568/566
f 2549/1999/1932 1434/973/962 846/1191/1174
f 2549/1999/1932 111/971/960 1434/973/962
f 1935/330/330 2224/1587/1550 2398/619/616
f 1722/1207/1190 1089/1209/1192 588/2278/2174
f 1803/713/706 941/1366/1342 912/2607/2420
f 1480/130/130 1892/1913/1855 1792/2118/2040
f 849/1127/1114 389/1126/1113 1303/1629/1592
f 849/1127/1114 2036/2666/690 2002/2667/692
f 1106/1095/1082 24/2001/582 2269/2668/2464
f 2269/2668/2464 24/2001/582 2264/2669/2465
f 1662/934/924 1262/933/923 122/1788/1745
f 298/2670/378 1222/1763/1722 2020/2671/376
f 1222/1763/1722 298/2670/378 176/1877/1250
f 2398/619/616 622/618/615 2211/2453/2315
f 523/1661/1624 2258/1405/1380 358/351/351
f 214/1525/1491 2505/2007/1938 1746/2460/2321
f 853/2287/2182 1602/32/32 2489/1238/1221
f 1381/2672/2466 854/1947/1888 648/399/399
f 402/470/469 1768/1740/1699 906/906/897
f 906/906/897 2134/2673/594 402/470/469
f 970/1581/1544 1595/1502/1473 1822/1333/1310
f 970/1581/1544 1822/1333/1310 1941/1332/1309
f 11/2398/2278 605/2432/2303 1770/880/871
f 1603/598/595 589/1739/1698 309/910/901
f 78/1569/4 2490/2674/2467 2204/2675/1480
f 1137/2618/2429 1105/2125/2047 1100/608/605
f 515/1321/1299 2385/1642/1605 471/1322/1300
f 860/551/550 1959/807/798 2390/2446/417
f 1029/990/979 1959/807/798 860/551/550
f 6/1775/1734 730/2199/2111 564/496/495
f 2512/2423/2296 868/76/76 862/760/752
f 495/757/749 2512/2423/2296 862/760/752
f 786/1862/1812 2242/2404/2284 1520/1635/1598
f 520/635/632 1123/1400/1375 2322/537/536
f 1387/207/207 2149/1715/1676 1173/1977/1915
f 2551/2333/2222 1205/2676/2468 1247/669/662
f 2419/1275/1253 863/2393/2274 1075/1276/1254
f 668/851/842 1059/1640/1603 2027/852/843
f 109/853/844 2027/852/843 2358/1886/1833
f 1853/1338/1315 1990/1137/1123 320/1951/1892
f 1853/1338/1315 1300/1138/1124 1990/1137/1123
f 1570/679/672 867/680/673 1949/1545/1510
f 1129/1090/1077 1356/1093/1080 1566/1091/1078
f 2109/1056/1043 1820/891/882 1679/1279/1257
f 2487/1701/1662 1679/1279/1257 257/1280/1258
f 1202/785/777 870/2616/2427 1703/1614/1577
f 1432/949/938 1703/1614/1577 870/2616/2427
f 1028/183/183 2074/182/182 1820/891/882
f 27/213/213 2318/212/212 1210/1889/1835
f 427/2677/2086 836/2640/2226 872/2639/2444
f 872/2639/2444 751/2678/2469 427/2677/2086
f 1629/2389/2270 2516/488/487 205/1965/1906
f 120/2527/1679 1497/78/78 143/2679/1680
f 633/2103/2028 531/854/845 2230/2680/2320
f 457/2223/2133 2432/1785/1742 1039/2226/2136
f 125/421/421 1576/423/423 873/9/9
f 2192/1602/1565 204/916/906 1068/2257/2158
f 1068/2257/2158 204/916/906 2293/1451/1425
f 736/630/627 2201/2122/2044 874/631/628
f 1127/387/387 1081/1399/1374 213/388/388
f 1795/1578/1542 1039/2226/2136 1211/2681/2470
f 499/289/289 2368/117/117 296/2682/2471
f 138/782/774 699/1340/1317 1848/783/775
f 641/1873/1823 1075/1276/1254 863/2393/2274
f 2218/2683/2472 447/176/176 875/178/178
f 1986/2684/2473 2324/2174/2089 1610/2297/2188
f 1591/1548/1513 1801/97/97 2417/2306/2197
f 2417/2306/2197 1801/97/97 2004/99/99
f 1598/879/870 1120/878/869 2201/2122/2044
f 380/67/67 672/69/69 1543/774/766
f 1673/1840/1794 511/328/328 2293/1451/1425
f 2451/1628/1591 1589/2548/2380 721/2559/2390
f 292/2685/2474 206/2686/2475 2120/639/636
f 2570/2687/2476 292/2685/2474 2120/639/636
f 2051/2022/1951 2146/17/17 1108/984/973
f 2146/17/17 2051/2022/1951 763/2603/2290
f 1415/250/250 458/2224/2134 1376/310/310
f 1953/2565/2394 1405/1551/1516 2078/1550/1515
f 974/1941/1882 2152/1101/1088 1575/385/385
f 1361/759/751 1299/1268/1246 1271/86/86
f 1361/759/751 1271/86/86 495/757/749
f 552/2301/2192 1370/1104/1091 774/283/283
f 805/2089/2014 1460/404/404 2091/2210/2122
f 2381/2047/1974 1862/118/118 1801/97/97
f 2127/2511/1328 1507/410/410 590/2688/1329
f 884/1844/1797 881/1031/1018 137/2689/2477
f 884/2410/1797 2141/1787/1744 2153/1610/1573
f 951/1542/689 1946/2105/1183 76/1540/1506
f 915/2367/2250 802/584/581 1335/581/579
f 2331/25/25 885/1204/1187 1263/2042/1969
f 2086/1374/1349 189/988/977 1029/990/979
f 1874/2690/2135 1650/200/200 2119/202/202
f 1650/1242/200 1874/2225/2135 252/1295/1273
f 907/42/42 504/1791/1748 2007/1067/1054
f 190/2691/1917 1701/1368/1344 2532/1376/1351
f 1717/648/645 1682/1865/1815 1871/649/646
f 2399/2692/2225 2285/2247/2149 1883/2693/2224
f 75/2694/2030 2285/2247/2149 2399/2692/2225
f 1244/1140/1126 895/1139/1125 53/1577/1541
f 1451/1025/1012 1363/808/799 709/1023/1010
f 464/2237/1647 1363/808/799 1451/1025/1012
f 2254/859/850 1991/197/197 1841/1817/1774
f 1905/2449/2311 888/84/84 1513/2249/2151
f 154/2472/2330 889/1948/1889 2241/2695/2478
f 1789/1143/1129 890/2311/2202 696/1679/1642
f 2251/1121/1108 1301/1120/1107 1698/2049/1976
f 2294/1078/1065 1767/521/520 1562/2205/2117
f 1767/521/520 1516/520/519 1562/2205/2117
f 1755/1224/1207 392/1223/1206 1757/940/929
f 2546/1401/1376 1163/1403/1378 738/869/860
f 81/1784/1739 2494/1786/1743 1417/2696/2479
f 1889/1375/1350 2086/1374/1349 1556/987/976
f 207/1012/1000 2324/2174/2089 1986/2684/2473
f 14/1010/998 207/1012/1000 1986/2684/2473
f 2195/2025/1953 1014/2697/2344 284/2281/984
f 2166/2154/2071 1531/797/788 1048/1155/1139
f 880/2698/1859 893/1039/1026 1624/932/922
f 1564/2622/2431 880/1918/1859 1046/749/741
f 2493/1859/1809 1498/452/452 546/2353/2238
f 1258/1686/1649 894/1188/1171 752/5/5
f 731/828/819 894/1188/1171 160/829/820
f 257/1280/1258 1981/1278/1256 1063/1053/1040
f 2104/2662/2460 1275/1141/1127 2555/1952/1893
f 103/2356/2241 2136/823/814 1479/2357/2242
f 2165/2617/2428 896/454/454 2015/1227/1210
f 296/2682/2471 2165/2617/2428 2015/1227/1210
f 68/191/191 432/842/833 1714/2327/2217
f 1708/2699/2480 432/842/833 553/2700/1696
f 1686/1363/1339 1999/2179/2094 1765/2207/2119
f 1558/1618/1581 238/1615/1578 1936/413/413
f 2500/1533/1499 1529/1669/1632 2070/1536/1502
f 1895/2019/1949 682/2261/2160 1897/2203/2115
f 1460/404/404 1895/2019/1949 1897/2203/2115
f 294/391/391 351/2467/2326 2483/389/389
f 897/1349/1325 1617/2701/1670 1393/2702/1672
f 2072/2703/2481 312/1911/1853 2144/2016/1946
f 312/1911/1853 1787/444/444 488/8/8
f 2483/389/389 351/2467/2326 1382/1424/1399
f 2381/2047/1974 539/2347/2234 2483/389/389
f 505/1102/1089 1715/1657/1620 1299/1268/1246
f 899/2704/2482 2317/2141/2061 63/2705/2483
f 169/2142/2062 2317/2141/2061 899/2704/2482
f 2183/2279/2175 900/1022/1009 802/584/581
f 2183/2279/2175 1843/1633/1596 1061/1632/1595
f 914/1103/1090 1299/1268/1246 1361/759/751
f 1299/1268/1246 914/1103/1090 505/1102/1089
f 1844/1850/555 1780/1849/1802 671/2342/2229
f 83/714/707 1351/2039/1966 707/715/708
f 523/1661/1624 2572/2379/2260 903/733/726
f 1914/2112/2035 1987/2706/2484 1892/1913/1855
f 904/1663/1626 31/1648/1611 2046/1650/1613
f 100/703/696 788/796/787 2128/795/786
f 884/1844/1797 2415/1034/1021 290/1032/1019
f 160/829/820 2016/961/950 1527/830/821
f 1401/218/218 2366/2707/2485 2225/2037/1964
f 1339/485/484 594/1612/1575 2081/1299/1277
f 754/2589/2410 1468/1286/1264 410/662/655
f 1620/484/483 135/2046/1973 1583/991/980
f 309/910/901 2134/597/594 906/911/897
f 907/42/42 1797/44/44 504/1791/1748
f 1273/2708/2001 2405/75/75 34/1354/1330
f 1273/2708/2001 396/73/73 2405/75/75
f 308/369/369 45/526/525 2306/2585/2408
f 2147/1647/1610 1559/198/198 909/2051/1978
f 2147/1647/1610 2134/597/594 216/596/593
f 911/1591/1554 2280/1590/1553 2187/2098/2023
f 1214/1651/1614 1696/1653/1616 1270/336/336
f 1270/336/336 604/1801/1758 1214/1651/1614
f 839/420/420 1576/423/423 51/418/418
f 34/1354/1330 2405/75/75 637/407/407
f 2392/1803/1760 1354/1839/1793 1454/1806/1763
f 105/814/805 2524/1418/1393 1537/815/806
f 246/265/265 2298/262/262 2257/2709/2486
f 1368/93/93 491/2288/2183 2075/687/680
f 914/1103/1090 1194/1667/1630 2412/616/613
f 595/489/488 2551/2333/2222 2044/668/661
f 403/2710/2487 1642/1517/1485 1175/227/227
f 915/2367/2250 24/585/582 802/584/581
f 1787/444/444 312/1911/1853 2072/2703/2481
f 228/2560/2391 26/1944/1885 808/357/357
f 228/2560/2391 808/357/357 1681/438/438
f 1793/930/920 917/1741/1700 121/855/846
f 908/62/62 1669/1225/1208 918/822/813
f 1669/1225/1208 40/323/323 918/822/813
f 78/1569/4 921/1568/1533 2490/2674/2467
f 922/2386/2267 200/773/765 2553/1413/1388
f 2194/1068/1055 2339/1872/1822 1391/1906/1849
f 926/506/505 1730/1539/1505 488/8/8
f 2151/300/300 2567/2197/2109 2200/723/716
f 2507/1592/1555 234/2711/56 927/2712/2488
f 1901/2586/2409 89/1178/1161 2137/2713/2489
f 2321/1454/1428 123/2318/2208 799/2304/2195
f 123/2318/2208 2321/1454/1428 1954/2319/2209
f 928/493/492 728/495/494 39/1695/1656
f 381/2085/2010 1228/2087/2012 545/2248/2150
f 929/735/728 2100/571/569 725/2040/1967
f 949/2455/2317 322/2714/1881 1713/2715/1880
f 558/769/761 1033/306/306 1594/712/705
f 1535/304/304 1033/306/306 1278/1432/1407
f 1814/2532/2369 1611/402/402 306/1558/1523
f 930/628/625 1216/627/624 614/624/621
f 6/1775/1734 931/2544/2376 1466/2026/1954
f 931/2544/2376 361/1774/1733 1466/2026/1954
f 657/1997/1930 185/1379/1354 1906/2002/1933
f 2287/927/917 1756/1808/1765 1379/2716/2490
f 720/1244/161 2197/2717/918 1756/1808/1765
f 2351/1266/1244 1723/2718/2491 1919/2719/1507
f 243/308/308 1671/2067/1993 2243/309/309
f 2398/619/616 2211/2453/2315 1917/2452/2314
f 933/2720/2492 1759/1649/1612 1071/2721/2493
f 2091/2210/2122 1460/404/404 1897/2203/2115
f 227/2543/2179 2214/170/170 936/172/172
f 936/658/172 2436/251/251 227/2284/2179
f 175/1964/1905 2092/2121/2043 1052/2120/2042
f 369/2722/2294 1052/2120/2042 97/2723/1972
f 948/179/179 364/181/181 1153/1464/1436
f 379/2078/2004 805/2089/2014 1385/2073/1999
f 2019/1396/1371 1086/981/970 1724/1129/1116
f 170/1619/1582 2320/1183/1166 940/569/567
f 170/1619/1582 940/569/567 239/1620/1583
f 941/1366/1342 1989/2390/2271 912/2607/2420
f 942/1024/1011 1055/2161/2078 1846/1030/1017
f 942/1024/1011 1846/1030/1017 1307/2239/2144
f 2075/687/680 386/2391/2272 183/2573/2400
f 251/2050/1977 1524/502/501 471/1322/1300
f 828/543/542 2261/331/331 946/544/543
f 996/217/217 1344/2504/2352 2366/2707/2485
f 1053/112/112 1254/1880/1829 2543/1945/1886
f 1989/2390/2271 2061/1802/1759 2392/1803/1760
f 1920/1639/1602 1010/1601/1564 2396/48/48
f 1750/1903/1847 307/831/822 1493/2724/2494
f 949/2455/2317 323/1218/1201 929/2259/728
f 322/2714/1881 949/2455/2317 929/2259/728
f 2259/406/406 1495/74/74 2518/2106/2029
f 1115/579/577 1487/72/72 1264/2454/2316
f 950/2725/2495 1204/2726/2239 1783/2727/2240
f 1782/2117/1311 613/2340/2227 952/2558/2389
f 1208/966/955 1223/1605/1568 953/2228/2138
f 1376/310/310 2422/1514/1482 851/311/311
f 1868/2728/2496 570/2629/2437 2273/1144/1130
f 1835/2557/2388 613/2340/2227 2444/2729/20
f 2444/2729/20 613/2340/2227 2108/397/397
f 222/1624/1587 544/1623/1586 2166/2154/2071
f 674/936/926 17/2564/714 1850/1277/1255
f 1561/2377/429 1445/958/947 295/957/946
f 1279/1851/427 1561/2377/429 295/957/946
f 2319/66/66 16/348/348 1291/350/350
f 1927/2309/2200 2161/821/812 1674/61/61
f 2149/1715/1676 530/549/548 1145/546/545
f 563/1384/1359 1612/2730/2497 2129/989/978
f 1027/1258/1236 2129/989/978 1612/2730/2497
f 822/205/205 448/2209/2121 767/1866/1816
f 1559/198/198 1991/197/197 1666/858/849
f 2491/1831/1787 618/2447/2309 1944/1829/1785
f 2022/931/921 531/854/845 837/81/81
f 2418/1907/1850 119/2364/2247 421/2160/2077
f 1784/1306/1284 182/1233/1216 722/1378/1353
f 1658/2034/1961 53/1577/1541 895/1139/1125
f 2472/396/396 961/1742/1701 1793/930/920
f 963/2276/2172 746/1179/1162 89/1178/1161
f 964/1527/1493 438/133/133 1608/2137/2057
f 119/2364/2247 965/2731/899 1654/2732/2308
f 966/909/900 119/2364/2247 2418/1907/1850
f 1003/979/968 1747/566/564 954/980/969
f 2299/2320/2210 1141/2094/2019 252/1295/1273
f 966/909/900 965/2731/899 119/2364/2247
f 966/909/900 906/911/897 965/2731/899
f 670/2496/2348 2087/188/188 1601/383/383
f 2032/2169/2084 2087/188/188 670/2496/2348
f 1377/1917/1858 1369/750/742 1046/749/741
f 361/1774/1733 1291/350/350 2458/349/349
f 276/2733/2498 1994/1468/1440 967/2500/2351
f 1394/969/958 2244/2734/2499 2431/2343/2230
f 1239/1467/1439 797/1479/1451 324/2735/2500
f 563/1384/1359 2129/989/978 189/988/977
f 233/45/45 1105/2125/2047 2499/46/46
f 970/1581/1544 1692/914/904 1595/1502/1473
f 28/798/789 544/1623/1586 2313/1216/1199
f 448/2209/2121 974/1941/1882 1682/1865/1815
f 1682/1865/1815 974/1941/1882 2190/384/384
f 1717/648/645 2336/650/252 975/203/203
f 279/49/49 947/1881/1830 2018/244/244
f 853/2287/2182 2489/1238/1221 2143/2736/2346
f 2489/1238/1221 1285/2737/1185 2143/2736/2346
f 54/143/143 518/2167/2083 731/828/819
f 1041/425/425 773/2095/2020 221/426/426
f 2267/2176/2091 978/1556/1521 773/2095/2020
f 2571/2299/2190 1899/840/831 1091/1452/1426
f 978/1556/1521 221/426/426 773/2095/2020
f 979/2430/2301 1056/634/631 1256/1437/1412
f 347/222/222 645/224/224 1015/1480/1452
f 30/1631/1594 980/193/193 1621/2572/2399
f 30/1631/1594 68/191/191 980/193/193
f 981/974/963 2055/1231/1214 1374/2411/2289
f 2155/234/234 1963/922/912 302/235/235
f 1148/2274/2170 2026/552/416 388/2738/1463
f 983/2739/2501 1148/2740/2170 388/1491/1463
f 1733/1674/1637 1101/1673/1636 1269/1938/1879
f 2470/2741/1532 78/4/4 986/6/6
f 7/1826/1782 1386/1828/1784 986/6/6
f 1134/600/597 434/1531/1497 1311/2283/2178
f 1130/2360/2245 93/2469/2328 1296/1080/1067
f 2314/1154/1138 247/1169/1153 1048/1155/1139
f 1303/1629/1592 2036/2666/690 849/1127/1114
f 1999/2179/2094 987/2178/2093 1765/2207/2119
f 1446/1285/1263 1578/2069/1995 1190/2148/2067
f 1578/2069/1995 1446/1285/1263 656/2068/1994
f 1411/2742/2502 86/1664/1627 994/2032/1959
f 2239/2289/2184 566/1757/1716 1641/156/156
f 566/1757/1716 269/1756/1715 1641/156/156
f 1787/444/444 2072/2703/2481 355/2743/2503
f 2503/268/268 990/239/239 1443/1812/1769
f 991/1751/1710 268/2571/1369 1067/2744/1368
f 2226/1749/1708 268/2571/1369 991/1751/1710
f 611/2745/2006 2316/1682/1645 1706/2746/2504
f 2316/1682/1645 1176/1675/1638 1706/2746/2504
f 462/451/451 948/179/179 546/2353/2238
f 1498/452/452 462/451/451 546/2353/2238
f 2021/2013/1944 2217/2747/2505 2158/2113/2036
f 1764/1243/1224 1781/789/92 180/2088/2013
f 672/69/69 2082/2498/2349 1543/774/766
f 1228/2087/2012 672/69/69 1967/1656/1619
f 2349/2134/2054 2571/2299/2190 2361/2298/2189
f 330/1946/1887 1611/402/402 854/1947/1888
f 1970/2485/2340 449/985/974 1672/1110/1097
f 1038/282/282 1502/2580/2404 2081/1299/1277
f 87/587/584 1522/2748/2506 1596/588/585
f 567/868/859 2080/2385/2266 734/1414/1389
f 561/462/462 2080/2385/2266 567/868/859
f 2185/1584/1547 2427/1764/1723 1313/1585/1548
f 2427/1764/1723 1221/2126/2048 1313/1585/1548
f 2196/918/908 838/275/275 998/919/909
f 2290/886/877 991/1751/1710 2410/2749/2507
f 1700/684/677 291/201/201 719/91/91
f 1650/200/200 719/91/91 291/201/201
f 1007/132/132 2362/131/131 1066/2438/2176
f 1298/2402/2282 286/1356/1332 1004/1357/1333
f 1298/2402/2282 1004/1357/1333 581/1967/1908
f 1241/1257/1235 431/1256/1234 1852/700/693
f 571/347/347 232/2099/2024 16/348/348
f 1005/219/219 196/2750/2508 688/220/220
f 1009/819/810 492/777/769 2216/1016/1004
f 1011/2751/2509 1413/2752/2510 1416/2753/2511
f 2275/2754/2512 1350/1099/1086 2507/1592/1555
f 1012/1755/1714 2057/2192/2106 211/744/737
f 564/496/495 2256/2316/2206 1830/497/496
f 1014/2697/2344 2195/2025/1953 1763/208/208
f 2454/113/113 2065/1113/1100 1016/114/114
f 1217/528/527 1017/1474/1446 201/2605/2419
f 1217/528/527 2140/1433/1408 1017/1474/1446
f 1017/1474/1446 2140/1433/1408 393/2008/1939
f 438/133/133 1085/135/135 1177/2308/2199
f 499/289/289 591/288/288 2357/154/154
f 1085/135/135 1018/206/206 1177/2308/2199
f 1085/135/135 2176/353/353 1018/206/206
f 834/1529/1495 516/1547/1512 2281/1530/1496
f 1220/39/39 1294/2371/2254 609/40/40
f 46/372/372 1020/1559/1524 1402/1047/1034
f 1956/1237/1220 533/2321/2211 2550/294/294
f 1328/1809/1766 573/2499/2350 2365/1747/1706
f 1021/1312/1290 1925/1314/1292 2219/705/698
f 1021/1312/1290 2219/705/698 817/1779/1737
f 165/2755/2513 562/2534/2371 2162/2535/2372
f 1100/608/605 549/610/607 12/1554/1519
f 1025/1049/1036 782/2097/2022 232/2099/2024
f 1622/2756/2514 853/2287/2182 2372/2757/1448
f 2372/2757/1448 2501/2758/2463 1622/2756/2514
f 98/900/891 2133/899/890 1288/902/893
f 1240/688/681 2075/687/680 491/2288/2183
f 1729/147/147 2526/1259/1237 174/145/145
f 2128/795/786 2335/827/818 2028/2020/1950
f 1640/28/28 1879/2188/2103 229/2262/2161
f 1640/28/28 587/651/647 1879/2188/2103
f 341/1367/1343 359/2062/1988 1831/921/911
f 139/691/684 1030/2759/2515 2160/689/682
f 1219/2263/2162 229/2262/2161 2468/2187/2102
f 807/431/431 52/1793/1750 2205/2760/2516
f 1036/2376/2258 674/936/926 1445/958/947
f 1634/1599/1562 1785/1598/1561 70/356/356
f 2172/1703/1664 759/2600/2417 640/2761/500
f 435/1175/1159 2172/1703/1664 1678/2189/499
f 1441/34/34 1669/1225/1208 2161/821/812
f 1044/1486/1458 592/678/671 2440/1636/1599
f 1893/2065/1991 2171/1608/1571 1472/70/70
f 1039/2226/2136 81/1784/1739 1211/2681/2470
f 1039/2226/2136 2432/1785/1742 81/1784/1739
f 1766/2431/2302 604/1801/1758 1270/336/336
f 1040/2762/1431 348/153/153 477/2265/1430
f 2154/1462/1434 1041/425/425 425/1461/1433
f 1042/2426/1910 266/2763/468 601/1745/1704
f 332/465/465 1866/467/467 1042/1969/1910
f 2239/2289/2184 256/1038/1025 566/1757/1716
f 1043/393/393 2321/1454/1428 2401/1856/1806
f 2227/2581/2405 2498/2764/341 1904/1018/1006
f 405/2132/2052 906/906/897 1768/1740/1699
f 2319/66/66 2377/1460/1432 679/334/334
f 828/543/542 316/1579/1543 2261/331/331
f 2491/1831/1787 1045/1085/1072 960/2158/2075
f 1829/1310/1288 344/2765/2517 1736/1311/1289
f 1706/2746/2504 1744/2766/1726 611/2745/2006
f 1732/2767/2518 1292/1220/1203 969/1222/1205
f 955/2768/2519 675/1076/1063 318/455/455
f 2403/1145/1131 1219/2263/2162 682/2261/2160
f 1885/1665/1628 2182/2481/2336 1398/2480/2335
f 1710/1521/1489 2326/513/512 2318/212/212
f 146/1119/1106 2255/505/504 702/1217/1200
f 1502/2580/2404 503/195/195 1745/194/194
f 68/191/191 1843/1633/1596 432/842/833
f 1843/1633/1596 68/191/191 1061/1632/1595
f 877/1014/1002 463/19/19 2045/2043/1970
f 2045/2043/1970 463/19/19 873/9/9
f 1047/1348/1324 2556/2514/2359 1550/2145/2064
f 435/1175/1159 1330/1571/1535 2172/1703/1664
f 1221/2126/2048 350/1194/1177 765/2609/2422
f 1702/287/287 423/850/841 1149/1799/1756
f 1048/1155/1139 247/1169/1153 157/1168/1152
f 1048/1155/1139 157/1168/1152 2166/2154/2071
f 1591/1548/1513 2417/2306/2197 516/1547/1512
f 1267/296/296 1606/1003/991 2114/1002/990
f 578/1654/1617 2002/2667/692 297/2769/2520
f 1050/379/379 2288/110/110 2537/109/109
f 1522/2748/2506 1945/642/639 1057/644/641
f 693/1722/1683 2285/2247/2149 75/2694/2030
f 1989/2390/2271 2392/1803/1760 912/2607/2420
f 912/2607/2420 2392/1803/1760 1454/1806/1763
f 1056/634/631 979/2430/2301 1054/2136/2056
f 1856/1492/1464 1716/1004/992 1726/424/424
f 2069/157/157 1641/156/156 1055/2161/2078
f 1522/2748/2506 693/2770/1683 1945/642/639
f 2230/2458/2320 385/1827/1783 2144/2016/1946
f 22/259/259 1058/2407/2287 2240/1962/1903
f 2240/1962/1903 1058/2407/2287 1001/1961/1902
f 1059/1640/1603 622/618/615 1197/617/614
f 1649/16/16 1511/2771/2521 452/2219/2130
f 1382/1424/1399 2438/704/697 2402/2048/1975
f 511/328/328 1673/1840/1794 582/1841/1795
f 1204/2354/2239 950/2772/2495 2504/2183/2098
f 559/1484/1456 585/1483/1455 1064/1652/1615
f 799/2304/2195 642/1854/1804 1066/2280/2176
f 1065/1008/996 2541/2206/2118 418/1832/1788
f 1365/192/192 9/2773/2452 1882/1882/1831
f 1365/192/192 1882/1882/1831 2538/240/240
f 1066/2280/2176 487/1857/1807 2401/1856/1806
f 799/2304/2195 1066/2280/2176 2401/1856/1806
f 1960/1263/1241 2053/535/534 2266/457/457
f 2266/457/457 848/459/459 1887/187/187
f 1187/1386/1361 1704/1972/1912 1082/189/189
f 1399/1387/1362 1187/1386/1361 1082/189/189
f 1287/2774/2522 2232/1871/1821 2352/594/591
f 991/2775/1710 1067/1393/1368 193/1392/1367
f 1792/2118/2040 2530/2119/2041 1087/1564/1529
f 136/358/358 1070/360/360 327/1342/1319
f 327/1342/1319 1070/360/360 781/784/776
f 1168/11/11 1264/2454/2316 1996/2317/2207
f 1383/1167/1151 1168/11/11 1996/2317/2207
f 430/809/800 1363/808/799 1842/2238/2143
f 846/1191/1174 1440/2403/2283 2569/1998/1931
f 1333/1265/1243 1851/694/687 1723/2718/2491
f 699/1340/1317 327/1342/1319 1848/783/775
f 1807/329/329 1072/656/652 1935/330/330
f 504/1791/1748 1797/44/44 1073/1789/1746
f 1664/1930/1871 2476/1504/1475 1261/1505/1476
f 1890/129/129 1616/1721/1682 2310/127/127
f 113/2776/2523 2017/2036/1963 1457/872/863
f 1869/870/861 1457/872/863 2017/2036/1963
f 2364/339/339 258/338/338 704/1957/1898
f 1146/436/436 1930/2359/2244 352/2010/1941
f 194/603/600 1144/2777/2524 213/388/388
f 388/1491/1463 2048/871/862 528/682/675
f 2345/1706/1667 1824/625/622 939/280/280
f 870/2616/2427 1824/625/622 2345/1706/1667
f 1616/1721/1682 2333/1011/999 2285/2247/2149
f 2020/376/376 694/2778/2525 18/377/377
f 1997/2027/1955 1695/718/711 5/1560/1525
f 5/1560/1525 1020/1559/1524 1997/2027/1955
f 870/2616/2427 1201/2779/2203 509/623/620
f 1196/1981/1919 2279/2264/1692 2428/2021/533
f 1740/2520/2363 41/82/82 888/84/84
f 499/289/289 2357/154/154 2368/117/117
f 1344/2504/2352 1253/943/932 820/1553/1518
f 414/21/21 1083/2780/2526 968/2246/2148
f 414/21/21 654/23/23 2492/2781/2527
f 1190/2148/2067 1023/2782/125 992/2152/2069
f 271/2630/2438 2231/2783/2354 1023/2782/125
f 2384/14/14 1671/2067/1993 635/2462/2323
f 2176/353/353 1085/135/135 2013/354/354
f 793/929/919 678/937/927 1850/1277/1255
f 250/1645/1608 1861/1646/1609 2298/262/262
f 2400/2291/2186 1456/29/29 357/2457/2319
f 1249/525/524 1844/1850/555 1181/2784/554
f 1249/2475/524 2423/2478/2333 1424/2476/2332
f 2557/13/13 576/2415/2291 2416/813/804
f 66/2785/2528 1203/1440/1415 592/678/671
f 1088/2664/2462 573/2499/2350 2082/2498/2349
f 486/1825/1781 117/892/883 2046/1650/1613
f 2180/1160/1144 2367/270/270 1712/877/868
f 2037/1848/1801 2554/803/794 2513/2513/2358
f 2010/716/709 1692/914/904 231/1582/1545
f 2010/716/709 1242/912/902 1692/914/904
f 2377/1460/1432 315/1842/1796 1378/1463/1435
f 700/2216/2127 521/2786/2529 1092/2522/2364
f 1094/875/866 1128/874/865 1742/1523/267
f 1094/2787/866 1742/267/267 2425/266/266
f 61/1572/1536 1096/2124/2046 1105/2125/2047
f 1954/2319/2209 2321/1454/1428 102/1453/1427
f 398/504/503 54/143/143 1524/502/501
f 1356/1093/1080 13/1092/1079 1566/1091/1078
f 1102/1692/1653 1832/2323/2213 2525/1693/1654
f 74/1861/1811 1753/1062/1049 2460/1061/1048
f 1076/643/640 1945/642/639 75/2107/2030
f 1791/1847/1800 1448/1723/1684 2348/2788/1191
f 1104/1134/1121 2260/724/717 890/2311/2202
f 826/1170/1154 2209/428/428 1279/427/427
f 2/693/686 1934/2018/1948 1911/2484/2339
f 1309/36/36 2229/2406/2286 22/259/259
f 2169/37/37 1309/36/36 22/259/259
f 523/1661/1624 2187/2098/2023 387/728/721
f 460/861/852 387/728/721 2280/1590/1553
f 1776/1949/1890 1597/1929/1870 1902/2044/1971
f 1285/2737/1185 2489/1238/1221 1352/2789/2530
f 1390/1993/1926 2474/2399/2279 575/545/544
f 1619/1096/1083 1106/1095/1082 2269/2668/2464
f 2220/2790/2446 525/1975/1913 1107/2791/2447
f 1470/2193/2107 1847/2195/2108 525/1975/1913
f 285/1315/1293 2329/1316/1294 2331/25/25
f 67/2612/659 1111/620/617 1676/2792/660
f 1111/620/617 67/2612/659 323/1218/1201
f 1809/226/226 1110/1927/1868 1747/566/564
f 1747/566/564 1110/1927/1868 1724/1129/1116
f 1109/2594/2415 608/2595/2416 2263/2598/2166
f 2263/2269/2166 608/2596/2416 2488/1659/1622
f 1265/1617/1580 1815/1111/1098 741/553/551
f 2376/2793/657 342/2794/656 1111/620/617
f 276/2733/2498 967/2500/2351 1441/34/34
f 889/1948/1889 154/2472/2330 30/1631/1594
f 1061/1632/1595 30/1631/1594 154/2472/2330
f 1801/97/97 1862/118/118 1349/98/98
f 1893/2065/1991 1119/1768/1727 1651/1769/1728
f 209/1361/1337 2308/602/599 2120/639/636
f 2308/602/599 1459/640/637 2120/639/636
f 2334/978/967 395/977/966 1117/983/972
f 2418/1907/1850 1170/2159/2076 967/2500/2351
f 725/2040/1967 2369/1081/1068 93/2469/2328
f 2180/1160/1144 2226/1749/1708 356/727/720
f 2369/1081/1068 1296/1080/1067 93/2469/2328
f 1656/1051/1038 2070/1536/1502 937/1052/1039
f 2201/2122/2044 1120/878/869 1656/1051/1038
f 1922/767/759 1121/711/704 368/1805/1762
f 1707/2626/2434 886/479/478 1122/2071/1997
f 1123/1400/1375 19/2647/2139 2322/537/536
f 2381/2047/1974 1591/1548/1513 1156/941/930
f 2381/2047/1974 1801/97/97 1591/1548/1513
f 1555/474/473 1124/1561/1526 826/1170/1154
f 352/2010/1941 727/802/793 1146/436/436
f 1626/243/243 1125/517/516 221/426/426
f 1126/165/165 1501/2597/1962 2193/166/166
f 1123/1400/1375 1501/2035/1962 1126/1513/165
f 1742/1523/267 1128/874/865 1827/409/409
f 1128/874/865 441/1750/1709 1827/409/409
f 37/302/302 1626/243/243 1718/242/242
f 1125/517/516 1626/243/243 37/302/302
f 373/1846/1799 1296/1080/1067 646/2058/1984
f 2264/2669/2465 1140/2366/2249 1277/2254/2156
f 327/1342/1319 711/171/171 2214/170/170
f 1791/1847/1800 2393/2341/2228 2037/1848/1801
f 415/2302/2193 2044/668/661 812/2004/1935
f 1165/1776/1735 2446/2369/2252 1191/2795/2531
f 752/5/5 852/1899/1839 305/2796/2163
f 1004/1357/1333 1772/738/731 769/2549/2381
f 1680/772/764 1132/771/763 2066/2184/2099
f 779/1501/1472 211/744/737 2090/746/739
f 2263/2269/2166 2488/1659/1622 1734/163/163
f 2479/2797/317 1103/1725/316 945/805/796
f 1680/772/764 1136/1148/1134 1133/1149/1135
f 1013/1336/1313 1853/1338/1315 1275/1141/1127
f 1133/1149/1135 1136/1148/1134 741/553/551
f 811/865/856 2307/743/736 1138/864/855
f 359/2062/1988 2375/2400/2280 1831/921/911
f 1119/1768/1727 1248/1869/1819 121/855/846
f 718/2798/2256 227/2284/2179 2464/655/651
f 1939/580/578 1140/2799/2249 915/2367/2250
f 2264/2800/2465 24/585/582 915/2367/2250
f 538/1201/1184 2234/2483/2338 1647/435/435
f 1760/1696/1657 728/495/494 1024/1922/1863
f 1528/1296/1274 252/1295/1273 1141/2094/2019
f 632/1192/1175 530/549/548 2426/1716/1677
f 1971/1956/1897 664/2614/2425 1751/1370/1346
f 1633/1516/1484 851/311/311 2422/1514/1482
f 176/1877/1250 2547/2292/1251 2400/2291/2186
f 473/1116/1103 2356/335/335 580/954/943
f 1143/136/136 843/1995/1928 424/2456/2318
f 2308/602/599 1144/2777/2524 194/603/600
f 213/388/388 1144/2777/2524 209/1361/1337
f 1501/2597/1962 1251/2801/634 1342/633/630
f 1147/255/255 2477/2802/2532 989/256/256
f 2477/2803/2532 1147/2804/255 2350/1495/1467
f 1679/1279/1257 2074/182/182 1981/1278/1256
f 400/2123/2045 1693/2611/2424 1149/1799/1756
f 1150/1059/1046 1405/1551/1516 1253/943/932
f 1150/1059/1046 1280/2805/2360 289/2806/2407
f 718/2798/2256 2464/655/651 1807/329/329
f 791/2424/2297 1151/2625/2433 874/631/628
f 1152/1035/1022 2415/1034/1021 261/1430/1405
f 1993/1123/1110 283/1325/1303 526/614/611
f 1612/2730/2497 2068/155/155 1027/1258/1236
f 1453/2807/2533 2239/2289/2184 2068/155/155
f 1167/1928/1869 1290/233/233 2103/1950/1891
f 2103/1950/1891 1290/233/233 1395/1415/1390
f 2516/488/487 1440/2403/2283 1205/2676/2468
f 2551/2333/2222 2516/488/487 1205/2676/2468
f 658/1450/1424 376/327/327 1239/1467/1439
f 209/1361/1337 1144/2777/2524 2308/602/599
f 1898/2425/2298 1675/1251/1231 2110/168/168
f 1425/1771/1730 1898/2425/2298 2110/168/168
f 115/1050/1037 1234/925/915 79/2486/2341
f 1157/2619/2430 1854/2186/2101 1999/2179/2094
f 1157/2619/2430 1999/2179/2094 1686/1363/1339
f 999/27/27 1158/2417/2293 1965/1264/1242
f 1158/2417/2293 2465/2555/2387 1965/1264/1242
f 855/209/209 1159/939/928 2049/210/210
f 887/1214/1197 2157/889/880 2126/888/879
f 1675/1251/1231 456/1253/54 234/2711/56
f 49/305/305 2562/1576/1540 114/2383/2264
f 1160/2642/2445 2118/2808/2373 2024/1942/1883
f 1827/409/409 2462/408/408 1161/1524/1259
f 2462/2809/408 2127/1352/1328 1161/1281/1259
f 1727/2810/2534 2371/2811/2535 105/814/805
f 1948/47/47 390/2812/2263 233/45/45
f 390/2382/2263 1948/2577/47 690/1107/1094
f 1228/2087/2012 1967/1656/1619 545/2248/2150
f 967/2500/2351 1170/2159/2076 1697/1226/1209
f 1840/392/392 2121/229/229 902/228/228
f 1628/108/108 1172/2009/1940 1947/106/106
f 271/2630/2438 1788/2813/2355 2231/2783/2354
f 1628/108/108 88/1232/1215 1172/2009/1940
f 1937/1538/1504 935/1537/1503 1730/1539/1505
f 1995/326/326 2495/2656/2454 353/1478/1450
f 253/2250/2152 1497/78/78 120/2527/1679
f 11/2398/2278 1706/2746/2504 605/2432/2303
f 554/141/141 2012/140/140 1173/1977/1915
f 1394/969/958 1557/968/957 469/967/956
f 870/2616/2427 509/623/620 1824/625/622
f 1968/1221/1204 11/2398/2278 1598/879/870
f 175/1964/1905 369/2722/2294 1174/1963/1904
f 309/910/901 339/601/598 1603/598/595
f 326/374/374 2286/2814/2536 623/375/375
f 1177/2308/2199 1018/206/206 2012/140/140
f 263/1297/1275 1975/532/531 181/1398/1373
f 263/1297/1275 724/531/530 1975/532/531
f 817/1779/1737 1875/1780/1738 747/1313/1291
f 410/662/655 2340/2540/1852 754/2589/2410
f 829/2507/2353 878/529/528 2184/2140/2060
f 1380/1729/1689 2184/2140/2060 878/529/528
f 1267/296/296 2114/1002/990 375/297/297
f 648/399/399 2181/401/401 1178/1236/1219
f 1677/63/63 1934/2018/1948 2/693/686
f 1604/2646/1226 804/1512/164 1179/2815/2448
f 1604/1246/1226 1735/2816/162 720/1244/161
f 624/1082/1069 220/1499/1470 1155/1190/1173
f 614/2817/621 509/2312/620 2099/1697/1658
f 1180/2146/2065 584/845/836 1428/844/835
f 298/378/378 18/377/377 176/1272/1250
f 18/377/377 1333/1265/1243 176/1272/1250
f 2564/1660/1623 1181/556/554 821/2173/2088
f 1539/2092/2017 2174/1346/1323 1182/1710/1671
f 1182/1710/1671 2174/1346/1323 1950/1713/1674
f 2419/1275/1253 51/418/418 924/422/422
f 787/1704/1665 51/418/418 2419/1275/1253
f 2341/2818/2537 2141/1787/1744 2563/1147/1133
f 32/258/258 2169/37/37 22/259/259
f 1378/1463/1435 425/1461/1433 2377/1460/1432
f 1919/1541/1507 1533/1589/1552 1965/1264/1242
f 1185/111/111 437/403/403 1284/1475/1447
f 2436/251/251 833/1714/1675 2533/1177/1160
f 833/1714/1675 1950/1713/1674 2533/1177/1160
f 2111/539/538 1273/2075/2001 377/2074/2000
f 1805/1507/1478 105/814/805 493/2819/2538
f 2175/1419/1394 105/814/805 1805/1507/1478
f 144/264/264 2356/335/335 473/1116/1103
f 594/1612/1575 1339/485/484 2236/1027/1014
f 1088/2664/2462 1186/611/608 573/2499/2350
f 682/2261/2160 572/2204/2116 1897/2203/2115
f 1520/1635/1598 2242/2404/2284 2292/2657/2455
f 2292/2657/2455 1547/225/225 1520/1635/1598
f 2361/2298/2189 2571/2299/2190 496/2300/2191
f 2561/1298/1276 2540/1300/1278 2361/2298/2189
f 1634/1599/1562 44/355/355 1276/1215/1198
f 1965/1264/1242 1533/1589/1552 434/1531/1497
f 1533/1589/1552 1311/2283/2178 434/1531/1497
f 511/328/328 657/1997/1930 1995/326/326
f 648/399/399 854/1947/1888 48/400/400
f 1600/1189/1172 2111/539/538 377/2074/2000
f 233/45/45 2118/2537/2373 61/1572/1536
f 1905/2449/2311 1076/643/640 618/2447/2309
f 2391/2256/2157 1076/643/640 1905/2449/2311
f 2050/2561/2392 1499/1395/1370 126/1397/1372
f 126/1397/1372 742/2574/2401 2050/2561/2392
f 163/439/439 1159/939/928 855/209/209
f 855/209/209 777/437/437 163/439/439
f 1191/2795/2531 597/1823/1779 1165/1776/1735
f 2386/567/565 1366/2029/1957 1031/737/730
f 1192/1655/1618 578/1654/1617 297/2769/2520
f 349/2003/1934 1780/1849/1802 1314/524/523
f 752/5/5 78/4/4 2204/1510/1480
f 1352/2789/2530 1956/1237/1220 2550/294/294
f 1170/2159/2076 818/2325/2215 1697/1226/1209
f 459/675/668 1949/1545/1510 2116/673/666
f 669/1089/1076 447/176/176 689/2820/2539
f 2049/210/210 1213/2821/2540 2387/2822/747
f 2310/127/127 693/1722/1683 1522/2823/2506
f 1738/352/352 1247/669/662 1205/2676/2468
f 217/2824/2541 1880/1822/1778 1206/1777/1736
f 1444/641/638 1076/643/640 2391/2256/2157
f 2463/652/648 1465/386/386 2025/1935/1876
f 2463/652/648 2025/1935/1876 816/2252/2154
f 1583/2825/980 1826/825/816 1593/824/815
f 489/30/30 853/2287/2182 1209/2286/2181
f 853/2287/2182 1622/2756/2514 1209/2286/2181
f 178/2628/2436 1635/2627/2435 271/2630/2438
f 2168/1586/1549 1015/1480/1452 1503/94/94
f 1536/1735/1694 1795/1734/1542 1211/2826/2470
f 81/1781/1739 1536/1735/1694 1211/2826/2470
f 2120/639/636 206/2686/2475 1226/1490/1462
f 370/1613/1576 1212/2827/472 1818/1442/1417
f 1212/2827/472 370/1613/1576 1962/2828/2423
f 443/2063/1989 50/173/173 2435/2064/1990
f 1867/2829/476 1962/2828/2423 370/1613/1576
f 334/476/475 1962/2610/2423 1867/477/476
f 623/375/375 1521/591/588 535/590/587
f 50/173/173 1819/175/175 2435/2064/1990
f 1578/2069/1995 2001/1135/1122 1104/1134/1121
f 623/375/375 1213/2821/2540 1521/591/588
f 1064/1652/1615 1214/1651/1614 559/1484/1456
f 313/231/231 629/947/936 2040/232/232
f 2394/2830/1791 1079/2831/2542 132/995/983
f 301/2832/2058 1694/1884/619 72/2833/2059
f 760/1287/1265 656/2068/1994 1446/1285/1263
f 857/1230/1213 2509/742/735 288/1836/1792
f 351/2467/2326 646/2058/1984 1607/1423/1398
f 33/953/942 704/1957/1898 473/1116/1103
f 2364/339/339 704/1957/1898 33/953/942
f 507/1044/1031 2559/1730/1690 1380/1729/1689
f 704/1957/1898 2520/263/263 278/1114/1101
f 884/2410/1797 137/2834/2477 2141/1787/1744
f 82/561/559 2497/1909/1851 1804/559/557
f 694/2835/2525 1222/1763/1722 1050/379/379
f 2303/2351/2236 846/1191/1174 15/1717/1678
f 2412/616/613 2521/1748/1707 505/1102/1089
f 1189/1522/1490 1992/1360/1336 661/1489/1461
f 2497/1909/1851 1320/659/653 2340/1910/1852
f 1874/2690/2135 2119/202/202 1225/2836/825
f 2119/202/202 537/2837/1266 1225/2836/825
f 1693/2611/2424 788/796/787 1702/287/287
f 1228/2087/2012 483/2086/2011 1088/2664/2462
f 1317/710/703 2047/768/760 1545/1804/1761
f 640/501/500 1900/2155/2072 150/366/366
f 2302/237/237 637/407/407 1974/238/238
f 1607/1423/1398 600/1409/1384 2063/1422/1397
f 313/231/231 311/1758/1717 687/948/937
f 780/1546/1511 2499/46/46 1137/2618/2429
f 66/2785/2528 311/1758/1717 313/231/231
f 1699/1470/1442 1592/2060/1986 956/1471/1443
f 186/1761/1720 2210/1762/1721 1683/2838/2142
f 23/1878/1827 550/1879/1828 113/2776/2523
f 623/375/375 1236/2591/2412 1414/373/373
f 120/1718/1679 143/1719/1680 2122/915/905
f 143/1719/1680 1426/480/479 2122/915/905
f 1010/1601/1564 21/2839/2543 650/1073/1060
f 2293/1451/1425 343/1339/1316 1673/1840/1794
f 1238/2840/2544 1662/934/924 122/1788/1745
f 1474/1176/498 2227/2581/2405 2566/419/419
f 2227/2841/2405 1474/499/498 2498/341/341
f 1795/1734/1542 1573/1733/1693 316/2842/1543
f 1573/1733/1693 1614/2375/2257 316/2842/1543
f 2531/1466/1438 972/1604/1567 658/1450/1424
f 1643/1388/1363 1399/1387/1362 2032/2169/2084
f 744/558/556 671/2497/2229 1639/867/858
f 765/2609/2422 350/1194/1177 1546/1595/1558
f 1546/1595/1558 1142/2115/2038 765/2609/2422
f 287/1187/1170 754/2589/2410 2340/2540/1852
f 1587/2843/2545 108/2844/2546 1315/2127/2049
f 1587/2843/2545 891/291/291 108/2844/2546
f 625/568/566 1243/570/568 168/1213/1196
f 939/280/280 1824/625/622 1216/627/624
f 1245/2845/2026 1092/2522/2364 521/2786/2529
f 1372/2242/2145 1245/2845/2026 521/2786/2529
f 1867/477/476 370/2846/1576 103/2356/2241
f 1246/2847/2547 445/690/683 450/1042/1029
f 1029/990/979 1114/1705/1666 1959/807/798
f 1247/669/662 2044/668/661 2551/2333/2222
f 2163/122/122 2291/856/847 1248/1869/1819
f 2519/1380/1355 799/2304/2195 2467/2638/2443
f 1341/1456/152 1250/1455/1429 477/1457/1430
f 1668/540/539 2388/1289/1267 1800/1860/1810
f 2331/25/25 2329/1316/1294 885/1204/1187
f 1252/2440/2304 1294/2371/2254 346/1065/1052
f 1628/108/108 379/2078/2004 88/1232/1215
f 350/1194/1177 1638/510/509 1840/392/392
f 350/1194/1177 823/511/510 1638/510/509
f 2180/1160/1144 441/1750/1709 2226/1749/1708
f 1254/1880/1829 299/464/464 23/1878/1827
f 23/1878/1827 113/2776/2523 1254/1880/1829
f 1285/1202/1185 1255/1203/1186 1581/1477/1449
f 1255/1203/1186 1185/111/111 1581/1477/1449
f 1251/2801/634 1256/1437/1412 1342/633/630
f 1459/640/637 1257/2244/2147 467/638/635
f 160/829/820 894/1188/1171 1258/1686/1649
f 504/1791/1748 612/2848/2548 346/1065/1052
f 677/1046/1033 1259/1690/1651 2488/1659/1622
f 837/81/81 1000/2401/2281 2022/931/921
f 2474/2399/2279 1390/1993/1926 2375/2400/2280
f 1265/1617/1580 1262/933/923 238/1615/1578
f 1263/2042/1969 20/57/57 2331/25/25
f 1081/1399/1374 194/603/600 213/388/388
f 859/2326/2216 196/2750/2508 1832/2323/2213
f 1832/2323/2213 196/2750/2508 514/2324/2214
f 1262/933/923 1265/1617/1580 122/1788/1745
f 1457/872/863 1254/1880/1829 113/2776/2523
f 1266/1773/1732 274/64/64 2319/66/66
f 1269/1938/1879 93/2469/2328 1733/1674/1637
f 1430/1694/1655 1951/2253/2155 1102/1692/1653
f 2111/539/538 2052/2077/2003 1273/2075/2001
f 2194/1068/1055 672/69/69 142/68/68
f 141/860/851 2207/959/948 911/1591/1554
f 2548/38/38 1371/975/964 2559/1730/1690
f 2559/1730/1690 1371/975/964 739/1425/1400
f 864/2443/2307 892/1205/1188 565/2084/2009
f 484/1566/1531 1972/1637/1600 1722/1207/1190
f 916/2157/2074 420/839/830 2395/2384/2265
f 1276/1215/1198 1443/1812/1769 1982/1814/1771
f 955/2768/2519 795/1077/1064 675/1076/1063
f 1796/2380/2261 2343/730/723 2536/1006/994
f 2448/2147/2066 1578/2069/1995 366/2849/2549
f 1334/196/196 824/2233/2141 2540/1300/1278
f 1334/196/196 2540/1300/1278 2081/1299/1277
f 1403/204/204 2188/2651/2177 822/205/205
f 697/2516/2079 1280/2515/2360 524/2850/2221
f 1280/2805/2360 1253/943/932 524/2332/2221
f 1008/1988/1924 1633/1516/1484 2223/1515/1483
f 308/369/369 583/368/368 45/526/525
f 1969/1097/1084 1708/2851/2480 553/1737/1696
f 2314/1154/1138 1353/901/892 549/610/607
f 549/610/607 2145/609/606 2314/1154/1138
f 1242/912/902 707/715/708 892/1205/1188
f 1285/1202/1185 1581/1477/1449 2372/1476/1448
f 821/2173/2088 744/558/556 1972/1637/1600
f 1994/1468/1440 309/910/901 967/2500/2351
f 1798/2852/2550 1031/737/730 2416/813/804
f 1131/560/558 2339/1872/1822 1287/2774/2522
f 2339/1872/1822 2232/1871/1821 1287/2774/2522
f 313/231/231 1290/233/233 1167/1928/1869
f 1894/1055/1042 354/2014/1945 1063/1053/1040
f 2182/2481/2336 354/2014/1945 1894/1055/1042
f 413/2208/2120 42/779/771 1652/1815/1772
f 413/2208/2120 1652/1815/1772 1154/1282/1260
f 1429/1895/1840 2317/2141/2061 1002/2143/2063
f 2529/2853/2551 1569/1292/1270 1169/1291/1269
f 2447/1544/1509 301/2832/2058 905/116/116
f 262/2566/2395 840/1926/1867 1118/313/313
f 1455/1520/1488 1295/516/515 167/2854/2552
f 167/2854/2552 1295/516/515 404/2131/2051
f 2092/2121/2043 2354/58/58 1479/2357/2242
f 2354/58/58 2092/2121/2043 1419/1753/1712
f 1315/2127/2049 1297/2492/2345 21/2839/2543
f 1298/2402/2282 2250/519/518 1461/236/236
f 1461/236/236 77/647/644 1298/2402/2282
f 169/2142/2062 899/2704/2482 2510/2855/2553
f 730/2199/2111 6/1775/1734 1466/2026/1954
f 2139/2495/2347 2342/2531/2368 2211/2453/2315
f 706/1557/1522 2076/1919/1860 2181/401/401
f 1392/184/184 2349/2134/2054 2361/2298/2189
f 40/323/323 1224/325/325 1813/269/269
f 1985/518/517 2265/1627/1590 1636/2267/2164
f 1304/126/126 2497/1909/1851 248/2536/654
f 1305/1934/1875 1460/404/404 437/403/403
f 108/2844/2546 2235/1800/1757 1315/2127/2049
f 1827/409/409 1712/877/868 1507/410/410
f 2187/2098/2023 16/348/348 232/2099/2024
f 2098/812/803 2027/852/843 1059/1640/1603
f 845/1506/1477 557/2378/2259 1308/1754/1713
f 172/801/792 1406/1896/1841 101/100/100
f 780/1546/1511 1310/1555/1520 1949/1545/1510
f 2498/341/341 1474/499/498 362/365/365
f 362/365/365 2215/342/342 2498/341/341
f 1898/2425/2298 959/2100/2025 2246/2602/2418
f 761/1702/1663 959/2213/2025 453/1603/1566
f 1282/1420/1395 662/1308/1286 1691/1307/1285
f 1471/935/925 735/509/508 2202/1902/1846
f 800/2641/1538 2024/1942/1883 822/205/205
f 224/2057/1983 4/3/3 2152/1101/1088
f 2084/1150/1136 1343/1966/1907 2008/1088/1075
f 1946/2105/1183 2003/698/691 76/1540/1506
f 2003/698/691 1518/1588/1551 76/1540/1506
f 1315/2127/2049 423/850/841 2443/849/840
f 1315/2127/2049 2443/849/840 1297/2492/2345
f 2452/185/185 848/459/459 367/458/458
f 1886/1731/1691 1332/2856/2384 181/1398/1373
f 1722/1207/1190 1972/1637/1600 744/558/556
f 717/2857/2554 1667/278/278 939/280/280
f 1997/2027/1955 1020/1559/1524 2064/371/371
f 2047/768/760 1317/710/703 1790/1431/1406
f 1317/710/703 2156/709/702 1790/1431/1406
f 54/143/143 731/828/819 1524/502/501
f 2352/594/591 310/593/590 1320/659/653
f 310/1837/590 287/1187/1170 1320/2541/653
f 1017/1474/1446 1338/1473/1445 64/1174/1158
f 340/896/887 513/31/31 938/897/888
f 2240/1962/1903 861/318/318 1857/260/260
f 1279/427/427 2186/2293/1803 1435/2295/896
f 1808/475/474 1279/427/427 1435/2295/896
f 945/805/796 265/2858/2555 1324/1746/1705
f 308/369/369 2306/2585/2408 2043/2268/2165
f 983/2739/2501 1325/681/674 743/2859/1047
f 743/1060/1047 1325/2501/674 2073/555/553
f 1326/1625/1588 249/359/359 1055/2161/2078
f 1641/156/156 1326/1625/1588 1055/2161/2078
f 704/1957/1898 278/1114/1101 473/1116/1103
f 1517/2194/872 1470/2193/2107 1331/1677/1640
f 924/422/422 51/418/418 1576/423/423
f 1333/1265/1243 18/377/377 1851/694/687
f 1189/1522/1490 661/1489/1461 2389/1936/1877
f 195/324/324 2322/537/536 1600/1189/1172
f 1006/1526/1492 1338/1473/1445 1336/1472/1444
f 2301/456/456 2443/849/840 896/454/454
f 1337/729/722 701/1007/995 610/1958/1899
f 1337/729/722 1223/1605/1568 701/1007/995
f 696/1679/1642 1837/2429/2300 1789/1143/1129
f 2056/841/832 1899/840/831 1340/1118/1105
f 57/748/740 96/745/738 1341/1456/152
f 788/796/787 2123/702/695 591/288/288
f 29/632/629 1961/1212/1195 1342/633/630
f 460/861/852 953/2228/2138 1223/1605/1568
f 741/553/551 2073/555/553 1343/1966/1907
f 453/1603/1566 2300/917/907 204/916/906
f 1344/2504/2352 820/1553/1518 2017/2036/1963
f 820/1553/1518 1869/870/861 2017/2036/1963
f 1344/2504/2352 2017/2036/1963 2225/2037/1964
f 2366/2707/2485 1344/2504/2352 2225/2037/1964
f 1346/2090/2015 457/2223/2133 1039/2226/2136
f 159/2660/2458 2502/299/299 842/1186/1169
f 634/1943/1884 26/1944/1885 1348/2550/2382
f 984/731/724 1353/901/892 1877/766/758
f 453/1603/1566 959/2213/2025 2300/917/907
f 1050/2860/379 1352/2789/2530 694/2778/2525
f 1285/2737/1185 1352/2789/2530 2537/2861/109
f 569/739/732 386/2391/2272 1347/2539/2375
f 1065/1008/996 1359/2387/2268 197/1009/997
f 2207/959/948 953/2228/2138 2280/1590/1553
f 1786/835/826 865/89/89 1437/88/88
f 2353/223/223 1839/1447/1421 405/2132/2052
f 775/1770/1729 2055/1231/1214 981/974/963
f 2058/221/221 1129/1090/1077 1165/1776/1735
f 1165/1776/1735 669/1089/1076 1357/2368/2251
f 847/2211/2123 2304/441/441 2461/440/440
f 171/2473/2331 2241/2695/2478 1381/2672/2466
f 353/1478/1450 1360/2011/1942 2158/2113/2036
f 2484/177/177 2389/1936/1877 875/178/178
f 295/957/946 2202/1902/1846 2469/955/944
f 2469/955/944 1450/676/669 2406/956/945
f 1714/2327/2217 9/2773/2452 1365/192/192
f 773/2095/2020 1364/2177/2092 2267/2176/2091
f 357/2457/2319 1456/29/29 1895/2019/1949
f 784/261/261 258/338/338 2228/412/412
f 1037/340/340 2228/412/412 258/338/338
f 1109/2594/2415 8/2862/2556 1961/1212/1195
f 633/2459/2028 2144/2016/1946 314/2015/79
f 96/745/738 57/748/740 766/490/489
f 1370/1104/1091 994/2032/1959 1923/1666/1629
f 739/1425/1400 1371/975/964 166/2579/2403
f 2036/697/690 1372/2242/2145 2003/698/691
f 2003/698/691 1372/2242/2145 1518/1588/1551
f 359/2062/1988 956/1471/1443 1592/2060/1986
f 981/974/963 1374/2411/2289 1371/975/964
f 1371/975/964 1374/2411/2289 166/2579/2403
f 630/1698/1659 768/2091/2016 828/543/542
f 934/2168/2081 1379/2863/2490 793/929/919
f 1379/2716/2490 934/2165/2081 2287/927/917
f 1022/2397/2277 1935/330/330 1917/2452/2314
f 1022/2397/2277 946/544/543 1935/330/330
f 1380/1729/1689 878/529/528 1127/387/387
f 1381/2672/2466 648/399/399 2170/1235/1218
f 1128/874/865 268/2571/1369 2226/1749/1708
f 512/214/214 1383/1167/1151 856/215/215
f 1384/1234/1217 1784/1306/1284 1821/1305/1283
f 1386/1828/1784 2470/2741/1532 986/6/6
f 937/1052/1039 2070/1536/1502 1529/1669/1632
f 1936/413/413 241/415/415 1388/986/975
f 1058/2407/2287 2229/2406/2286 1430/1694/1655
f 139/691/684 445/690/683 1246/2847/2547
f 1390/1993/1926 1831/921/911 2375/2400/2280
f 514/2324/2214 196/2750/2508 1163/1403/1378
f 2525/1693/1654 514/2324/2214 1316/1402/1377
f 1392/184/184 2361/2298/2189 2315/2133/2053
f 94/563/561 1347/2539/2375 943/686/679
f 1393/1711/1672 1182/1710/1671 1397/1904/1326
f 1201/2313/2203 1396/2521/779 138/782/774
f 1409/788/780 1653/790/781 1720/1229/1212
f 1397/1350/1326 897/1349/1325 1393/2702/1672
f 1398/2480/2335 1894/1055/1042 2042/2482/2337
f 1069/1105/1092 1398/2480/2335 2042/2482/2337
f 2032/2169/2084 1399/1387/1362 2087/188/188
f 2450/2530/2367 1648/2545/2377 1400/963/952
f 2555/1952/1893 290/1032/1019 1152/1035/1022
f 546/2353/2238 948/179/179 1153/1464/1436
f 2326/513/512 1401/218/218 454/1519/1487
f 2104/2662/2460 1152/1035/1022 267/2636/2442
f 365/2864/2557 2104/2662/2460 267/2636/2442
f 318/455/455 1708/2851/2480 1969/1097/1084
f 2188/2282/2177 1403/2865/204 975/2588/203
f 1987/2706/2484 617/2012/1943 2530/2119/2041
f 1404/2554/2386 649/2479/2334 1605/514/513
f 1746/2460/2321 1608/2137/2057 214/1525/1491
f 1494/942/931 124/2866/2558 422/2162/1347
f 1940/101/101 101/100/100 1406/1896/1841
f 1916/22/22 1407/2109/2032 654/23/23
f 1459/640/637 348/153/153 1198/999/987
f 1818/1442/1417 1212/2827/472 1808/1443/474
f 2347/2867/1306 1615/1891/1837 1389/1991/1307
f 1411/2742/2502 717/2857/2554 939/280/280
f 1216/627/624 1411/2742/2502 939/280/280
f 1412/1373/1348 1701/1372/1344 628/1978/1916
f 927/2712/2488 1413/2752/2510 2507/1592/1555
f 1236/2591/2412 1419/1753/1712 1414/373/373
f 1416/2868/2511 1413/2869/2510 866/2450/2312
f 81/1781/1739 1417/2870/2479 666/1782/1740
f 790/2624/2432 1422/2525/2185 118/904/895
f 2094/103/103 1902/2044/1971 1218/461/461
f 2355/1752/1711 2478/59/59 1419/1753/1712
f 2252/752/744 1200/837/828 192/1390/1365
f 958/160/160 2095/1445/1419 1421/2871/1981
f 830/762/754 748/1048/1035 1236/2591/2412
f 1424/2476/2332 2564/1660/1623 2488/1659/1622
f 710/102/102 293/1355/1331 1582/1270/1248
f 60/1159/1143 1097/1132/1119 1983/2172/2087
f 293/1355/1331 1925/1314/1292 1582/1270/1248
f 1427/2345/2232 537/2837/1266 2119/202/202
f 674/938/926 2209/428/428 17/721/714
f 559/1484/1456 1214/1651/1614 1665/245/245
f 1665/245/245 1214/1651/1614 279/49/49
f 187/1362/1338 352/2010/1941 1930/2359/2244
f 1429/1895/1840 1406/1896/1841 63/2705/2483
f 1429/1895/1840 63/2705/2483 2317/2141/2061
f 13/1092/1079 447/176/176 1566/1091/1078
f 295/957/946 1431/2608/2421 584/845/836
f 10/1359/1335 1571/1293/1271 1532/2190/2104
f 714/2872/2559 1532/2190/2104 1571/1293/1271
f 494/55/55 453/1603/1566 2192/1602/1565
f 852/1899/1839 1711/52/52 478/51/51
f 2480/1986/1922 1433/2441/2305 1260/1980/1918
f 2482/1955/1896 1433/2494/2305 665/1984/1921
f 118/904/895 1572/150/150 1435/905/896
f 2296/1441/1416 1435/905/896 1572/150/150
f 702/1217/1200 1787/444/444 1301/1120/1107
f 1301/1120/1107 1787/444/444 355/2743/2503
f 181/1398/1373 1051/604/601 194/603/600
f 749/2634/2440 1780/1849/1802 349/2003/1934
f 323/1218/1201 949/2455/2317 169/2142/2062
f 2240/1962/1903 1857/260/260 22/259/259
f 1386/1828/1784 385/1827/1783 1878/2873/2406
f 1529/1669/1632 2500/1533/1499 218/90/90
f 40/323/323 1697/1226/1209 818/2325/2215
f 1430/1694/1655 2312/2428/2299 1951/2253/2155
f 1564/2622/2431 1481/626/623 230/2874/1027
f 471/1322/1300 1524/502/501 529/1125/1112
f 776/1181/1164 2320/1183/1166 2437/1182/1165
f 1439/1892/1838 1615/1891/1837 1921/2875/2560
f 311/1758/1717 66/2785/2528 695/1759/1718
f 1963/922/912 2413/2451/2313 2213/2524/2365
f 2413/2451/2313 1963/922/912 1831/921/911
f 138/782/774 781/784/776 269/1756/1715
f 887/1214/1197 2126/888/879 1443/1812/1769
f 866/2450/2312 1413/2869/2510 927/2876/2488
f 1261/1505/1476 2328/993/981 131/1197/1180
f 390/2382/2263 560/2381/2262 233/2877/45
f 233/2877/45 2552/1/1 2118/2808/2373
f 712/2182/2097 131/1197/1180 2328/993/981
f 1216/627/624 86/1664/1627 1411/2742/2502
f 550/1879/1828 27/213/213 1210/1889/1835
f 131/1197/1180 785/950/939 148/1198/1181
f 433/2185/2100 1447/2130/2050 1278/1432/1407
f 2567/2197/2109 1449/952/941 705/1680/1643
f 312/1911/1853 58/7/7 1538/1915/80
f 1450/676/669 2202/1902/1846 2338/677/670
f 2469/955/944 2202/1902/1846 1450/676/669
f 1358/1593/1556 2159/1301/1279 855/209/209
f 2033/1302/1280 1452/1086/1073 1769/2878/1418
f 1769/2878/1418 1452/1086/1073 2095/2055/1419
f 1454/1806/1763 368/1805/1762 912/2607/2420
f 563/1384/1359 189/988/977 1889/1375/1350
f 2190/384/384 1601/383/383 852/1893/1839
f 2184/2140/2060 813/1427/1402 829/2507/2353
f 1888/35/35 2161/821/812 1588/1377/1352
f 1458/1728/1688 813/1427/1402 2184/2140/2060
f 1021/1312/1290 817/1779/1737 747/1313/1291
f 2288/110/110 1305/1934/1875 1185/111/111
f 1232/87/87 1241/1257/1235 1852/700/693
f 956/1471/1443 341/1367/1343 1438/1319/1297
f 2565/2024/1805 2051/2022/1951 208/2023/1952
f 957/345/345 1537/815/806 1637/138/138
f 2307/743/736 811/865/856 619/1410/1385
f 25/1066/1053 259/1765/1724 2185/1584/1547
f 172/801/792 1739/800/791 1406/1896/1841
f 1712/877/868 1827/409/409 441/1750/1709
f 1049/481/480 1870/2421/1093 472/2879/1996
f 1465/386/386 213/388/388 1189/1522/1490
f 1954/2319/2209 102/1453/1427 1899/840/831
f 1698/2049/1976 355/2743/2503 2150/144/144
f 992/2152/2069 1023/2782/125 1630/2880/124
f 2496/1676/1639 1470/2193/2107 1721/190/190
f 2496/1676/1639 1331/1677/1640 1470/2193/2107
f 2144/2016/1946 385/1827/1783 871/2166/2082
f 385/1827/1783 7/1826/1782 871/2166/2082
f 1002/2143/2063 949/2455/2317 1713/2715/1880
f 618/2447/2309 2491/1831/1787 960/2158/2075
f 618/2447/2309 960/2158/2075 1849/107/107
f 819/1446/1420 2095/1445/1419 1289/159/159
f 1306/290/290 2235/1800/1757 108/2844/2546
f 1477/2135/2055 406/434/434 2196/918/908
f 2504/2183/2098 2066/2184/2099 1204/2354/2239
f 1719/1317/1295 1636/2267/2164 2430/1318/1296
f 1478/2059/1985 630/1698/1659 579/2061/1987
f 281/1813/1770 1443/1812/1769 990/239/239
f 2125/1180/1163 2160/689/682 1030/2759/2515
f 1480/130/130 208/2023/1952 116/1914/1856
f 1481/1580/623 1171/1041/1028 230/1040/1027
f 2402/2048/1975 2438/704/697 1482/119/119
f 1483/923/913 1963/922/912 2155/234/234
f 55/586/583 1483/923/913 2155/234/234
f 611/2080/2006 1744/1767/1726 1484/1897/1842
f 1484/1897/1842 593/2081/2007 611/2080/2006
f 612/2848/2548 1252/2440/2304 346/1065/1052
f 644/2468/2327 1486/2542/18 715/2303/2194
f 476/574/572 993/576/574 2179/2361/874
f 1072/656/652 2295/1448/1422 1935/330/330
f 1892/1913/1855 1480/130/130 116/1914/1856
f 303/734/727 905/116/116 1882/2881/1831
f 112/2251/2153 1489/2201/2113 1385/2073/1999
f 1385/2073/1999 1489/2201/2113 2034/2200/2112
f 340/896/887 300/818/809 2327/898/889
f 1490/2882/2561 240/1465/1437 1139/2883/2562
f 2495/2656/2454 657/1997/1930 1360/2011/1942
f 1121/711/704 912/2607/2420 368/1805/1762
f 307/831/822 1880/1822/1778 1493/2724/2494
f 1691/1307/1285 723/1421/1396 1282/1420/1395
f 420/839/830 2056/841/832 2059/1824/1780
f 758/1594/1557 235/1193/1176 162/1195/1178
f 524/2332/2221 1253/943/932 1494/942/931
f 583/368/368 2242/2404/2284 786/1862/1812
f 583/368/368 786/1862/1812 378/527/526
f 2270/1810/1767 1496/1324/1302 1328/1809/1766
f 468/453/453 1498/452/452 2493/1859/1809
f 325/1412/1387 758/1594/1557 1001/1961/1902
f 582/1841/1795 185/1379/1354 511/328/328
f 857/1230/1213 260/2418/1681 1368/2144/93
f 260/2418/1681 857/1230/1213 288/1836/1792
f 1500/1128/1115 261/1430/1405 1289/159/159
f 1502/2580/2404 997/281/281 2042/2482/2337
f 1504/1816/1773 1900/2155/2072 36/1672/1635
f 1510/1760/1719 1833/786/778 1572/150/150
f 769/2549/2381 728/495/494 721/2559/2390
f 550/1879/1828 2017/2036/1963 113/2776/2523
f 1505/836/827 984/731/724 903/733/726
f 1108/984/973 1914/2112/2035 1806/1912/1854
f 1183/1369/1345 124/2866/2558 1494/942/931
f 1384/1234/1217 1172/2009/1940 88/1232/1215
f 1676/2792/660 1111/620/617 342/2794/656
f 839/420/420 502/2307/2198 1506/1020/1007
f 687/948/937 38/945/934 629/947/936
f 1465/386/386 1933/653/649 1127/387/387
f 377/2074/2000 652/2076/2002 1507/410/410
f 1508/1511/1481 212/2884/1479 1233/1494/1466
f 1689/1570/1534 212/2884/1479 1508/1511/1481
f 2359/1905/1848 2105/758/750 470/449/449
f 1659/982/971 2146/17/17 1649/16/16
f 868/76/76 621/2885/2563 913/77/77
f 1649/16/16 1060/2886/2131 1511/2771/2521
f 2079/1932/1873 1512/1026/1013 2476/1504/1475
f 1513/2249/2151 483/2086/2011 381/2085/2010
f 1513/2249/2151 888/84/84 483/2086/2011
f 700/2216/2127 1527/2523/821 2370/2887/949
f 756/2114/2037 353/1478/1450 2158/2113/2036
f 1864/1196/1179 1802/592/589 1755/1224/1207
f 1146/436/436 727/802/793 2196/918/908
f 731/828/819 1527/830/821 389/1126/1113
f 1348/2550/2382 26/1944/1885 228/2560/2391
f 288/1836/1792 2509/742/735 159/2660/2458
f 643/1309/1287 1520/1635/1598 417/307/307
f 983/2888/2501 743/1060/1047 1863/554/552
f 1863/554/552 1148/2274/2170 983/2888/2501
f 570/2889/2437 1522/2748/2506 87/587/584
f 1868/2890/2496 2310/2891/127 1522/2748/2506
f 779/1501/1472 845/1506/1477 211/744/737
f 2264/2669/2465 1277/2254/2156 2269/2668/2464
f 2254/859/850 1523/2519/2223 2220/2643/2446
f 2379/1488/1460 1226/1490/1462 661/1489/1461
f 218/90/90 543/863/854 1529/1669/1632
f 985/15/15 2384/14/14 635/2462/2323
f 1533/1589/1552 1518/1588/1551 1311/2283/2178
f 2023/186/186 415/2302/2193 497/1262/1240
f 497/1262/1240 1887/187/187 2023/186/186
f 421/2160/2077 638/2363/1411 1534/2892/1410
f 81/1781/1739 598/1783/1741 1536/1735/1694
f 1536/1735/1694 598/1783/1741 1307/2239/2144
f 1017/1474/1446 64/1174/1158 2006/1173/1157
f 1103/1725/316 1/1724/1685 976/806/797
f 2354/58/58 1867/477/476 103/2356/2241
f 2354/58/58 103/2356/2241 1479/2357/2242
f 312/1911/1853 1538/1915/80 314/2015/79
f 540/1347/148 2174/1346/1323 1539/2092/2017
f 2040/232/232 977/319/319 1290/233/233
f 1541/2/2 560/2381/2262 1542/96/96
f 1542/96/96 560/2381/2262 2513/2513/2358
f 1543/774/766 573/2499/2350 1328/1809/1766
f 35/1158/1142 2282/1157/1141 2539/2893/2564
f 1996/2317/2207 1976/2153/2070 157/1168/1152
f 547/832/823 1546/1595/1558 394/1597/1560
f 2088/2649/2449 1550/2145/2064 1428/844/835
f 2088/2649/2449 869/2365/2248 1550/2145/2064
f 1783/2727/2240 1984/2348/2235 950/2725/2495
f 1554/1630/1593 389/1126/1113 466/2102/2027
f 968/2246/2148 1394/969/958 469/967/956
f 2244/2734/2499 1394/969/958 968/2246/2148
f 2086/1374/1349 1488/550/549 449/985/974
f 1321/104/104 367/458/458 1646/1797/1754
f 54/143/143 408/142/142 518/2167/2083
f 542/2894/2237 2016/961/950 255/1685/1648
f 888/84/84 1088/2664/2462 483/2086/2011
f 888/84/84 254/83/83 1088/2664/2462
f 1815/1111/1098 1265/1617/1580 1558/1618/1581
f 2434/2895/1096 265/2858/2555 1563/2576/1095
f 265/2858/2555 690/1107/1094 1563/2576/1095
f 1575/385/385 670/2496/2348 1601/383/383
f 1194/1667/1630 2107/448/448 2274/2277/2173
f 1898/2425/2298 2274/2277/2173 2107/448/448
f 2104/2662/2460 2555/1952/1893 1152/1035/1022
f 1568/2066/1992 714/2872/2559 1571/1293/1271
f 129/1920/1861 1366/2029/1957 954/980/969
f 2225/2037/1964 550/1879/1828 304/1518/1486
f 304/1518/1486 550/1879/1828 1210/1889/1835
f 1406/1896/1841 2071/2551/2383 63/2705/2483
f 82/561/559 1287/2774/2522 2352/594/591
f 1753/1062/1049 1574/1924/1865 1737/1063/1050
f 335/463/463 956/1471/1443 1913/211/211
f 673/2150/2068 1343/1966/1907 2073/555/553
f 1343/1966/1907 673/2150/2068 84/1983/1920
f 596/1248/1228 964/1527/1493 1608/2137/2057
f 596/1248/1228 1608/2137/2057 1282/1420/1395
f 2166/2154/2071 28/798/789 1531/797/788
f 373/1846/1799 605/2432/2303 1130/2360/2245
f 1780/1849/1802 1249/525/524 1314/524/523
f 2101/2488/2343 861/318/318 2062/946/935
f 1583/991/980 135/2046/1973 1826/2896/816
f 1706/2746/2504 1586/2897/699 1744/2766/1726
f 110/272/272 626/274/274 782/2097/2022
f 1749/1337/1314 2487/1701/1662 184/1987/1923
f 1594/712/705 1033/306/306 1188/1064/1051
f 1178/1236/1219 1574/1924/1865 2170/1235/1218
f 1587/2843/2545 1920/1639/1602 1565/1638/1601
f 1944/1829/1785 1097/1132/1119 1274/1830/1786
f 1076/643/640 1097/1132/1119 1944/1829/1785
f 1226/1490/1462 206/2686/2475 2148/2659/2457
f 1043/393/393 1084/1344/1321 192/1390/1365
f 1043/393/393 192/1390/1365 225/1575/1539
f 1283/924/914 1156/941/930 1591/1548/1513
f 2468/2187/2102 229/2262/2161 1879/2188/2103
f 1875/1780/1738 344/2765/2517 747/1313/1291
f 1829/1310/1288 747/1313/1291 344/2765/2517
f 2151/300/300 1449/952/941 2567/2197/2109
f 751/2678/2469 1209/2286/2181 1622/2756/2514
f 900/1022/1009 2332/363/363 1335/581/579
f 1968/1221/1204 1598/879/870 969/1222/1205
f 2423/2898/2333 1249/525/524 1181/2784/554
f 1239/1467/1439 324/2735/2500 2142/2899/2565
f 2494/2900/1743 666/1782/1740 1417/2870/2479
f 2066/2184/2099 2153/1610/1573 653/1146/1132
f 2153/1610/1573 2066/2184/2099 844/1611/1574
f 2059/1824/1780 2009/2901/2566 2395/2384/2265
f 1698/2049/1976 398/504/503 1549/503/502
f 396/73/73 19/2231/2139 1604/1246/1226
f 2485/1098/1085 1350/1099/1086 708/1772/1731
f 1176/1675/1638 605/2432/2303 1706/2746/2504
f 542/2352/2237 1093/1164/1148 2016/2902/950
f 1369/750/742 1655/2028/1956 1300/1138/1124
f 351/2467/2326 1607/1423/1398 1382/1424/1399
f 2388/1289/1267 1912/1290/1268 1504/1816/1773
f 1842/2578/2143 464/1684/1647 2454/113/113
f 2387/2822/747 1623/2903/2324 2049/210/210
f 1537/815/806 2524/1418/1393 1637/138/138
f 48/400/400 1611/402/402 1814/2532/2369
f 1611/402/402 48/400/400 854/1947/1888
f 1453/2807/2533 2068/155/155 1612/2730/2497
f 1612/2730/2497 1964/1383/1358 1453/2807/2533
f 599/722/715 2001/1135/1122 656/2068/1994
f 400/2123/2045 1861/1646/1609 788/796/787
f 73/414/414 1936/413/413 2424/1616/1579
f 2284/1890/1836 1721/190/190 1615/1891/1837
f 1010/1601/1564 1315/2127/2049 21/2839/2543
f 897/1349/1325 383/149/149 1617/2701/1670
f 383/149/149 1539/2904/2017 1617/2701/1670
f 277/284/284 1026/286/286 2459/2905/2493
f 2269/2668/2464 955/2768/2519 1619/1096/1083
f 1621/2572/2399 2538/240/240 72/2139/2059
f 1567/298/298 446/781/773 1267/296/296
f 625/568/566 168/1213/1196 634/1943/1884
f 731/828/819 529/1125/1112 1524/502/501
f 992/2152/2069 1630/2880/124 1304/660/126
f 2338/677/670 2440/1636/1599 592/678/671
f 2338/677/670 1286/2593/2414 2440/1636/1599
f 2198/134/134 2013/354/354 1085/135/135
f 1678/2189/499 2172/1703/1664 640/2761/500
f 2333/1011/999 836/2640/2226 2285/2247/2149
f 1024/1922/1863 562/2534/2371 1760/1696/1657
f 684/2906/1857 880/2698/1859 1624/932/922
f 2421/2285/2180 1662/934/924 1655/2907/1956
f 333/321/321 2265/1627/1590 581/1967/1908
f 385/2908/1783 2230/2680/2320 531/854/845
f 849/1127/1114 2002/2667/692 578/1654/1617
f 1625/1976/1914 25/1066/1053 346/1065/1052
f 789/1931/1872 131/1197/1180 2374/1199/1182
f 163/439/439 1757/940/929 1159/939/928
f 2321/1454/1428 799/2304/2195 2401/1856/1806
f 1218/461/461 1629/2389/2270 205/1965/1906
f 1785/1598/1561 1634/1599/1562 1926/370/370
f 1168/11/11 1115/579/577 1264/2454/2316
f 639/536/535 2053/535/534 869/2365/2248
f 1319/137/137 957/345/345 1637/138/138
f 2430/1318/1296 1636/2267/2164 1295/516/515
f 813/1427/1402 1670/1426/1401 588/2278/2174
f 484/1566/1531 588/2278/2174 1670/1426/1401
f 225/1575/1539 2321/1454/1428 1043/393/393
f 1945/642/639 693/2770/1683 75/2107/2030
f 1893/2065/1991 375/297/297 2114/1002/990
f 2453/1001/989 1893/2065/1991 2114/1002/990
f 1611/402/402 330/1946/1887 2378/241/241
f 1306/290/290 1811/292/292 400/2123/2045
f 280/1634/1597 1547/225/225 1642/1517/1485
f 1993/1123/1110 526/614/611 2412/616/613
f 1033/306/306 558/769/761 1278/1432/1407
f 1646/1797/1754 2266/457/457 1958/1798/1755
f 1646/1797/1754 367/458/458 2266/457/457
f 1059/1640/1603 2139/2495/2347 622/618/615
f 556/605/602 1353/901/892 2314/1154/1138
f 1877/766/758 1353/901/892 556/605/602
f 1648/2545/2377 1696/1653/1616 1064/1652/1615
f 1559/198/198 2164/2053/1980 1855/2052/1979
f 1855/2128/1979 2164/2470/1980 647/1678/1641
f 1649/2221/16 1486/2542/18 644/2468/2327
f 1649/2221/16 644/2468/2327 2199/2222/2132
f 2455/2116/2039 1908/1532/1498 2404/2331/2220
f 1689/2909/1534 921/2329/1533 212/1508/1479
f 2448/2147/2066 271/2630/2438 1190/2148/2067
f 1915/2650/2450 497/1262/1240 415/2302/2193
f 1963/922/912 2213/2524/2365 2358/1886/1833
f 2358/1886/1833 2213/2524/2365 2342/2531/2368
f 2358/1886/1833 2342/2531/2368 109/853/844
f 2342/2531/2368 2139/2495/2347 109/853/844
f 1597/1929/1870 66/2785/2528 313/231/231
f 1203/1440/1415 66/2785/2528 1597/1929/1870
f 1631/1497/1468 1881/573/571 273/665/658
f 1654/2444/2308 1436/907/898 203/2445/2246
f 1654/2732/2308 203/2362/2246 119/2364/2247
f 1655/2907/1956 1377/2910/1858 2421/2285/2180
f 2306/2585/2408 1901/2586/2409 2043/2268/2165
f 2338/677/670 1613/1045/1032 1286/2593/2414
f 2338/677/670 1660/508/507 1613/1045/1032
f 2397/1254/1232 745/612/609 41/82/82
f 1227/674/667 1505/836/827 1661/1005/993
f 12/1554/1519 549/610/607 98/900/891
f 12/1554/1519 98/900/891 1310/1555/1520
f 797/1479/1451 1239/1467/1439 376/327/327
f 376/327/327 1995/326/326 797/1479/1451
f 2107/448/448 1194/1667/1630 2359/1905/1848
f 734/1414/1389 663/230/230 2253/2170/2085
f 1664/1930/1871 789/1931/1872 2476/1504/1475
f 616/1482/1454 559/1484/1456 1665/245/245
f 900/1022/1009 2183/2279/2175 1442/1021/1008
f 858/2442/2306 944/1184/1167 170/1619/1582
f 858/2442/2306 170/1619/1582 1087/1564/1529
f 2324/2174/2089 2018/244/244 938/897/888
f 1667/278/278 717/2857/2554 148/1198/1181
f 523/1661/1624 358/351/351 2187/2098/2023
f 223/683/676 409/1552/1517 673/2149/2068
f 385/2908/1783 531/854/845 1878/2583/2406
f 1139/2883/2562 240/1465/1437 2473/1960/1901
f 1488/550/549 1029/990/979 860/551/550
f 1006/1526/1492 1177/2308/2199 2012/140/140
f 1374/2411/2289 1670/1426/1401 166/2579/2403
f 2348/1208/1191 1448/2911/1684 1103/316/316
f 1672/1110/1097 1815/1111/1098 1970/2485/2340
f 867/680/673 2499/46/46 780/1546/1511
f 1129/1090/1077 669/1089/1076 1165/1776/1735
f 502/2307/2198 2566/419/419 2227/2581/2405
f 347/222/222 1056/634/631 80/654/650
f 2429/2912/864 1094/2787/866 2425/266/266
f 2144/2016/1946 408/142/142 2072/2703/2481
f 871/2166/2082 408/142/142 2144/2016/1946
f 2350/1495/1467 1147/2804/255 1476/1496/257
f 1674/61/61 2161/821/812 908/62/62
f 1127/387/387 878/529/528 1081/1399/1374
f 878/529/528 263/1297/1275 1081/1399/1374
f 1898/2425/2298 2246/2602/2418 1675/1251/1231
f 1892/1913/1855 1987/2706/2484 2530/2119/2041
f 1679/1279/1257 1820/891/882 2074/182/182
f 740/607/604 155/606/603 2256/2316/2206
f 655/1341/1318 1683/2235/2142 327/1342/1319
f 1685/460/460 567/868/859 111/971/960
f 969/1222/1205 2201/2122/2044 736/630/627
f 2131/2518/2362 237/1607/1570 336/2164/2080
f 355/2743/2503 408/142/142 2150/144/144
f 950/2725/2495 1984/2348/2235 2504/2606/2098
f 309/910/901 589/1739/1698 2134/597/594
f 504/1791/1748 346/1065/1052 2007/1067/1054
f 251/2050/1977 471/1322/1300 2385/1642/1605
f 1688/838/829 496/2300/2191 1091/1452/1426
f 2490/2913/2467 921/2329/1533 1689/2909/1534
f 2204/2914/1480 2490/2913/2467 1689/2909/1534
f 990/239/239 1974/238/238 281/1813/1770
f 963/2276/2172 703/2275/2171 746/1179/1162
f 496/2300/2191 2081/1299/1277 2561/1298/1276
f 2447/1544/1509 1694/1884/619 301/2832/2058
f 2450/2530/2367 1696/1653/1616 1648/2545/2377
f 967/2500/2351 1697/1226/1209 1441/34/34
f 124/2915/2558 1701/1372/1344 422/1371/1347
f 472/2879/1996 1707/2916/2434 1049/481/480
f 423/850/841 1702/287/287 397/848/839
f 1131/560/558 1287/2774/2522 82/561/559
f 245/1142/1128 153/2310/2201 1789/1143/1129
f 125/421/421 641/1873/1823 863/2393/2274
f 1065/1008/996 2189/1833/1789 1359/2387/2268
f 1705/2396/2276 641/1873/1823 125/421/421
f 2041/1874/1824 641/1873/1823 1705/2396/2276
f 275/2620/700 1586/2897/699 1706/2746/2504
f 1706/2746/2504 11/2398/2278 275/2620/700
f 1707/2916/2434 1122/2917/1997 792/890/881
f 1049/481/480 1707/2916/2434 792/890/881
f 1893/2065/1991 2453/1001/989 2171/1608/1571
f 1708/2699/2480 1714/2327/2217 432/842/833
f 2165/2617/2428 264/2653/2451 1708/2851/2480
f 1462/1503/1474 2481/1069/1056 1579/1071/1058
f 2363/876/867 377/2074/2000 1712/877/868
f 1712/877/868 377/2074/2000 1507/410/410
f 946/544/543 2261/331/331 1935/330/330
f 91/2079/2005 1713/1939/1880 1269/1938/1879
f 1002/2143/2063 1713/2715/1880 91/2413/2005
f 1798/2852/2550 403/2710/2487 832/2663/2461
f 264/2918/2451 1714/2327/2217 1708/2699/2480
f 1872/337/337 705/1680/1643 580/954/943
f 1717/648/645 975/203/203 767/1866/1816
f 1624/932/922 1171/1041/1028 2106/1037/1024
f 1803/713/706 10/1359/1335 941/1366/1342
f 1803/713/706 1188/1064/1051 10/1359/1335
f 1718/242/242 1111/620/617 1375/1219/1202
f 920/1870/1820 491/2288/2183 2232/1871/1821
f 2352/594/591 2232/1871/1821 491/2288/2183
f 525/1975/1913 1389/1991/1307 1721/190/190
f 525/1975/1913 2113/1974/1147 1389/1991/1307
f 951/696/689 1919/2719/1507 1723/2718/2491
f 1851/694/687 951/696/689 1723/2718/2491
f 1377/2910/1858 1655/2907/1956 1369/2919/742
f 1910/346/346 1319/137/137 1726/424/424
f 368/1805/1762 1545/1804/1761 2047/768/760
f 1143/136/136 1771/575/573 1726/424/424
f 1727/2810/2534 105/814/805 188/816/807
f 1068/2257/2158 972/1604/1567 240/1465/1437
f 522/43/43 907/42/42 1313/1585/1548
f 215/885/876 2409/1528/1494 1095/151/151
f 2255/505/504 1730/1539/1505 926/506/505
f 898/1606/1569 676/2505/1514 1731/1989/1045
f 676/1549/1514 1150/1059/1046 1731/1058/1045
f 1734/2920/163 1179/2645/2448 2193/166/166
f 1604/1246/1226 1179/2921/2448 1735/2816/162
f 1735/2922/162 1179/2645/2448 1734/2920/163
f 2097/572/570 67/666/659 1881/573/571
f 2181/401/401 1737/1063/1050 1178/1236/1219
f 357/2457/2319 1460/404/404 440/1933/1874
f 357/2457/2319 1895/2019/1949 1460/404/404
f 1740/2520/2363 2515/2448/2310 1947/106/106
f 2417/2306/2197 500/2305/2196 2281/1530/1496
f 516/1547/1512 2417/2306/2197 2281/1530/1496
f 293/1355/1331 1484/1897/1842 1744/1767/1726
f 2219/705/698 293/1355/1331 1744/1767/1726
f 1745/194/194 1334/196/196 2081/1299/1277
f 932/1863/1813 1746/2460/2321 2505/2007/1938
f 1838/314/314 221/426/426 317/312/312
f 155/606/603 1048/1155/1139 1531/797/788
f 1205/2676/2468 2303/2351/2236 1738/352/352
f 593/2081/2007 1429/1895/1840 1002/2143/2063
f 593/2081/2007 1484/1897/1842 1429/1895/1840
f 1749/1337/1314 1679/1279/1257 2487/1701/1662
f 745/612/609 1186/611/608 254/83/83
f 1751/1370/1346 1183/1369/1345 1971/1956/1897
f 1633/1516/1484 1008/1988/1924 851/311/311
f 846/1191/1174 632/1192/1175 15/1717/1678
f 1143/136/136 424/2456/2318 993/576/574
f 1771/575/573 1143/136/136 993/576/574
f 2357/154/154 1155/1190/1173 220/1499/1470
f 1757/940/929 1864/1196/1179 1755/1224/1207
f 1758/2923/2567 1117/983/972 1659/982/971
f 1758/2923/2567 371/2924/2568 1117/983/972
f 2154/1462/1434 425/1461/1433 1378/1463/1435
f 2325/695/688 750/2041/1968 578/1654/1617
f 449/985/974 1488/550/549 1672/1110/1097
f 2330/1921/1862 1086/981/970 2019/1396/1371
f 129/1920/1861 1086/981/970 2330/1921/1862
f 418/1832/1788 2373/1172/1156 2189/1833/1789
f 369/2722/2294 175/1964/1905 1052/2120/2042
f 1014/2697/2344 1763/208/208 1079/2831/2542
f 1100/608/605 1105/2125/2047 2528/1416/1391
f 144/264/264 1373/50/50 1766/2431/2302
f 1769/1444/1418 819/1446/1420 1657/1428/1403
f 1984/2348/2235 1769/1444/1418 1657/1428/1403
f 1772/738/731 728/495/494 769/2549/2381
f 1626/243/243 306/1558/1523 1611/402/402
f 956/1471/1443 1438/1319/1297 1913/211/211
f 233/45/45 61/1572/1536 1105/2125/2047
f 1499/1395/1370 1775/2562/2393 729/2533/2370
f 284/2281/984 1777/2439/394 2362/131/131
f 1779/1485/1457 695/1759/1718 1044/1486/1458
f 1780/1849/1802 749/2634/2440 2554/803/794
f 1780/1849/1802 2554/803/794 2037/1848/1801
f 1710/1521/1489 2318/212/212 1913/211/211
f 1891/2925/2439 1782/2117/1311 952/2558/2389
f 532/2344/2231 1783/2355/2240 1544/1303/1281
f 2485/1098/1085 692/167/167 982/169/169
f 1984/2348/2235 1783/2727/2240 532/2350/2231
f 1384/1234/1217 182/1233/1216 1784/1306/1284
f 1631/1497/1468 624/1082/1069 199/1408/1383
f 2471/1562/1527 1348/2550/2382 228/2560/2391
f 2471/1562/1527 228/2560/2391 1312/2615/2426
f 830/762/754 1785/1598/1561 1281/1643/1606
f 755/471/470 402/470/469 647/1678/1641
f 1308/1754/1713 211/744/737 845/1506/1477
f 2272/2110/2033 384/2093/2018 2277/2487/2342
f 384/2093/2018 1141/2094/2019 2277/2487/2342
f 1887/187/187 848/459/459 2452/185/185
f 2552/1/1 233/2877/45 560/2381/2262
f 318/455/455 2165/2617/2428 1708/2851/2480
f 2407/482/481 1049/481/480 582/1841/1795
f 2047/768/760 1790/1431/1406 558/769/761
f 360/2926/857 1791/1847/1800 2348/2788/1191
f 1793/930/920 2022/931/921 1000/2401/2281
f 582/1841/1795 1049/481/480 2437/1182/1165
f 1792/2118/2040 1892/1913/1855 2530/2119/2041
f 1794/1687/1650 1258/1686/1649 737/2569/2398
f 1391/1906/1849 2339/1872/1822 1131/560/558
f 187/1362/1338 1447/2130/2050 1157/2619/2430
f 1447/2130/2050 1854/2186/2101 1157/2619/2430
f 1798/2852/2550 2386/567/565 1031/737/730
f 1822/1333/1310 1799/2405/2285 685/1331/1308
f 2260/724/717 2567/2197/2109 696/1679/1642
f 1729/147/147 2096/146/146 533/2321/2211
f 1525/1641/1604 146/1119/1106 2385/1642/1605
f 1614/2927/2257 718/2798/2256 1807/329/329
f 2445/1900/1844 834/1529/1495 1653/790/781
f 881/1031/1018 1990/1137/1123 1662/1136/924
f 476/574/572 1196/1981/1919 1771/575/573
f 1547/225/225 2292/2657/2455 1809/226/226
f 1587/2843/2545 1811/292/292 891/291/291
f 2298/262/262 1811/292/292 2257/2709/2486
f 380/67/67 200/773/765 2329/1316/1294
f 1007/1853/132 1066/2280/2176 642/1854/1804
f 1273/2708/2001 34/1354/1330 652/2928/2002
f 1531/797/788 1830/497/496 155/606/603
f 2522/1087/1074 1229/770/762 2084/1150/1136
f 1816/1493/1465 332/465/465 713/1954/1895
f 2522/1087/1074 1817/1304/1282 1229/770/762
f 1229/770/762 1817/1304/1282 1544/1303/1281
f 938/897/888 947/1881/1830 300/818/809
f 2435/2064/1990 1819/175/175 778/1971/1911
f 1819/175/175 1551/174/174 778/1971/1911
f 1567/298/298 375/297/297 961/1742/1701
f 2568/1274/1252 1075/1276/1254 778/1971/1911
f 778/1971/1911 1075/1276/1254 1741/248/248
f 1058/2407/2287 1430/1694/1655 1001/1961/1902
f 325/1412/1387 1001/1961/1902 1430/1694/1655
f 1475/1255/1233 1821/1305/1283 431/1256/1234
f 132/2463/983 1084/1344/1321 1823/1345/1322
f 1825/344/344 1557/968/957 128/970/959
f 2063/1422/1397 199/1408/1383 624/1082/1069
f 1826/825/816 135/2929/1973 2136/823/814
f 1388/986/975 241/415/415 1556/987/976
f 1833/786/778 186/1761/1720 1396/787/779
f 2404/2331/2220 1908/1532/1498 401/285/285
f 407/763/755 740/607/604 43/764/756
f 1200/837/828 1688/838/829 1091/1452/1426
f 726/2553/2385 2337/2000/580 1106/1095/1082
f 1934/2018/1948 2442/2930/2569 913/77/77
f 2442/2930/2569 2323/2243/2146 2542/478/477
f 891/291/291 1306/290/290 108/2844/2546
f 463/19/19 952/2633/2389 1835/2631/2388
f 28/798/789 2166/2154/2071 544/1623/1586
f 721/2559/2390 1589/2548/2380 769/2549/2381
f 535/590/587 1802/592/589 830/762/754
f 1236/2591/2412 535/590/587 830/762/754
f 2464/655/651 2436/251/251 1415/250/250
f 1711/52/52 1508/1511/1481 1233/1494/1466
f 168/1213/1196 44/355/355 26/1944/1885
f 679/334/334 2377/1460/1432 1838/314/314
f 1840/392/392 1752/381/381 350/1194/1177
f 827/2931/633 1256/1437/1412 1251/2801/634
f 827/2931/633 1534/1435/1410 1256/1437/1412
f 1367/1211/1194 1314/524/523 757/523/522
f 2523/1284/1262 1408/1283/1261 988/1240/1223
f 1031/737/730 1366/2029/1957 728/495/494
f 2548/38/38 775/1770/1729 981/974/963
f 2008/1088/1075 372/2517/2361 923/2212/2124
f 1868/2728/2496 510/128/128 2310/127/127
f 2273/1144/1130 510/128/128 1868/2728/2496
f 993/576/574 424/2456/2318 179/577/575
f 163/439/439 1681/438/438 1864/1196/1179
f 621/2885/2563 868/76/76 2512/2423/2296
f 1077/847/838 683/846/837 1644/71/71
f 683/846/837 2313/1216/1199 1644/71/71
f 661/1489/1461 875/178/178 2389/1936/1877
f 1107/2644/2447 1847/2336/2108 803/857/848
f 1107/2791/2447 525/1975/1913 1847/2195/2108
f 171/2473/2331 1381/2672/2466 2170/1235/1218
f 2333/1011/999 879/2932/2570 872/2639/2444
f 34/1354/1330 590/1353/1329 652/2928/2002
f 1853/1338/1315 320/1951/1892 1275/1141/1127
f 643/1309/1287 417/307/307 1691/1307/1285
f 678/937/927 2249/507/506 735/509/508
f 678/937/927 1259/1690/1651 2249/507/506
f 1858/2232/2140 396/73/73 461/2229/537
f 2118/2808/2373 1160/2642/2445 2433/2933/1537
f 872/2639/2444 879/2932/2570 1209/2286/2181
f 751/2678/2469 872/2639/2444 1209/2286/2181
f 1863/554/552 1672/1110/1097 1488/550/549
f 1411/2742/2502 994/2032/1959 717/2857/2554
f 234/56/56 866/2450/2312 927/2876/2488
f 866/2450/2312 234/56/56 2192/1602/1565
f 528/682/675 2048/871/862 1869/870/861
f 123/2318/2208 420/839/830 2467/2638/2443
f 2015/1227/1210 499/289/289 296/2682/2471
f 1866/2934/467 266/2763/468 1042/2426/1910
f 1866/2935/467 56/469/466 266/468/468
f 570/2889/2437 1868/2890/2496 1522/2748/2506
f 1870/1106/1093 143/2679/1680 1497/78/78
f 2008/1088/1075 451/2056/1982 1452/1086/1073
f 262/2566/2395 1118/313/313 317/312/312
f 369/2420/2294 1620/484/483 2535/483/482
f 1271/86/86 2512/2423/2296 495/757/749
f 2428/2021/533 2279/2264/1692 1873/2936/2090
f 1975/532/531 2428/534/533 1873/2175/2090
f 2190/384/384 974/1941/1882 1575/385/385
f 1313/1585/1548 907/42/42 2007/1067/1054
f 71/732/725 1877/766/758 2289/765/757
f 2470/1567/1532 1878/2583/2406 989/256/256
f 1117/983/972 1914/2112/2035 1108/984/973
f 2451/1628/1591 581/1967/1908 331/1968/1909
f 2451/1628/1591 331/1968/1909 1589/2548/2380
f 2285/2247/2149 836/2640/2226 1883/2693/2224
f 836/2339/2226 1097/1132/1119 1883/2337/2224
f 1884/1469/1441 1166/1112/1099 1491/792/783
f 1980/1389/1364 1464/1261/1239 1525/1641/1604
f 1525/1641/1604 1464/1261/1239 783/447/447
f 1467/121/121 2188/2282/2177 794/254/254
f 1889/1375/1350 1556/987/976 382/1385/1360
f 1782/1334/1311 1891/2632/2439 463/19/19
f 2560/486/485 1339/485/484 1688/838/829
f 1688/838/829 1339/485/484 496/2300/2191
f 1908/1532/1498 1142/2115/2038 547/832/823
f 2081/1299/1277 496/2300/2191 1339/485/484
f 1669/1225/1208 1441/34/34 1697/1226/1209
f 445/690/683 2541/2206/2118 1065/1008/996
f 1443/1812/1769 2126/888/879 2503/268/268
f 2425/266/266 2503/268/268 2126/888/879
f 2085/1923/1864 36/1672/1635 1900/2155/2072
f 2030/522/521 1767/521/520 2294/1078/1065
f 126/1397/1372 2019/1396/1371 2043/2268/2165
f 2043/2268/2165 1901/2586/2409 126/1397/1372
f 1901/2586/2409 963/2276/2172 89/1178/1161
f 1391/1906/1849 1131/560/558 69/1358/1334
f 1208/966/955 270/965/954 701/1007/995
f 1513/2249/2151 2391/2256/2157 1905/2449/2311
f 279/49/49 1766/2431/2302 1373/50/50
f 700/2216/2127 1518/1588/1551 521/2786/2529
f 1518/1588/1551 1372/2242/2145 521/2786/2529
f 1913/211/211 2430/1318/1296 1710/1521/1489
f 812/2004/1935 1184/1726/1686 1915/2650/2450
f 1921/2937/2560 1918/2528/2366 305/2796/2163
f 752/5/5 305/2796/2163 1918/2528/2366
f 1921/2937/2560 305/2796/2163 1439/2938/1838
f 1922/767/759 1594/712/705 1121/711/704
f 2472/396/396 1793/930/920 1000/2401/2281
f 1922/767/759 558/769/761 1594/712/705
f 1634/1599/1562 574/717/710 1926/370/370
f 2156/709/702 1125/517/516 444/303/303
f 37/302/302 444/303/303 1125/517/516
f 1415/250/250 1376/310/310 1929/1449/1423
f 1505/836/827 903/733/726 2572/2379/2260
f 231/1582/1545 970/1581/1544 1941/1332/1309
f 1610/2297/2188 938/897/888 513/31/31
f 489/30/30 1610/2297/2188 513/31/31
f 432/842/833 2337/583/580 726/2939/2385
f 202/1434/1409 638/1436/1411 203/2445/2246
f 1935/330/330 2398/619/616 1917/2452/2314
f 1440/2403/2283 2303/2351/2236 1205/2676/2468
f 1440/2403/2283 846/1191/1174 2303/2351/2236
f 1104/1134/1121 245/1142/1128 366/2849/2549
f 366/2849/2549 1578/2069/1995 1104/1134/1121
f 219/820/811 1937/1538/1504 2383/445/445
f 2322/537/536 1858/2648/2140 461/538/537
f 2057/2192/2106 1198/1458/987 477/1457/1430
f 823/511/510 350/1194/1177 1221/2126/2048
f 823/511/510 1221/2126/2048 2427/1764/1723
f 774/283/283 107/1937/1878 552/2301/2192
f 2079/1932/1873 107/1937/1878 774/283/283
f 386/2391/2272 943/686/679 1347/2539/2375
f 549/610/607 1353/901/892 2133/899/890
f 2513/2513/2358 2554/803/794 1542/96/96
f 1622/2756/2514 60/2940/1143 751/2678/2469
f 1943/1210/1193 2168/1586/1549 749/2634/2440
f 1945/642/639 1444/641/638 1057/644/641
f 1946/2105/1183 2067/2941/1825 1192/2104/1618
f 1740/2520/2363 1172/2009/1940 41/82/82
f 1079/2831/2542 2049/210/210 132/995/983
f 1763/208/208 2049/210/210 1079/2831/2542
f 562/2534/2371 165/2755/2513 1760/1696/1657
f 800/1574/1538 2433/1573/1537 1160/2942/2445
f 635/2462/2323 2344/1807/1764 985/15/15
f 1953/2943/2394 2078/2944/1515 84/1983/1920
f 1932/1795/1752 1146/436/436 1647/435/435
f 478/1894/51 210/2945/53 2190/384/384
f 2166/2154/2071 1976/2153/2070 222/1624/1587
f 573/2499/2350 1186/611/608 2365/1747/1706
f 2130/446/446 1525/1641/1604 783/447/447
f 1141/2094/2019 1957/1535/1501 2277/2487/2342
f 1485/1727/1687 1960/1263/1241 1915/2650/2450
f 2406/956/945 1431/2608/2421 295/957/946
f 523/1661/1624 1553/1406/1381 2258/1405/1380
f 335/463/463 299/464/464 956/1471/1443
f 1658/2034/1961 895/1139/1125 2104/2662/2460
f 1268/1411/1386 2546/1401/1376 394/1597/1560
f 394/1597/1560 1942/1596/1559 1268/1411/1386
f 2351/2556/1244 1919/1541/1507 1965/1264/1242
f 1612/2730/2497 563/1384/1359 1964/1383/1358
f 69/1358/1334 545/2248/2150 1967/1656/1619
f 1405/1551/1516 820/1553/1518 1253/943/932
f 145/1117/1104 2059/1824/1780 2056/841/832
f 130/1036/1023 1964/1383/1358 73/414/414
f 1627/1925/1866 262/2566/2395 1545/1804/1761
f 1969/1097/1084 1619/1096/1083 955/2768/2519
f 1916/22/22 141/860/851 519/1156/1140
f 1971/1956/1897 3/944/933 62/2083/2008
f 821/2173/2088 1972/1637/1600 1286/2593/2414
f 2403/1145/1131 1640/28/28 229/2262/2161
f 1973/565/563 1798/2852/2550 832/2663/2461
f 331/1968/1909 1004/1357/1333 1589/2548/2380
f 2521/1748/1707 1977/1658/1621 505/1102/1089
f 1979/1898/1843 426/548/547 1080/547/546
f 1982/1814/1771 1974/238/238 2518/2106/2029
f 751/2678/2469 60/2940/1143 1983/2946/2087
f 427/2677/2086 751/2678/2469 1983/2946/2087
f 1100/608/605 12/1554/1519 1137/2618/2429
f 534/951/940 785/950/939 712/2182/2097
f 698/1790/1747 612/2848/2548 504/1791/1748
f 1914/2112/2035 995/2111/2034 1987/2706/2484
f 1987/2706/2484 995/2111/2034 2021/2013/1944
f 1558/1618/1581 1970/2485/2340 1815/1111/1098
f 1494/942/931 1971/1956/1897 1183/1369/1345
f 1993/1123/1110 2553/1413/1388 283/1325/1303
f 2387/2822/747 1213/2821/2540 1418/2947/748
f 339/601/598 1994/1468/1440 1879/2188/2103
f 2488/1659/1622 1329/1691/1652 1734/163/163
f 1926/370/370 1997/2027/1955 2064/371/371
f 1464/1261/1239 2327/898/889 219/820/811
f 1998/2409/2288 2153/1610/1573 586/1609/1572
f 586/2435/1572 1657/1428/1403 2415/1034/1021
f 1994/1468/1440 276/2733/2498 2468/2187/2102
f 297/2948/2520 2002/699/692 2003/698/691
f 297/2948/2520 2003/698/691 1192/2104/1618
f 2005/1029/1016 1573/1733/1693 1536/1735/1694
f 555/1028/1015 1573/1733/1693 2005/1029/1016
f 1621/2572/2399 72/2139/2059 1560/621/618
f 1582/1270/1248 1829/1310/1288 876/1271/1249
f 175/1964/1905 326/374/374 1414/373/373
f 2076/1919/1860 1364/2177/2092 1737/1063/1050
f 2011/754/746 1418/756/748 2252/752/744
f 62/2083/2008 1580/1867/1817 910/1868/1818
f 2515/2448/2310 1849/107/107 1947/106/106
f 2515/2448/2310 618/2447/2309 1849/107/107
f 2014/199/199 216/596/593 1134/600/597
f 2014/199/199 1134/600/597 1327/1818/1775
f 181/1398/1373 1975/532/531 1886/1731/1691
f 1965/1264/1242 434/1531/1497 587/651/647
f 913/77/77 2442/2930/2569 2542/478/477
f 2202/1902/1846 1660/508/507 2338/677/670
f 2504/2606/2098 1657/1428/1403 844/2436/1574
f 626/274/274 1810/273/273 1924/1736/1695
f 736/630/627 1732/2767/2518 969/1222/1205
f 2020/2671/376 1222/1763/1722 694/2835/2525
f 1554/2241/1593 466/2949/2027 1372/2242/2145
f 1372/2242/2145 466/2949/2027 1245/2845/2026
f 2217/2747/2505 2021/2013/1944 995/2111/2034
f 1488/550/549 2026/552/416 1863/554/552
f 1321/104/104 1584/1796/1753 1690/2590/2411
f 828/543/542 768/2091/2016 1039/2226/2136
f 66/2785/2528 592/678/671 695/1759/1718
f 665/1985/1921 1260/1980/1918 338/1982/532
f 2473/1960/1901 240/1465/1437 1239/1467/1439
f 1862/118/118 2402/2048/1975 1482/119/119
f 280/1634/1597 2344/1807/1764 417/307/307
f 2495/2656/2454 1360/2011/1942 353/1478/1450
f 1045/1085/1072 2491/1831/1787 1274/1830/1786
f 1519/65/65 546/2353/2238 315/1842/1796
f 668/851/842 2139/2495/2347 1059/1640/1603
f 639/536/535 869/2365/2248 1958/1798/1755
f 2039/320/320 1404/2554/2386 333/321/321
f 1754/1565/1530 2471/1562/1527 1312/2615/2426
f 574/717/710 1526/2296/2187 2518/2106/2029
f 2141/1787/1744 2341/2818/2537 2153/1610/1573
f 1951/2253/2155 507/1044/1031 814/1043/1030
f 1309/36/36 507/1044/1031 2312/2428/2299
f 937/1052/1039 399/862/853 874/631/628
f 327/1342/1319 781/784/776 1848/783/775
f 877/1014/1002 2045/2043/1970 839/420/420
f 117/892/883 486/1825/1781 145/1117/1104
f 1150/1059/1046 2078/1550/1515 1405/1551/1516
f 1196/1981/1919 1816/1493/1465 1856/1492/1464
f 388/1491/1463 2543/1945/1886 2048/871/862
f 971/645/642 77/647/644 1461/236/236
f 2332/363/363 2085/1923/1864 1193/361/361
f 1950/1713/1674 1184/1726/1686 2223/1515/1483
f 2533/1177/1160 1950/1713/1674 2223/1515/1483
f 2052/2230/2003 396/73/73 1273/2708/2001
f 1920/1639/1602 1315/2127/2049 1010/1601/1564
f 1587/2843/2545 1315/2127/2049 1920/1639/1602
f 2085/1923/1864 1753/1062/1049 36/1672/1635
f 623/375/375 535/590/587 1236/2591/2412
f 71/732/725 1553/1406/1381 903/733/726
f 16/348/348 358/351/351 1291/350/350
f 2315/2133/2053 824/2233/2141 1162/1054/1041
f 824/2233/2141 503/195/195 1162/1054/1041
f 1915/2650/2450 1184/1726/1686 1485/1727/1687
f 1016/114/114 2065/1113/1100 1166/1112/1099
f 1811/292/292 1587/2843/2545 2257/2709/2486
f 1316/1402/1377 514/2324/2214 1163/1403/1378
f 1061/1632/1595 154/2472/2330 1442/1021/1008
f 1468/1286/1264 992/2152/2069 410/662/655
f 715/2303/2194 642/1854/1804 2519/1380/1355
f 1946/1200/1183 2325/695/688 2067/1875/1825
f 985/15/15 403/2710/2487 576/2415/2291
f 63/2705/2483 2071/2551/2383 899/2704/2482
f 899/2704/2482 2071/2551/2383 2510/2855/2553
f 433/2185/2100 1854/2186/2101 1447/2130/2050
f 2072/2703/2481 408/142/142 355/2743/2503
f 522/43/43 2404/2331/2220 1797/44/44
f 1878/2583/2406 531/854/845 989/256/256
f 943/686/679 386/2391/2272 2075/687/680
f 371/2924/2568 2334/978/967 1117/983/972
f 2079/1932/1873 774/283/283 1038/282/282
f 2274/2277/2173 1577/1124/1111 1194/1667/1630
f 1577/1124/1111 2412/616/613 1194/1667/1630
f 2404/2331/2220 401/285/285 277/284/284
f 375/297/297 1651/1769/1728 917/1741/1700
f 1038/282/282 2081/1299/1277 594/1612/1575
f 717/2857/2554 994/2032/1959 1548/2031/1958
f 2082/2498/2349 672/69/69 1228/2087/2012
f 2573/964/953 207/1012/1000 2333/1011/999
f 2087/188/188 1721/190/190 2284/1890/1836
f 1495/74/74 574/717/710 2518/2106/2029
f 171/2473/2331 2170/1235/1218 2085/1923/1864
f 1115/579/577 1119/1768/1727 1893/2065/1991
f 1472/70/70 1115/579/577 1893/2065/1991
f 2320/1183/1166 1243/570/568 940/569/567
f 662/1308/1286 1282/1420/1395 1746/2460/2321
f 1841/1817/1774 1514/2215/2126 2089/1166/1150
f 1093/1164/1148 2089/1166/1150 1514/2215/2126
f 1501/2597/1962 1342/633/630 8/2862/2556
f 1501/2597/1962 8/2862/2556 1109/2594/2415
f 2092/2121/2043 175/1964/1905 1414/373/373
f 2129/989/978 1027/1258/1236 1363/808/799
f 791/2424/2297 874/631/628 399/862/853
f 1025/1049/1036 329/672/665 110/272/272
f 2095/1445/1419 958/160/160 1289/159/159
f 174/145/145 501/1326/1304 2096/146/146
f 930/1992/625 614/2817/621 2099/1697/1658
f 832/2663/2461 403/2710/2487 1175/227/227
f 614/624/621 1216/627/624 1824/625/622
f 2101/2488/2343 2169/37/37 32/258/258
f 265/2858/2555 945/805/796 690/1107/1094
f 1902/2044/1971 2103/1950/1891 1907/2096/2021
f 1856/1492/1464 1771/575/573 1196/1981/1919
f 115/1050/1037 79/2486/2341 2277/2487/2342
f 286/1356/1332 77/647/644 1834/646/643
f 2104/2662/2460 365/2864/2557 831/2661/2459
f 584/845/836 1431/2608/2421 1748/843/834
f 602/2072/1998 771/962/951 2558/1013/1001
f 2484/177/177 859/2326/2216 2389/1936/1877
f 1011/2751/2509 2507/1592/1555 1413/2752/2510
f 2282/1157/1141 626/274/274 919/2314/2204
f 1776/1949/1890 1203/1440/1415 1597/1929/1870
f 1988/2108/2031 2112/2156/2073 1690/2590/2411
f 715/2303/2194 763/2412/2290 642/1854/1804
f 156/1162/1146 1389/2950/1307 2113/1163/1147
f 204/916/906 2122/915/905 343/1339/1316
f 204/916/906 343/1339/1316 2293/1451/1425
f 2115/1712/1673 1182/1710/1671 1950/1713/1674
f 1791/1847/1800 360/2926/857 2393/2341/2228
f 74/1861/1811 2460/1061/1048 691/1858/1808
f 691/1858/1808 2460/1061/1048 468/453/453
f 1947/106/106 1172/2009/1940 1740/2520/2363
f 2460/1061/1048 1737/1063/1050 1364/2177/2092
f 1683/2838/2142 655/2951/1318 186/1761/1720
f 186/1761/1720 655/2951/1318 699/2489/1317
f 439/1165/1149 2124/1161/1145 152/2191/2105
f 152/2335/2105 2124/1973/1145 525/1975/1913
f 84/1983/1920 409/2151/1517 1953/2943/2394
f 193/1392/1367 1067/1393/1368 2126/888/879
f 2256/2316/2206 564/496/495 1540/2198/2110
f 1202/785/777 1396/787/779 1201/2779/2203
f 870/2616/2427 1202/785/777 1201/2779/2203
f 796/589/586 1057/644/641 1513/2249/2151
f 2251/1121/1108 251/2050/1977 2385/1642/1605
f 2137/2713/2489 2132/2655/2453 1901/2586/2409
f 1901/2586/2409 2132/2655/2453 126/1397/1372
f 94/563/561 943/686/679 920/1870/1820
f 2119/202/202 1074/685/678 2135/2346/2233
f 1062/776/768 1705/2396/2276 492/777/769
f 1539/2904/2017 383/149/149 540/148/148
f 370/1613/1576 1703/1614/1577 534/951/940
f 378/527/526 786/1862/1812 2140/1433/1408
f 786/1862/1812 393/2008/1939 2140/1433/1408
f 146/1119/1106 1525/1641/1604 2130/446/446
f 2177/2952/2571 137/2689/2477 881/1031/1018
f 322/1940/1881 929/735/728 725/2040/1967
f 322/1940/1881 725/2040/1967 1269/1938/1879
f 2323/2243/2146 356/727/720 2226/1749/1708
f 2356/335/335 144/264/264 1766/2431/2302
f 2372/2757/1448 853/2287/2182 2143/2736/2346
f 2368/117/117 1882/2881/1831 9/2654/2452
f 2368/117/117 303/734/727 1882/2881/1831
f 1093/1164/1148 2370/2887/949 2016/2902/950
f 2404/2331/2220 522/43/43 2455/2116/2039
f 2097/2613/570 1195/2258/729 323/1218/1201
f 398/504/503 2150/144/144 54/143/143
f 2280/1590/1553 387/728/721 2187/2098/2023
f 2158/2113/2036 1360/2011/1942 2021/2013/1944
f 1153/1464/1436 364/181/181 2154/1462/1434
f 2154/1462/1434 364/181/181 1041/425/425
f 1207/1996/1929 1013/1336/1313 1244/1140/1126
f 449/985/974 1970/2485/2340 1388/986/975
f 1118/313/313 1836/671/664 1078/1708/1669
f 2162/2535/2372 2330/1921/1862 729/2533/2370
f 2035/12/12 2077/123/123 2163/122/122
f 1098/1700/1661 2527/1699/1660 18/377/377
f 2344/1807/1764 1642/1517/1485 403/2710/2487
f 878/529/528 829/2507/2353 485/530/529
f 134/1000/988 1472/70/70 2171/1608/1571
f 1150/1059/1046 289/2806/2407 2173/1057/1044
f 237/1607/1570 2173/1843/1044 289/2584/2407
f 474/1070/1057 2481/1069/1056 1425/1771/1730
f 575/545/544 2474/2399/2279 579/2061/1987
f 1973/565/563 2386/567/565 1798/2852/2550
f 723/1421/1396 1552/2358/2243 596/1248/1228
f 1885/1665/1628 1046/749/741 2182/2481/2336
f 1046/749/741 1978/751/743 2182/2481/2336
f 1419/1753/1712 2092/2121/2043 1414/373/373
f 2141/1787/1744 2177/2953/2571 1238/2840/2544
f 2141/1787/1744 137/2834/2477 2177/2953/2571
f 759/2599/2417 2178/1819/1768 282/1821/1777
f 2178/1811/1768 759/2600/2417 1516/520/519
f 764/2227/2137 1949/1545/1510 1310/1555/1520
f 1949/1545/1510 764/2227/2137 2116/673/666
f 1332/2856/2384 2179/883/874 181/1398/1373
f 181/1398/1373 2179/883/874 2311/882/873
f 86/1664/1627 1216/627/624 1481/626/623
f 86/1664/1627 1481/626/623 1564/2622/2431
f 2370/2887/949 1093/1164/1148 700/2216/2127
f 1093/1164/1148 1514/2215/2126 700/2216/2127
f 350/1194/1177 1942/1596/1559 1546/1595/1558
f 2367/270/270 2180/1160/1144 411/726/719
f 2142/2899/2565 1599/1959/1900 1239/1467/1439
f 2183/2279/2175 802/584/581 1843/1633/1596
f 1/1724/1685 2513/2513/2358 976/806/797
f 259/1765/1724 2427/1764/1723 2185/1584/1547
f 125/421/421 492/777/769 1705/2396/2276
f 2186/1852/1803 295/957/946 1180/2146/2065
f 2186/1852/1803 1180/2146/2065 1422/2290/2185
f 2343/730/723 1337/729/722 610/1958/1899
f 330/1946/1887 1560/621/618 1111/620/617
f 1718/242/242 330/1946/1887 1111/620/617
f 2488/1659/1622 1259/1690/1651 1329/1691/1652
f 1915/2650/2450 1960/1263/1241 497/1262/1240
f 144/264/264 473/1116/1103 278/1114/1101
f 2191/1391/1366 1084/1344/1321 1623/2465/2324
f 234/56/56 494/55/55 2192/1602/1565
f 282/1821/1777 1900/2155/2072 640/501/500
f 1168/11/11 2093/10/10 1119/1768/1727
f 1756/1808/1765 2197/2717/918 1379/2716/2490
f 1379/2863/2490 2197/928/918 793/929/919
f 1120/878/869 1770/880/871 416/1845/1798
f 964/1527/1493 2013/354/354 2198/134/134
f 1272/833/824 547/832/823 738/869/860
f 937/1052/1039 2201/2122/2044 1656/1051/1038
f 2465/2954/2387 1158/2434/2293 607/1267/1245
f 1768/1740/1699 2203/1743/1702 405/2132/2052
f 1035/432/432 807/431/431 2205/2760/2516
f 65/780/772 1267/296/296 446/781/773
f 1564/2622/2431 1885/1665/1628 86/1664/1627
f 1690/2590/2411 1584/1796/1753 1428/844/835
f 564/496/495 901/2510/2356 274/64/64
f 455/1583/1546 2010/716/709 2206/2214/2125
f 1420/740/733 2221/2181/2096 2208/2471/2329
f 826/1170/1154 5/1560/1525 2209/428/428
f 2019/1396/1371 1724/1129/1116 2043/2268/2165
f 1961/1212/1195 8/2862/2556 1342/633/630
f 574/717/710 1634/1599/1562 1526/2296/2187
f 327/1342/1319 2214/170/170 136/358/358
f 41/82/82 1172/2009/1940 2397/1254/1232
f 136/358/358 2214/170/170 1609/2373/2255
f 2410/2955/2507 991/2775/1710 193/1392/1367
f 809/2956/878 193/1392/1367 1122/2917/1997
f 1117/983/972 2217/2747/2505 995/2111/2034
f 2158/2113/2036 2217/2747/2505 395/977/966
f 395/977/966 2217/2747/2505 1117/983/972
f 689/2820/2539 447/176/176 2218/2683/2472
f 9/2654/2452 2165/2617/2428 296/2682/2471
f 1358/1593/1556 1792/2118/2040 577/1563/1528
f 1523/2334/2223 525/1975/1913 2220/2790/2446
f 889/1948/1889 854/1947/1888 2241/2695/2478
f 1609/2373/2255 2214/170/170 227/2543/2179
f 2221/2181/2096 1347/2539/2375 548/24/24
f 2068/155/155 2069/157/157 1027/1258/1236
f 2533/1177/1160 2223/1515/1483 2422/1514/1482
f 1829/1310/1288 1925/1314/1292 747/1313/1291
f 732/2568/2397 1263/2042/1969 2029/1206/1189
f 2233/2957/2325 636/994/982 2049/210/210
f 1798/2852/2550 576/2415/2291 403/2710/2487
f 2416/813/804 576/2415/2291 1798/2852/2550
f 854/1947/1888 1381/2672/2466 2241/2695/2478
f 989/256/256 531/854/845 1323/1622/1585
f 2291/856/847 1323/1622/1585 531/854/845
f 2233/2957/2325 2049/210/210 1623/2903/2324
f 1453/2807/2533 1964/1383/1358 130/1036/1023
f 2233/2466/2325 1084/1344/1321 636/2464/982
f 2546/1401/1376 1268/1411/1386 1316/1402/1377
f 198/380/380 2400/2291/2186 357/2457/2319
f 894/1188/1171 7/1826/1782 986/6/6
f 1879/2188/2103 363/599/596 339/601/598
f 1752/381/381 2240/1962/1903 162/1195/1178
f 2152/1101/1088 4/3/3 1019/95/95
f 171/2473/2331 154/2472/2330 2241/2695/2478
f 356/727/720 2323/2243/2146 686/2017/1947
f 1691/1307/1285 2243/309/309 762/1671/1634
f 163/439/439 1864/1196/1179 1757/940/929
f 1127/387/387 507/1044/1031 1380/1729/1689
f 1213/2821/2540 2286/2814/2536 1418/2947/748
f 623/375/375 2286/2814/2536 1213/2821/2540
f 528/682/675 1325/681/674 983/2739/2501
f 983/2739/2501 388/1491/1463 528/682/675
f 941/1366/1342 568/1365/1341 1989/2390/2271
f 959/2100/2025 761/2958/1663 2246/2602/2418
f 494/1252/55 2246/2602/2418 761/2958/1663
f 1259/1690/1651 677/1046/1033 2249/507/506
f 2229/2406/2286 1309/36/36 2312/2428/2299
f 1358/1593/1556 855/209/209 1763/208/208
f 997/281/281 1502/2580/2404 1038/282/282
f 982/169/169 2507/1592/1555 1350/1099/1086
f 2089/1166/1150 2254/859/850 1841/1817/1774
f 1321/104/104 2094/103/103 667/2658/2456
f 1929/1449/1423 1072/656/652 1415/250/250
f 2257/2709/2486 1587/2843/2545 1565/1638/1601
f 2257/2709/2486 1565/1638/1601 246/265/265
f 737/2569/2398 1918/2528/2366 2347/1329/1306
f 737/2569/2398 1258/1686/1649 1918/2528/2366
f 1338/1473/1445 1113/139/139 64/1174/1158
f 1918/2528/2366 1258/1686/1649 752/5/5
f 1088/2664/2462 2082/2498/2349 1228/2087/2012
f 1140/2799/2249 2264/2800/2465 915/2367/2250
f 1295/516/515 1636/2267/2164 2265/1627/1590
f 2267/2176/2091 706/1557/1522 978/1556/1521
f 706/1557/1522 2267/2176/2091 2076/1919/1860
f 470/449/449 120/2527/1679 2268/450/450
f 2268/2959/450 120/1718/1679 959/2213/2025
f 437/403/403 1687/405/405 1284/1475/1447
f 366/2849/2549 245/1142/1128 2273/1144/1130
f 366/2849/2549 2273/1144/1130 2448/2147/2066
f 989/256/256 798/2328/2218 2470/1567/1532
f 107/1937/1878 148/1198/1181 1548/2031/1958
f 1548/2031/1958 148/1198/1181 717/2857/2554
f 2550/294/294 18/377/377 1352/2789/2530
f 18/377/377 694/2778/2525 1352/2789/2530
f 407/763/755 2289/765/757 1877/766/758
f 1816/1493/1465 56/466/466 332/465/465
f 2275/2754/2512 2507/1592/1555 1011/2751/2509
f 1976/2153/2070 1264/2454/2316 222/1624/1587
f 2105/758/750 495/757/749 253/2250/2152
f 792/890/881 1122/2917/1997 193/1392/1367
f 2157/889/880 776/1181/1164 792/890/881
f 1198/999/987 348/153/153 1040/2762/1431
f 2278/2315/2205 1924/1736/1695 772/2546/2378
f 392/1223/1206 1213/2821/2540 2049/210/210
f 2279/1732/1692 1332/2856/2384 1886/1731/1691
f 2094/103/103 1776/1949/1890 1902/2044/1971
f 430/809/800 2283/2960/430 2390/2446/417
f 430/2961/800 1842/2578/2143 2283/430/430
f 132/995/983 1823/2962/1322 2394/2830/1791
f 101/100/100 710/102/102 838/275/275
f 1924/1736/1695 1810/273/273 568/1365/1341
f 1710/1521/1489 2430/1318/1296 1295/516/515
f 2075/687/680 183/2573/2400 1700/684/677
f 578/1654/1617 529/1125/1112 849/1127/1114
f 1087/1564/1529 617/2012/1943 858/2442/2306
f 1906/2002/1933 858/2442/2306 617/2012/1943
f 326/2394/374 1418/756/748 2286/2963/2536
f 1129/1090/1077 2058/221/221 1356/1093/1080
f 236/1600/1563 443/2063/1989 2396/48/48
f 443/2063/1989 2435/2064/1990 2396/48/48
f 838/275/275 876/1271/1249 925/2964/2572
f 2104/2662/2460 895/1139/1125 1275/1141/1127
f 1173/1977/1915 259/1765/1724 25/1066/1053
f 2289/765/757 43/764/756 1553/1406/1381
f 71/732/725 2289/765/757 1553/1406/1381
f 440/1933/1874 1460/404/404 1305/1934/1875
f 621/2885/2563 1934/2018/1948 913/77/77
f 1911/2484/2339 1934/2018/1948 621/2885/2563
f 1645/367/367 1110/1927/1868 2292/2657/2455
f 1645/367/367 2292/2657/2455 2242/2404/2284
f 1540/2198/2110 564/496/495 730/2199/2111
f 2368/117/117 9/2654/2452 296/2682/2471
f 281/1813/1770 1974/238/238 1982/1814/1771
f 299/464/464 1016/114/114 1884/1469/1441
f 479/2271/2167 2297/2272/2168 53/1577/1541
f 274/64/64 2493/1859/1809 546/2353/2238
f 1519/65/65 274/64/64 546/2353/2238
f 2299/2320/2210 1957/1535/1501 1141/2094/2019
f 2299/2320/2210 2500/1533/1499 1957/1535/1501
f 1277/2254/2156 2030/522/521 795/1077/1064
f 1138/864/855 2417/2306/2197 2004/99/99
f 316/1579/1543 1614/2927/2257 2261/331/331
f 2261/331/331 1614/2927/2257 1807/329/329
f 1052/2120/2042 2136/823/814 135/2929/1973
f 135/2929/1973 97/2723/1972 1052/2120/2042
f 569/739/732 1347/2539/2375 1420/740/733
f 106/382/382 2240/1962/1903 1752/381/381
f 1986/2684/2473 1610/2297/2188 14/1010/998
f 84/1983/1920 2078/2944/1515 337/1990/1925
f 1190/2148/2067 271/2630/2438 1023/2782/125
f 194/603/600 1081/1399/1374 181/1398/1373
f 500/2305/2196 1138/864/855 2307/743/736
f 107/1937/1878 2374/1199/1182 148/1198/1181
f 7/1826/1782 894/1188/1171 518/2167/2083
f 731/828/819 518/2167/2083 894/1188/1171
f 1096/2124/2046 1467/121/121 1099/1417/1392
f 590/2688/1329 1507/410/410 652/2076/2002
f 1402/1047/1034 1124/1561/1526 2309/60/60
f 2478/59/59 1402/1047/1034 2309/60/60
f 2311/882/873 215/885/876 1459/640/637
f 1150/1059/1046 1253/943/932 1280/2805/2360
f 1951/2253/2155 2312/2428/2299 507/1044/1031
f 184/1987/1923 2487/1701/1662 1063/1053/1040
f 1063/1053/1040 354/2014/1945 184/1987/1923
f 2540/1300/1278 824/2233/2141 2315/2133/2053
f 1838/314/314 1078/1708/1669 679/334/334
f 2316/2082/1645 593/2081/2007 1515/2437/1646
f 1861/1646/1609 400/2123/2045 2298/262/262
f 2298/262/262 400/2123/2045 1811/292/292
f 2239/2289/2184 1453/2807/2533 256/1038/1025
f 1453/2807/2533 130/1036/1023 256/1038/1025
f 605/2432/2303 416/1845/1798 1770/880/871
f 969/1222/1205 1598/879/870 2201/2122/2044
f 1755/1224/1207 1521/591/588 392/1223/1206
f 2572/2379/2260 1796/2380/2261 2536/1006/994
f 650/1073/1060 806/1075/1062 443/2063/1989
f 955/2768/2519 2269/2668/2464 1277/2254/2156
f 955/2768/2519 1277/2254/2156 795/1077/1064
f 1349/98/98 2028/2020/1950 2335/827/818
f 2448/2147/2066 2273/1144/1130 178/2628/2436
f 533/2321/2211 2096/146/146 2420/295/295
f 2550/294/294 533/2321/2211 2420/295/295
f 989/256/256 1323/1622/1585 242/253/253
f 2260/724/717 696/1679/1642 890/2311/2202
f 1623/2465/2324 2387/755/747 2191/1391/1366
f 2387/755/747 2011/754/746 2191/1391/1366
f 517/1094/1081 688/220/220 859/2326/2216
f 196/2750/2508 859/2326/2216 688/220/220
f 2153/1610/1573 2341/2818/2537 2563/1147/1133
f 646/2058/1984 1296/1080/1067 391/1079/1066
f 2008/1088/1075 237/1607/1570 372/2517/2361
f 2506/2006/1937 1008/1988/1924 1966/2005/1936
f 1163/1403/1378 196/2750/2508 1005/219/219
f 1596/588/585 1522/2748/2506 1057/644/641
f 610/1958/1899 2536/1006/994 2343/730/723
f 403/2710/2487 985/15/15 2344/1807/1764
f 482/276/276 838/275/275 925/2964/2572
f 2348/1208/1191 744/558/556 360/866/857
f 370/1613/1576 534/951/940 103/2502/2241
f 1340/1118/1105 2571/2299/2190 2349/2134/2054
f 509/2312/620 138/782/774 2099/1697/1658
f 2344/1807/1764 635/2462/2323 243/308/308
f 1723/2718/2491 2351/1266/1244 1333/1265/1243
f 1462/1503/1474 1993/1123/1110 1577/1124/1111
f 260/1720/1681 2352/594/591 491/2288/2183
f 1639/2965/858 671/2342/2229 2393/2341/2228
f 2393/2341/2228 360/2926/857 1639/2965/858
f 1233/1509/1466 2190/384/384 210/2945/53
f 1233/1509/1466 2350/1495/1467 2190/384/384
f 2438/704/697 1774/1083/1070 1860/120/120
f 2045/2043/1970 1576/423/423 839/420/420
f 2360/2370/2253 1294/2371/2254 1220/39/39
f 468/453/453 2460/1061/1048 1231/180/180
f 1220/39/39 85/1171/1155 2360/2370/2253
f 520/635/632 1534/2892/1410 827/636/633
f 421/2160/2077 1534/2892/1410 520/635/632
f 1302/2966/985 1198/1458/987 2057/2192/2106
f 1188/1064/1051 2456/2218/2129 1169/1291/1269
f 159/2660/2458 2151/300/300 2502/299/299
f 1388/986/975 1558/1618/1581 1936/413/413
f 575/545/544 1022/2397/2277 1762/1994/1927
f 1762/1994/1927 1022/2397/2277 1917/2452/2314
f 2512/2423/2296 1911/2484/2339 621/2885/2563
f 2270/1810/1767 1977/1658/1621 2521/1748/1707
f 1055/2161/2078 249/359/359 1846/1030/1017
f 645/224/224 2203/1743/1702 2486/1481/1453
f 493/2819/2538 105/814/805 2371/2811/2535
f 2372/1476/1448 1928/1084/1071 2501/2665/2463
f 1111/620/617 1694/622/619 2376/2793/657
f 492/777/769 125/421/421 2216/1016/1004
f 579/2061/1987 2375/2400/2280 359/2062/1988
f 1519/65/65 315/1842/1796 2377/1460/1432
f 2486/1481/1453 1725/1744/1703 1643/1388/1363
f 1226/1490/1462 2379/1488/1460 2120/639/636
f 262/2566/2395 2382/708/701 1545/1804/1761
f 262/2566/2395 317/312/312 2382/708/701
f 156/1162/1146 2124/1161/1145 439/1165/1149
f 1990/1137/1123 1903/1033/1020 320/1951/1892
f 737/2570/2398 156/1162/1146 439/1165/1149
f 64/1174/1158 1113/139/139 85/1171/1155
f 64/1174/1158 85/1171/1155 2373/1172/1156
f 2383/445/445 783/447/447 219/820/811
f 2018/244/244 947/1881/1830 938/897/888
f 1238/2967/2544 2177/2952/2571 881/1031/1018
f 2384/14/14 2557/13/13 1376/310/310
f 1/1724/1685 2037/1848/1801 2513/2513/2358
f 540/148/148 118/904/895 1047/2968/1324
f 1552/2358/2243 1492/1670/1633 2506/2006/1937
f 1492/1670/1633 1008/1988/1924 2506/2006/1937
f 656/2068/1994 760/1287/1265 104/301/301
f 104/301/301 599/722/715 656/2068/1994
f 2394/1835/1791 1828/1343/1320 1014/2491/2344
f 1014/2697/2344 1079/2831/2542 2394/2830/1791
f 797/1479/1451 716/2592/2413 324/2735/2500
f 797/1479/1451 353/1478/1450 716/2592/2413
f 492/777/769 1009/819/810 300/818/809
f 1541/2/2 1542/96/96 4/3/3
f 745/612/609 2397/1254/1232 1590/613/610
f 706/1557/1522 48/400/400 1814/2532/2369
f 2224/1587/1550 1197/617/614 2398/619/616
f 2399/2338/2225 1097/1132/1119 75/2107/2030
f 1213/2821/2540 392/1223/1206 1521/591/588
f 864/2443/2307 2553/1413/1388 1993/1123/1110
f 445/690/683 2160/689/682 746/1179/1162
f 1391/1906/1849 1967/1656/1619 2194/1068/1055
f 809/887/878 2290/886/877 2410/2749/2507
f 809/2956/878 2410/2955/2507 193/1392/1367
f 1238/2967/2544 881/1031/1018 1662/1136/924
f 318/455/455 1969/1097/1084 955/2768/2519
f 1762/1994/1927 1917/2452/2314 2413/2451/2313
f 177/246/246 1135/1885/1832 2411/247/247
f 99/793/784 1346/2090/2015 768/2091/2016
f 887/1214/1197 1443/1812/1769 1276/1215/1198
f 1621/2572/2399 1560/621/618 30/1631/1594
f 819/1446/1420 1289/159/159 2060/1429/1404
f 259/1765/1724 2149/1715/1676 1145/546/545
f 1301/1120/1107 355/2743/2503 1698/2049/1976
f 314/2015/79 837/2969/81 633/2459/2028
f 51/418/418 787/1704/1665 1330/1571/1535
f 2421/2285/2180 684/2906/1857 1624/932/922
f 2421/2285/2180 1377/2910/1858 684/2906/1857
f 1907/2096/2021 734/1414/1389 2080/2385/2266
f 268/1394/1369 2429/2912/864 2425/266/266
f 87/587/584 681/1766/1725 1635/2970/2435
f 1635/2627/2435 570/2629/2437 87/2971/584
f 1367/1211/1194 1109/2594/2415 1961/1212/1195
f 1991/197/197 2014/199/199 1327/1818/1775
f 1327/1818/1775 1841/1817/1774 1991/197/197
f 510/128/128 1789/1143/1129 1890/129/129
f 1432/949/938 870/2616/2427 2262/1707/1668
f 1624/932/922 2106/1037/1024 1262/933/923
f 2118/2808/2373 2433/2933/1537 1859/2972/2374
f 61/1572/1536 1859/2538/2374 2433/1573/1537
f 2225/2037/1964 304/1518/1486 454/1519/1487
f 1401/218/218 2225/2037/1964 454/1519/1487
f 620/562/560 631/1834/1790 1347/2539/2375
f 620/562/560 1347/2539/2375 94/563/561
f 867/680/673 1324/1970/1705 2434/1109/1096
f 2434/2895/1096 1324/1746/1705 265/2858/2555
f 2493/1859/1809 683/846/837 2222/541/540
f 2115/1712/1673 833/1714/1675 2436/251/251
f 2439/279/279 1667/278/278 785/950/939
f 486/1825/1781 933/2720/2492 2059/1824/1780
f 486/1825/1781 1759/1649/1612 933/2720/2492
f 250/1645/1608 2475/1644/1607 90/794/785
f 1972/1637/1600 2440/1636/1599 1286/2593/2414
f 801/2395/2275 1705/2396/2276 1062/776/768
f 1960/1263/1241 2266/457/457 1887/187/187
f 128/970/959 1394/969/958 2431/2343/2230
f 2223/1515/1483 1966/2005/1936 1008/1988/1924
f 2223/1515/1483 1184/1726/1686 1966/2005/1936
f 299/464/464 1884/1469/1441 1699/1470/1442
f 447/176/176 669/1089/1076 1566/1091/1078
f 1135/1885/1832 177/246/246 1062/776/768
f 960/2158/2075 1687/405/405 1849/107/107
f 727/802/793 172/801/792 101/100/100
f 2323/2243/2146 2442/2930/2569 686/2017/1947
f 1538/80/80 2444/2729/20 2108/397/397
f 1934/2018/1948 686/2017/1947 2442/2930/2569
f 1367/1211/1194 757/523/522 1109/2594/2415
f 2445/1900/1844 516/1547/1512 834/1529/1495
f 273/665/658 2447/1544/1509 603/1498/1469
f 273/665/658 1694/1884/619 2447/1544/1509
f 3/944/933 1344/2504/2352 996/217/217
f 1666/858/849 1517/881/872 1559/198/198
f 2449/1364/1340 2271/2547/2379 1924/1736/1695
f 909/2051/1978 2134/597/594 2147/1647/1610
f 909/2051/1978 402/2973/469 2134/597/594
f 1698/2049/1976 2150/144/144 398/504/503
f 705/1680/1643 2450/2530/2367 1400/963/952
f 837/81/81 1538/80/80 1000/2401/2281
f 2529/2853/2551 2456/2218/2129 770/2217/2128
f 2456/2218/2129 2529/2853/2551 1169/1291/1269
f 1375/1219/1202 169/2142/2062 2510/2855/2553
f 1375/1219/1202 323/1218/1201 169/2142/2062
f 765/2609/2422 2455/2116/2039 1221/2126/2048
f 2488/1659/1622 1613/1045/1032 677/1046/1033
f 1601/383/383 305/2266/2163 852/1893/1839
f 1024/1922/1863 2330/1921/1862 562/2534/2371
f 1466/2026/1954 2458/349/349 43/764/756
f 43/764/756 2458/349/349 1553/1406/1381
f 1238/2840/2544 122/1788/1745 2141/1787/1744
f 2459/2905/2493 1026/286/286 1618/2974/2493
f 1243/570/568 887/1214/1197 168/1213/1196
f 859/2326/2216 1832/2323/2213 2025/1935/1876
f 598/1783/1741 666/1782/1740 464/2237/1647
f 464/2237/1647 666/1782/1740 1032/2975/1834
f 448/2209/2121 2024/1942/1883 974/1941/1882
f 2461/440/440 1909/442/442 1207/1996/1929
f 2461/440/440 1207/1996/1929 1244/1140/1126
f 2467/2638/2443 420/839/830 916/2157/2074
f 2519/1380/1355 2467/2638/2443 916/2157/2074
f 933/2720/2492 2009/2901/2566 2059/1824/1780
f 2024/1942/1883 2118/2808/2373 2552/1/1
f 224/2057/1983 2024/1942/1883 2552/1/1
f 2465/2954/2387 607/1267/1245 2351/1266/1244
f 276/2733/2498 1441/34/34 2468/2187/2102
f 901/2510/2356 2493/1859/1809 274/64/64
f 1502/2580/2404 1745/194/194 2081/1299/1277
f 1209/2286/2181 879/2932/2570 14/1010/998
f 1956/1237/1220 1352/2789/2530 2489/1238/1221
f 389/1126/1113 1092/2601/2364 1245/2101/2026
f 662/1308/1286 1746/2460/2321 932/1863/1813
f 956/1471/1443 359/2062/1988 341/1367/1343
f 1349/98/98 2475/1644/1607 811/865/856
f 1349/98/98 2335/827/818 2475/1644/1607
f 1162/1054/1041 1981/1278/1256 1392/184/184
f 2021/2013/1944 617/2012/1943 1987/2706/2484
f 2350/1495/1467 798/2637/2218 2477/2803/2532
f 2477/2802/2532 798/2328/2218 989/256/256
f 2479/2797/317 945/805/796 601/1745/1704
f 2479/317/317 601/2427/1704 2305/315/315
f 1433/2494/2305 2480/2976/1922 665/1984/1921
f 2407/482/481 2122/915/905 1426/480/479
f 1149/1799/1756 1693/2611/2424 1702/287/287
f 866/2450/2312 240/1465/1437 1490/2882/2561
f 905/1883/116 301/2138/2058 2538/240/240
f 2422/1514/1482 458/2224/2134 1415/250/250
f 2486/1481/1453 2203/1743/1702 1725/1744/1703
f 13/1092/1079 517/1094/1081 2484/177/177
f 1438/1319/1297 1483/923/913 1985/518/517
f 1985/518/517 1483/923/913 55/586/583
f 1906/2002/1933 1360/2011/1942 657/1997/1930
f 1503/94/94 2486/1481/1453 1019/95/95
f 1271/86/86 835/1269/1247 1232/87/87
f 608/2596/2416 1424/2476/2332 2488/1659/1622
f 1862/118/118 1860/120/120 1423/826/817
f 835/1269/1247 1271/86/86 1299/1268/1246
f 178/2628/2436 2273/1144/1130 570/2629/2437
f 414/21/21 2492/2781/2527 1083/2780/2526
f 1615/2529/1837 1918/2528/2366 1921/2937/2560
f 666/1888/1740 2494/1786/1743 1955/811/802
f 2125/1180/1163 746/1179/1162 2160/689/682
f 1834/646/643 1772/738/731 286/1356/1332
f 218/90/90 2500/1533/1499 1437/88/88
f 1437/88/88 2500/1533/1499 2299/2320/2210
f 60/1159/1143 2501/2665/2463 841/1130/1117
f 60/1159/1143 1622/2977/2514 2501/2665/2463
f 996/217/217 2366/2707/2485 1401/218/218
f 1742/267/267 2302/237/237 2503/268/268
f 1303/2240/1592 1372/2242/2145 2036/697/690
f 432/842/833 726/2939/2385 553/2700/1696
f 1856/1492/1464 1726/424/424 1771/575/573
f 1382/1424/1399 2381/2047/1974 2483/389/389
f 1382/1424/1399 2402/2048/1975 2381/2047/1974
f 1957/1535/1501 115/1050/1037 2277/2487/2342
f 124/2866/2558 1183/1369/1345 1701/1368/1344
f 1552/2358/2243 2506/2006/1937 596/1248/1228
f 1098/1700/1661 2508/293/293 1632/1320/1298
f 1206/1777/1736 2511/2422/2295 217/2824/2541
f 2262/1707/1668 2439/279/279 785/950/939
f 1857/260/260 861/318/318 2101/2488/2343
f 1368/93/93 260/1720/1681 491/2288/2183
f 2186/2293/1803 1422/2978/2185 790/2623/2432
f 1896/1017/1005 1322/1015/1003 1506/1020/1007
f 2517/1019/343 1322/1015/1003 1896/1017/1005
f 1715/1657/1620 1590/613/610 1299/1268/1246
f 1269/1938/1879 725/2040/1967 93/2469/2328
f 253/2250/2152 862/760/752 1497/78/78
f 1267/296/296 2523/1284/1262 1606/1003/991
f 255/1685/1648 160/829/820 1258/1686/1649
f 2016/961/950 160/829/820 255/1685/1648
f 1300/1138/1124 184/1987/1923 1978/751/743
f 14/1010/998 879/2932/2570 2333/1011/999
f 1813/269/269 527/271/271 40/323/323
f 750/2041/1968 2325/695/688 2527/1699/1660
f 988/1240/1223 1606/1003/991 2523/1284/1262
f 1446/1285/1263 1190/2148/2067 992/2152/2069
f 2507/1592/1555 1675/1251/1231 234/2711/56
f 2110/168/168 1675/1251/1231 2507/1592/1555
f 21/2839/2543 1297/2492/2345 650/1073/1060
f 1239/1467/1439 2531/1466/1438 658/1450/1424
f 541/249/249 2533/1177/1160 2422/1514/1482
f 369/2420/2294 2535/483/482 1174/2419/1904
f 994/2032/1959 86/1664/1627 1923/1666/1629
f 1352/2789/2530 1050/2860/379 2537/2861/109
f 1881/573/571 1631/1497/1468 1530/1407/1382
f 2100/571/569 1881/573/571 1530/1407/1382
f 2539/2893/2564 2282/1157/1141 919/2314/2204
f 1074/685/678 1700/684/677 183/2573/2400
f 125/421/421 863/2393/2274 924/422/422
f 815/85/85 1852/700/693 1911/2484/2339
f 418/1832/1788 2541/2206/2118 201/2605/2419
f 886/479/478 2542/478/477 2290/886/877
f 1462/1503/1474 1577/1124/1111 2481/1069/1056
f 1217/528/527 201/2605/2419 703/2275/2171
f 2541/2206/2118 703/2275/2171 201/2605/2419
f 2544/2038/1965 321/2567/2396 2029/1206/1189
f 2545/390/390 416/1845/1798 294/391/391
f 2547/1273/1251 607/1267/1245 1865/2433/2292
f 2547/1273/1251 1333/1265/1243 607/1267/1245
f 224/2057/1983 2552/1/1 4/3/3
f 271/2979/2438 681/1766/1725 1788/2509/2355
f 1635/2970/2435 681/1766/1725 271/2979/2438
f 864/2443/2307 922/2386/2267 2553/1413/1388
f 1503/94/94 2554/803/794 2168/1586/1549
f 2554/803/794 749/2634/2440 2168/1586/1549
f 1309/36/36 2559/1730/1690 507/1044/1031
f 118/904/895 2556/2526/2359 1047/2968/1324
f 1462/1503/1474 864/2443/2307 1993/1123/1110
f 1998/2980/2288 2415/1034/1021 884/1844/1797
f 586/2435/1572 2415/1034/1021 1998/2980/2288
f 1541/2/2 2552/1/1 560/2381/2262
f 1366/2029/1957 129/1920/1861 1024/1922/1863
f 259/1765/1724 1145/546/545 823/511/510
f 1168/11/11 1383/1167/1151 512/214/214
f 496/2300/2191 2561/1298/1276 2361/2298/2189
f 784/261/261 2520/263/263 704/1957/1898
f 311/1758/1717 38/945/934 687/948/937
f 1686/1363/1339 2510/2855/2553 2071/2551/2383
f 1686/1363/1339 1375/1219/1202 2510/2855/2553
f 1773/753/745 2560/486/485 1688/838/829
f 2566/419/419 51/418/418 1330/1571/1535
f 1015/1480/1452 29/632/629 347/222/222
f 347/222/222 29/632/629 1056/634/631
f 2120/639/636 1585/1133/1120 2570/2687/2476
f 667/2658/2456 367/458/458 1321/104/104
f 893/2981/1026 880/1918/1859 1564/2622/2431
f 893/2981/1026 1564/2622/2431 230/2874/1027
f 2574/2512/2357 962/1072/1059 708/1772/1731
